ISO-10303-21;
HEADER;
/* Generated by software containing ST-Developer
 * from STEP Tools, Inc. (www.steptools.com) 
 */
/* OPTION: using custom renumber hook */

FILE_DESCRIPTION(
/* description */ ('STEP AP242 Edition 2',
'CAx-IF Rec.Pracs.---Representation and Presentation of Product Manufa
cturing Information (PMI)---4.0---2014-10-13',
'CAx-IF Rec.Pracs.---3D Tessellated Geometry---0.4---2014-09-14','2;1',
'CAx-IF Rec.Pracs.---User Defined Attributes---1.5---2016-08-15'),
/* implementation_level */ '2;1');

FILE_NAME(
/* name */ '69d7b676426e48b1a7c5d728',
/* time_stamp */ '2026-04-09T14:23:50Z',
/* author */ (''),
/* organization */ (''),
/* preprocessor_version */ 'ST-DEVELOPER v20',
/* originating_system */ 'ONSHAPE BY PTC INC, 1.213',
/* authorisation */ '  ');

FILE_SCHEMA (('AP242_MANAGED_MODEL_BASED_3D_ENGINEERING_MIM_LF { 1 0 10303 442 3 1 4 }'));
ENDSEC;

DATA;
#10=VERTEX_LOOP('',#2346);
#11=VERTEX_LOOP('',#2523);
#12=VERTEX_LOOP('',#2525);
#13=VERTEX_LOOP('',#2527);
#14=VERTEX_LOOP('',#2531);
#15=CONICAL_SURFACE('',#4757,0.001,1.22173047639603);
#16=CONICAL_SURFACE('',#4758,0.0012293670625,0.785398163397446);
#17=CONICAL_SURFACE('',#4899,0.00125,1.02974425867665);
#18=CONICAL_SURFACE('',#4902,0.00125,1.02974425867665);
#19=CONICAL_SURFACE('',#4905,0.00125,1.02974425867665);
#20=CONICAL_SURFACE('',#4912,0.00125,1.02974425867665);
#21=SPHERICAL_SURFACE('',#4746,0.00306372665694355);
#22=CONTEXT_DEPENDENT_SHAPE_REPRESENTATION(#50,#7807);
#23=CONTEXT_DEPENDENT_SHAPE_REPRESENTATION(#51,#7808);
#24=CONTEXT_DEPENDENT_SHAPE_REPRESENTATION(#52,#7809);
#25=CONTEXT_DEPENDENT_SHAPE_REPRESENTATION(#53,#7811);
#26=CONTEXT_DEPENDENT_SHAPE_REPRESENTATION(#54,#7812);
#27=CONTEXT_DEPENDENT_SHAPE_REPRESENTATION(#55,#7814);
#28=CONTEXT_DEPENDENT_SHAPE_REPRESENTATION(#56,#7815);
#29=CONTEXT_DEPENDENT_SHAPE_REPRESENTATION(#57,#7817);
#30=CONTEXT_DEPENDENT_SHAPE_REPRESENTATION(#58,#7819);
#31=CONTEXT_DEPENDENT_SHAPE_REPRESENTATION(#59,#7820);
#32=CONTEXT_DEPENDENT_SHAPE_REPRESENTATION(#60,#7822);
#33=CONTEXT_DEPENDENT_SHAPE_REPRESENTATION(#61,#7823);
#34=CONTEXT_DEPENDENT_SHAPE_REPRESENTATION(#62,#7824);
#35=CONTEXT_DEPENDENT_SHAPE_REPRESENTATION(#63,#7825);
#36=NEXT_ASSEMBLY_USAGE_OCCURRENCE('NAUO1','Cherry profile MX keycap',
'Cherry profile MX keycap',#7826,#7827,'');
#37=NEXT_ASSEMBLY_USAGE_OCCURRENCE('NAUO2','Cherry profile MX keycap',
'Cherry profile MX keycap',#7826,#7827,'');
#38=NEXT_ASSEMBLY_USAGE_OCCURRENCE('NAUO3','Cherry profile MX keycap',
'Cherry profile MX keycap',#7826,#7827,'');
#39=NEXT_ASSEMBLY_USAGE_OCCURRENCE('NAUO4','Part 2','Part 2',#7826,#7828,
'');
#40=NEXT_ASSEMBLY_USAGE_OCCURRENCE('NAUO5','Cherry profile MX keycap',
'Cherry profile MX keycap',#7826,#7827,'');
#41=NEXT_ASSEMBLY_USAGE_OCCURRENCE('NAUO6',
'Socket button head screw M3x0.5 x 16',
'Socket button head screw M3x0.5 x 16',#7826,#7829,'');
#42=NEXT_ASSEMBLY_USAGE_OCCURRENCE('NAUO7',
'Socket button head screw M3x0.5 x 16',
'Socket button head screw M3x0.5 x 16',#7826,#7829,'');
#43=NEXT_ASSEMBLY_USAGE_OCCURRENCE('NAUO8','Seeed Studio XIAO RP2040',
'Seeed Studio XIAO RP2040',#7826,#7830,'');
#44=NEXT_ASSEMBLY_USAGE_OCCURRENCE('NAUO9','Custom PCB','Custom PCB',#7826,
#7831,'');
#45=NEXT_ASSEMBLY_USAGE_OCCURRENCE('NAUO10','Cherry profile MX keycap',
'Cherry profile MX keycap',#7826,#7827,'');
#46=NEXT_ASSEMBLY_USAGE_OCCURRENCE('NAUO11','Part 1','Part 1',#7826,#7832,
'');
#47=NEXT_ASSEMBLY_USAGE_OCCURRENCE('NAUO12',
'Socket button head screw M3x0.5 x 16',
'Socket button head screw M3x0.5 x 16',#7826,#7829,'');
#48=NEXT_ASSEMBLY_USAGE_OCCURRENCE('NAUO13',
'Socket button head screw M3x0.5 x 16',
'Socket button head screw M3x0.5 x 16',#7826,#7829,'');
#49=NEXT_ASSEMBLY_USAGE_OCCURRENCE('NAUO14','Cherry profile MX keycap',
'Cherry profile MX keycap',#7826,#7827,'');
#50=(
REPRESENTATION_RELATIONSHIP(' ',' ',#4531,#4530)
REPRESENTATION_RELATIONSHIP_WITH_TRANSFORMATION(#64)
SHAPE_REPRESENTATION_RELATIONSHIP()
);
#51=(
REPRESENTATION_RELATIONSHIP(' ',' ',#4531,#4530)
REPRESENTATION_RELATIONSHIP_WITH_TRANSFORMATION(#65)
SHAPE_REPRESENTATION_RELATIONSHIP()
);
#52=(
REPRESENTATION_RELATIONSHIP(' ',' ',#4531,#4530)
REPRESENTATION_RELATIONSHIP_WITH_TRANSFORMATION(#66)
SHAPE_REPRESENTATION_RELATIONSHIP()
);
#53=(
REPRESENTATION_RELATIONSHIP(' ',' ',#4532,#4530)
REPRESENTATION_RELATIONSHIP_WITH_TRANSFORMATION(#67)
SHAPE_REPRESENTATION_RELATIONSHIP()
);
#54=(
REPRESENTATION_RELATIONSHIP(' ',' ',#4531,#4530)
REPRESENTATION_RELATIONSHIP_WITH_TRANSFORMATION(#68)
SHAPE_REPRESENTATION_RELATIONSHIP()
);
#55=(
REPRESENTATION_RELATIONSHIP(' ',' ',#4533,#4530)
REPRESENTATION_RELATIONSHIP_WITH_TRANSFORMATION(#69)
SHAPE_REPRESENTATION_RELATIONSHIP()
);
#56=(
REPRESENTATION_RELATIONSHIP(' ',' ',#4533,#4530)
REPRESENTATION_RELATIONSHIP_WITH_TRANSFORMATION(#70)
SHAPE_REPRESENTATION_RELATIONSHIP()
);
#57=(
REPRESENTATION_RELATIONSHIP(' ',' ',#4534,#4530)
REPRESENTATION_RELATIONSHIP_WITH_TRANSFORMATION(#71)
SHAPE_REPRESENTATION_RELATIONSHIP()
);
#58=(
REPRESENTATION_RELATIONSHIP(' ',' ',#4535,#4530)
REPRESENTATION_RELATIONSHIP_WITH_TRANSFORMATION(#72)
SHAPE_REPRESENTATION_RELATIONSHIP()
);
#59=(
REPRESENTATION_RELATIONSHIP(' ',' ',#4531,#4530)
REPRESENTATION_RELATIONSHIP_WITH_TRANSFORMATION(#73)
SHAPE_REPRESENTATION_RELATIONSHIP()
);
#60=(
REPRESENTATION_RELATIONSHIP(' ',' ',#4536,#4530)
REPRESENTATION_RELATIONSHIP_WITH_TRANSFORMATION(#74)
SHAPE_REPRESENTATION_RELATIONSHIP()
);
#61=(
REPRESENTATION_RELATIONSHIP(' ',' ',#4533,#4530)
REPRESENTATION_RELATIONSHIP_WITH_TRANSFORMATION(#75)
SHAPE_REPRESENTATION_RELATIONSHIP()
);
#62=(
REPRESENTATION_RELATIONSHIP(' ',' ',#4533,#4530)
REPRESENTATION_RELATIONSHIP_WITH_TRANSFORMATION(#76)
SHAPE_REPRESENTATION_RELATIONSHIP()
);
#63=(
REPRESENTATION_RELATIONSHIP(' ',' ',#4531,#4530)
REPRESENTATION_RELATIONSHIP_WITH_TRANSFORMATION(#77)
SHAPE_REPRESENTATION_RELATIONSHIP()
);
#64=ITEM_DEFINED_TRANSFORMATION(' ',' ',#4537,#4601);
#65=ITEM_DEFINED_TRANSFORMATION(' ',' ',#4537,#4602);
#66=ITEM_DEFINED_TRANSFORMATION(' ',' ',#4537,#4603);
#67=ITEM_DEFINED_TRANSFORMATION(' ',' ',#4537,#4725);
#68=ITEM_DEFINED_TRANSFORMATION(' ',' ',#4537,#4726);
#69=ITEM_DEFINED_TRANSFORMATION(' ',' ',#4537,#4759);
#70=ITEM_DEFINED_TRANSFORMATION(' ',' ',#4537,#4760);
#71=ITEM_DEFINED_TRANSFORMATION(' ',' ',#4537,#4819);
#72=ITEM_DEFINED_TRANSFORMATION(' ',' ',#4537,#4871);
#73=ITEM_DEFINED_TRANSFORMATION(' ',' ',#4537,#4872);
#74=ITEM_DEFINED_TRANSFORMATION(' ',' ',#4537,#4919);
#75=ITEM_DEFINED_TRANSFORMATION(' ',' ',#4537,#4920);
#76=ITEM_DEFINED_TRANSFORMATION(' ',' ',#4537,#4921);
#77=ITEM_DEFINED_TRANSFORMATION(' ',' ',#4537,#4922);
#78=SHAPE_REPRESENTATION_RELATIONSHIP('','',#4531,#84);
#79=SHAPE_REPRESENTATION_RELATIONSHIP('','',#4532,#85);
#80=SHAPE_REPRESENTATION_RELATIONSHIP('','',#4533,#86);
#81=SHAPE_REPRESENTATION_RELATIONSHIP('','',#4534,#87);
#82=SHAPE_REPRESENTATION_RELATIONSHIP('','',#4535,#88);
#83=SHAPE_REPRESENTATION_RELATIONSHIP('','',#4536,#89);
#84=ADVANCED_BREP_SHAPE_REPRESENTATION('',(#4517),#7789);
#85=ADVANCED_BREP_SHAPE_REPRESENTATION('',(#4518),#7790);
#86=ADVANCED_BREP_SHAPE_REPRESENTATION('',(#4519),#7791);
#87=ADVANCED_BREP_SHAPE_REPRESENTATION('',(#4520),#7792);
#88=ADVANCED_BREP_SHAPE_REPRESENTATION('',(#4521),#7793);
#89=ADVANCED_BREP_SHAPE_REPRESENTATION('',(#4522),#7794);
#90=ELLIPSE('',#4587,0.0407620502901901,0.0383525);
#91=TOROIDAL_SURFACE('',#4582,0.0372525,0.0004);
#92=TOROIDAL_SURFACE('',#4739,0.0016,0.0001);
#93=B_SPLINE_SURFACE_WITH_KNOTS('',3,3,((#6319,#6320,#6321,#6322),(#6323,
#6324,#6325,#6326),(#6327,#6328,#6329,#6330),(#6331,#6332,#6333,#6334)),
 .UNSPECIFIED.,.F.,.F.,.F.,(4,4),(4,4),(0.,0.121129168867071),(-0.00604735815650882,
1.),.UNSPECIFIED.);
#94=B_SPLINE_SURFACE_WITH_KNOTS('',3,3,((#6352,#6353,#6354,#6355,#6356,
#6357),(#6358,#6359,#6360,#6361,#6362,#6363),(#6364,#6365,#6366,#6367,#6368,
#6369),(#6370,#6371,#6372,#6373,#6374,#6375),(#6376,#6377,#6378,#6379,#6380,
#6381),(#6382,#6383,#6384,#6385,#6386,#6387)),.UNSPECIFIED.,.F.,.F.,.F.,
(4,2,4),(4,2,4),(-8.67361737988404E-19,0.00104572676020521,0.00209145352041043),
(-0.00608946142900063,0.4969552692855,1.),.UNSPECIFIED.);
#95=B_SPLINE_SURFACE_WITH_KNOTS('',3,3,((#6469,#6470,#6471,#6472,#6473,
#6474),(#6475,#6476,#6477,#6478,#6479,#6480),(#6481,#6482,#6483,#6484,#6485,
#6486),(#6487,#6488,#6489,#6490,#6491,#6492),(#6493,#6494,#6495,#6496,#6497,
#6498),(#6499,#6500,#6501,#6502,#6503,#6504)),.UNSPECIFIED.,.F.,.F.,.F.,
(4,2,4),(4,2,4),(5.42101086242752E-20,0.00109846301687268,0.00219692603374537),
(-0.00627059395314423,0.496864703023428,1.),.UNSPECIFIED.);
#96=B_SPLINE_SURFACE_WITH_KNOTS('',3,3,((#6738,#6739,#6740,#6741),(#6742,
#6743,#6744,#6745),(#6746,#6747,#6748,#6749),(#6750,#6751,#6752,#6753)),
 .UNSPECIFIED.,.F.,.F.,.F.,(4,4),(4,4),(6.16205613831252,6.28318530717959),
(-0.00604735816053937,1.),.UNSPECIFIED.);
#97=B_SPLINE_CURVE_WITH_KNOTS('',3,(#6306,#6307,#6308,#6309,#6310),
 .UNSPECIFIED.,.F.,.F.,(4,1,4),(0.,0.5,1.),.UNSPECIFIED.);
#98=B_SPLINE_CURVE_WITH_KNOTS('',3,(#6314,#6315,#6316,#6317,#6318),
 .UNSPECIFIED.,.F.,.F.,(4,1,4),(0.,0.5,1.),.UNSPECIFIED.);
#99=B_SPLINE_CURVE_WITH_KNOTS('',3,(#6342,#6343,#6344,#6345),
 .UNSPECIFIED.,.F.,.F.,(4,4),(0.,1.),.UNSPECIFIED.);
#100=B_SPLINE_CURVE_WITH_KNOTS('',3,(#6391,#6392,#6393,#6394,#6395,#6396,
#6397,#6398,#6399,#6400,#6401,#6402),.UNSPECIFIED.,.F.,.F.,(4,2,2,2,2,4),
(0.,0.000527244518887113,0.00079086677833067,0.00105448903777423,0.00158173355666134,
0.00210897807554846),.UNSPECIFIED.);
#101=B_SPLINE_CURVE_WITH_KNOTS('',3,(#6403,#6404,#6405,#6406,#6407),
 .UNSPECIFIED.,.F.,.F.,(4,1,4),(0.,0.5,1.),.UNSPECIFIED.);
#102=B_SPLINE_CURVE_WITH_KNOTS('',3,(#6447,#6448,#6449,#6450,#6451),
 .UNSPECIFIED.,.F.,.F.,(4,1,4),(0.,0.5,1.),.UNSPECIFIED.);
#103=B_SPLINE_CURVE_WITH_KNOTS('',3,(#6452,#6453,#6454,#6455,#6456),
 .UNSPECIFIED.,.F.,.F.,(4,1,4),(0.,0.5,1.),.UNSPECIFIED.);
#104=B_SPLINE_CURVE_WITH_KNOTS('',3,(#6505,#6506,#6507,#6508,#6509),
 .UNSPECIFIED.,.F.,.F.,(4,1,4),(0.,0.5,1.),.UNSPECIFIED.);
#105=B_SPLINE_CURVE_WITH_KNOTS('',3,(#6510,#6511,#6512,#6513,#6514,#6515,
#6516,#6517,#6518,#6519,#6520,#6521),.UNSPECIFIED.,.F.,.F.,(4,2,2,2,2,4),
(0.,0.000551238361474661,0.00110247672294932,0.00137809590368666,0.00165371508442399,
0.00220495344589866),.UNSPECIFIED.);
#106=B_SPLINE_CURVE_WITH_KNOTS('',3,(#6552,#6553,#6554,#6555),
 .UNSPECIFIED.,.F.,.F.,(4,4),(0.000645030697871806,0.0115039886639923),
 .UNSPECIFIED.);
#107=B_SPLINE_CURVE_WITH_KNOTS('',3,(#6557,#6558,#6559,#6560,#6561,#6562,
#6563),.UNSPECIFIED.,.F.,.F.,(4,3,4),(0.000125264164176635,0.0110435501538228,
0.0112355697526445),.UNSPECIFIED.);
#108=B_SPLINE_CURVE_WITH_KNOTS('',3,(#6565,#6566,#6567,#6568),
 .UNSPECIFIED.,.F.,.F.,(4,4),(1.65216410028467E-19,0.000597614387838499),
 .UNSPECIFIED.);
#109=B_SPLINE_CURVE_WITH_KNOTS('',3,(#6590,#6591,#6592,#6593),
 .UNSPECIFIED.,.F.,.F.,(4,4),(-0.00510733131772172,0.00508083109098463),
 .UNSPECIFIED.);
#110=B_SPLINE_CURVE_WITH_KNOTS('',3,(#6595,#6596,#6597,#6598),
 .UNSPECIFIED.,.F.,.F.,(4,4),(-0.00551365231042703,0.00457600063445196),
 .UNSPECIFIED.);
#111=B_SPLINE_CURVE_WITH_KNOTS('',3,(#6600,#6601,#6602,#6603),
 .UNSPECIFIED.,.F.,.F.,(4,4),(0.,0.000639259940024459),.UNSPECIFIED.);
#112=B_SPLINE_CURVE_WITH_KNOTS('',3,(#6634,#6635,#6636,#6637,#6638,#6639,
#6640),.UNSPECIFIED.,.F.,.F.,(4,3,4),(-0.00454598270608467,-0.004353963107263,
0.00656432288238319),.UNSPECIFIED.);
#113=B_SPLINE_CURVE_WITH_KNOTS('',3,(#6642,#6643,#6644,#6645),
 .UNSPECIFIED.,.F.,.F.,(4,4),(-0.00481440161743247,0.00604455634868802),
 .UNSPECIFIED.);
#114=B_SPLINE_CURVE_WITH_KNOTS('',3,(#6647,#6648,#6649,#6650),
 .UNSPECIFIED.,.F.,.F.,(4,4),(0.,0.000597583847268044),.UNSPECIFIED.);
#115=B_SPLINE_CURVE_WITH_KNOTS('',3,(#6672,#6673,#6674,#6675),
 .UNSPECIFIED.,.F.,.F.,(4,4),(-0.0100896529448793,3.46944695195361E-18),
 .UNSPECIFIED.);
#116=B_SPLINE_CURVE_WITH_KNOTS('',3,(#6677,#6678,#6679,#6680),
 .UNSPECIFIED.,.F.,.F.,(4,4),(-0.0105944834014116,-0.000406320992705357),
 .UNSPECIFIED.);
#117=B_SPLINE_CURVE_WITH_KNOTS('',3,(#6682,#6683,#6684,#6685),
 .UNSPECIFIED.,.F.,.F.,(4,4),(2.04474891088306E-20,0.000639249169532871),
 .UNSPECIFIED.);
#118=B_SPLINE_CURVE_WITH_KNOTS('',3,(#6695,#6696,#6697,#6698,#6699,#6700,
#6701,#6702,#6703,#6704,#6705),.UNSPECIFIED.,.T.,.F.,(1,1,1,1,1,1,1,1,1,
1,1,1,1,1,1),(-0.00703570404379996,-0.00469046936253331,-0.00234523468126665,
0.,0.00234523468126665,0.00469046936253331,0.00703570404379996,0.00938093872506661,
0.0117261734063333,0.0140714080875999,0.0164166427688666,0.0187618774501332,
0.0211071121313999,0.0234523468126665,0.0257975814939332),.UNSPECIFIED.);
#119=B_SPLINE_CURVE_WITH_KNOTS('',3,(#6724,#6725,#6726,#6727),
 .UNSPECIFIED.,.F.,.F.,(4,4),(0.,1.),.UNSPECIFIED.);
#120=(
BOUNDED_SURFACE()
B_SPLINE_SURFACE(3,2,((#6267,#6268,#6269),(#6270,#6271,#6272),(#6273,#6274,
#6275),(#6276,#6277,#6278),(#6279,#6280,#6281),(#6282,#6283,#6284),(#6285,
#6286,#6287),(#6288,#6289,#6290),(#6291,#6292,#6293),(#6294,#6295,#6296),
(#6297,#6298,#6299),(#6300,#6301,#6302)),.UNSPECIFIED.,.F.,.F.,.F.)
B_SPLINE_SURFACE_WITH_KNOTS((4,2,2,2,2,4),(3,3),(0.,0.000522756923573014,
0.000784135385359521,0.00104551384714603,0.00156827077071904,0.00209102769429205),
(0.,1.),.UNSPECIFIED.)
GEOMETRIC_REPRESENTATION_ITEM()
RATIONAL_B_SPLINE_SURFACE(((1.,0.817385347419845,1.),(1.,0.822736294652002,
1.),(1.,0.825200948252721,1.),(1.,0.824204768100363,1.),(1.,0.823112340709316,
1.),(1.,0.819458388092328,1.),(1.,0.816875309468562,1.),(1.,0.80735364442433,
1.),(1.,0.798392556944302,1.),(1.,0.778108364011629,1.),(1.,0.766224209621211,
1.),(1.,0.753520827716346,1.)))
REPRESENTATION_ITEM('')
SURFACE()
);
#121=(
BOUNDED_SURFACE()
B_SPLINE_SURFACE(3,2,((#6408,#6409,#6410),(#6411,#6412,#6413),(#6414,#6415,
#6416),(#6417,#6418,#6419),(#6420,#6421,#6422),(#6423,#6424,#6425),(#6426,
#6427,#6428),(#6429,#6430,#6431),(#6432,#6433,#6434),(#6435,#6436,#6437),
(#6438,#6439,#6440),(#6441,#6442,#6443)),.UNSPECIFIED.,.F.,.F.,.F.)
B_SPLINE_SURFACE_WITH_KNOTS((4,2,2,2,2,4),(3,3),(-1.35525271560688E-20,
0.000549239263393986,0.000823858895090979,0.00109847852678797,0.00164771779018195,
0.00219695705357595),(0.,1.),.UNSPECIFIED.)
GEOMETRIC_REPRESENTATION_ITEM()
RATIONAL_B_SPLINE_SURFACE(((1.,0.753520827716349,1.),(1.,0.754656389402124,
1.),(1.,0.754694992245335,1.),(1.,0.752815837822499,1.),(1.,0.751876926652138,
1.),(1.,0.749304805638208,1.),(1.,0.747656690688945,1.),(1.,0.741756084651624,
1.),(1.,0.736370789868997,1.),(1.,0.723326254688501,1.),(1.,0.715515660972443,
1.),(1.,0.707106781186547,1.)))
REPRESENTATION_ITEM('')
SURFACE()
);
#122=(
BOUNDED_SURFACE()
B_SPLINE_SURFACE(2,3,((#6522,#6523,#6524,#6525,#6526,#6527,#6528,#6529,
#6530,#6531),(#6532,#6533,#6534,#6535,#6536,#6537,#6538,#6539,#6540,#6541),
(#6542,#6543,#6544,#6545,#6546,#6547,#6548,#6549,#6550,#6551)),
 .UNSPECIFIED.,.F.,.F.,.F.)
B_SPLINE_SURFACE_WITH_KNOTS((3,3),(4,3,3,4),(0.,1.),(-2.623849420869E-6,
0.,0.0110435501538228,0.0113025967522592),.PIECEWISE_BEZIER_KNOTS.)
GEOMETRIC_REPRESENTATION_ITEM()
RATIONAL_B_SPLINE_SURFACE(((1.,1.,1.,1.,1.,1.,1.,1.,1.,1.),(0.740719354076944,
0.740719354076944,0.740719354076944,0.740719354076944,0.740719354076944,
0.740719354076944,0.740719354076944,0.740719354076944,0.740719354076944,
0.740719354076944),(1.,1.,1.,1.,1.,1.,1.,1.,1.,1.)))
REPRESENTATION_ITEM('')
SURFACE()
);
#123=(
BOUNDED_SURFACE()
B_SPLINE_SURFACE(2,3,((#6569,#6570,#6571,#6572,#6573,#6574,#6575),(#6576,
#6577,#6578,#6579,#6580,#6581,#6582),(#6583,#6584,#6585,#6586,#6587,#6588,
#6589)),.UNSPECIFIED.,.F.,.F.,.F.)
B_SPLINE_SURFACE_WITH_KNOTS((3,3),(4,3,4),(0.,1.),(-0.00516918128600062,
0.00520099672875085,0.0052628466970297),.PIECEWISE_BEZIER_KNOTS.)
GEOMETRIC_REPRESENTATION_ITEM()
RATIONAL_B_SPLINE_SURFACE(((1.,1.,1.,1.,1.,1.,1.),(0.707106781186548,0.707106781186548,
0.707106781186548,0.707106781186548,0.707106781186548,0.707106781186548,
0.707106781186548),(1.,1.,1.,1.,1.,1.,1.)))
REPRESENTATION_ITEM('')
SURFACE()
);
#124=(
BOUNDED_SURFACE()
B_SPLINE_SURFACE(2,3,((#6604,#6605,#6606,#6607,#6608,#6609,#6610,#6611,
#6612,#6613),(#6614,#6615,#6616,#6617,#6618,#6619,#6620,#6621,#6622,#6623),
(#6624,#6625,#6626,#6627,#6628,#6629,#6630,#6631,#6632,#6633)),
 .UNSPECIFIED.,.F.,.F.,.F.)
B_SPLINE_SURFACE_WITH_KNOTS((3,3),(4,3,3,4),(0.,1.),(-0.00492018165609431,
-0.00491689712489815,0.00612665302892467,0.00638570356780901),
 .PIECEWISE_BEZIER_KNOTS.)
GEOMETRIC_REPRESENTATION_ITEM()
RATIONAL_B_SPLINE_SURFACE(((1.,1.,1.,1.,1.,1.,1.,1.,1.,1.),(0.740719354076944,
0.740719354076944,0.740719354076944,0.740719354076944,0.740719354076944,
0.740719354076944,0.740719354076944,0.740719354076944,0.740719354076944,
0.740719354076944),(1.,1.,1.,1.,1.,1.,1.,1.,1.,1.)))
REPRESENTATION_ITEM('')
SURFACE()
);
#125=(
BOUNDED_SURFACE()
B_SPLINE_SURFACE(2,3,((#6651,#6652,#6653,#6654,#6655,#6656,#6657),(#6658,
#6659,#6660,#6661,#6662,#6663,#6664),(#6665,#6666,#6667,#6668,#6669,#6670,
#6671)),.UNSPECIFIED.,.F.,.F.,.F.)
B_SPLINE_SURFACE_WITH_KNOTS((3,3),(4,3,4),(0.,1.),(-0.0103701780147515,
9.96938245728473E-19,6.18499682788394E-5),.PIECEWISE_BEZIER_KNOTS.)
GEOMETRIC_REPRESENTATION_ITEM()
RATIONAL_B_SPLINE_SURFACE(((1.,1.,1.,1.,1.,1.,1.),(0.707106781186548,0.707106781186548,
0.707106781186548,0.707106781186548,0.707106781186548,0.707106781186548,
0.707106781186548),(1.,1.,1.,1.,1.,1.,1.)))
REPRESENTATION_ITEM('')
SURFACE()
);
#126=CIRCLE('',#4551,0.0383525);
#127=CIRCLE('',#4552,0.0383525);
#128=CIRCLE('',#4553,0.0383525);
#129=CIRCLE('',#4554,0.0383525);
#130=CIRCLE('',#4555,0.0383525);
#131=CIRCLE('',#4556,0.0383525);
#132=CIRCLE('',#4558,0.003);
#133=CIRCLE('',#4571,0.0004);
#134=CIRCLE('',#4572,0.0004);
#135=CIRCLE('',#4573,0.0004);
#136=CIRCLE('',#4574,0.035080095716965);
#137=CIRCLE('',#4575,0.0004);
#138=CIRCLE('',#4577,0.0004);
#139=CIRCLE('',#4578,0.0004);
#140=CIRCLE('',#4579,0.0004);
#141=CIRCLE('',#4581,0.0004);
#142=CIRCLE('',#4583,0.0004);
#143=CIRCLE('',#4584,0.0372525);
#144=CIRCLE('',#4585,0.0368525);
#145=CIRCLE('',#4588,0.0383525);
#146=CIRCLE('',#4597,0.0350800956567398);
#147=CIRCLE('',#4610,0.000500000000000007);
#148=CIRCLE('',#4611,0.000500000000000007);
#149=CIRCLE('',#4614,0.0005);
#150=CIRCLE('',#4615,0.0005);
#151=CIRCLE('',#4618,0.0005);
#152=CIRCLE('',#4619,0.0005);
#153=CIRCLE('',#4622,0.0005);
#154=CIRCLE('',#4623,0.0005);
#155=CIRCLE('',#4626,0.0005);
#156=CIRCLE('',#4627,0.0005);
#157=CIRCLE('',#4630,0.0005);
#158=CIRCLE('',#4631,0.0005);
#159=CIRCLE('',#4634,0.0005);
#160=CIRCLE('',#4635,0.0005);
#161=CIRCLE('',#4638,0.0005);
#162=CIRCLE('',#4639,0.0005);
#163=CIRCLE('',#4642,0.0005);
#164=CIRCLE('',#4643,0.0005);
#165=CIRCLE('',#4646,0.0005);
#166=CIRCLE('',#4647,0.0005);
#167=CIRCLE('',#4650,0.0005);
#168=CIRCLE('',#4651,0.0005);
#169=CIRCLE('',#4654,0.0005);
#170=CIRCLE('',#4655,0.0005);
#171=CIRCLE('',#4658,0.0005);
#172=CIRCLE('',#4659,0.0005);
#173=CIRCLE('',#4662,0.0005);
#174=CIRCLE('',#4663,0.0005);
#175=CIRCLE('',#4666,0.000499999999999994);
#176=CIRCLE('',#4667,0.000499999999999994);
#177=CIRCLE('',#4670,0.0005);
#178=CIRCLE('',#4671,0.0005);
#179=CIRCLE('',#4674,0.0005);
#180=CIRCLE('',#4675,0.0005);
#181=CIRCLE('',#4678,0.0005);
#182=CIRCLE('',#4679,0.0005);
#183=CIRCLE('',#4682,0.0005);
#184=CIRCLE('',#4683,0.0005);
#185=CIRCLE('',#4686,0.0005);
#186=CIRCLE('',#4687,0.0005);
#187=CIRCLE('',#4690,0.0005);
#188=CIRCLE('',#4691,0.0005);
#189=CIRCLE('',#4694,0.0005);
#190=CIRCLE('',#4695,0.0005);
#191=CIRCLE('',#4698,0.0005);
#192=CIRCLE('',#4699,0.0005);
#193=CIRCLE('',#4702,0.0005);
#194=CIRCLE('',#4703,0.0005);
#195=CIRCLE('',#4709,0.00125);
#196=CIRCLE('',#4710,0.00125);
#197=CIRCLE('',#4712,0.00125);
#198=CIRCLE('',#4713,0.00125);
#199=CIRCLE('',#4715,0.00125);
#200=CIRCLE('',#4716,0.00125);
#201=CIRCLE('',#4718,0.00125);
#202=CIRCLE('',#4719,0.003625);
#203=CIRCLE('',#4721,0.00125);
#204=CIRCLE('',#4723,0.003625);
#205=CIRCLE('',#4728,0.001);
#206=CIRCLE('',#4730,0.001);
#207=CIRCLE('',#4732,0.001);
#208=CIRCLE('',#4734,0.001);
#209=CIRCLE('',#4736,0.001);
#210=CIRCLE('',#4738,0.0013);
#211=CIRCLE('',#4740,0.0016);
#212=CIRCLE('',#4741,0.0015);
#213=CIRCLE('',#4743,0.0015);
#214=CIRCLE('',#4745,0.0012293670625);
#215=CIRCLE('',#4747,0.00285);
#216=CIRCLE('',#4756,0.001);
#217=CIRCLE('',#4762,0.002);
#218=CIRCLE('',#4763,0.002);
#219=CIRCLE('',#4764,0.002);
#220=CIRCLE('',#4765,0.002);
#221=CIRCLE('',#4768,0.002);
#222=CIRCLE('',#4771,0.002);
#223=CIRCLE('',#4774,0.002);
#224=CIRCLE('',#4777,0.002);
#225=CIRCLE('',#4786,0.0005);
#226=CIRCLE('',#4787,0.0005);
#227=CIRCLE('',#4788,0.0005);
#228=CIRCLE('',#4789,0.0005);
#229=CIRCLE('',#4792,0.0003);
#230=CIRCLE('',#4793,0.0003);
#231=CIRCLE('',#4794,0.0003);
#232=CIRCLE('',#4795,0.0003);
#233=CIRCLE('',#4796,0.0005);
#234=CIRCLE('',#4797,0.0005);
#235=CIRCLE('',#4798,0.0005);
#236=CIRCLE('',#4799,0.0005);
#237=CIRCLE('',#4808,0.0003);
#238=CIRCLE('',#4809,0.0003);
#239=CIRCLE('',#4810,0.0003);
#240=CIRCLE('',#4811,0.0003);
#241=CIRCLE('',#4821,0.001);
#242=CIRCLE('',#4828,0.001);
#243=CIRCLE('',#4876,0.001);
#244=CIRCLE('',#4877,0.001);
#245=CIRCLE('',#4879,0.001);
#246=CIRCLE('',#4880,0.001);
#247=CIRCLE('',#4883,0.001);
#248=CIRCLE('',#4884,0.001);
#249=CIRCLE('',#4887,0.001);
#250=CIRCLE('',#4888,0.001);
#251=CIRCLE('',#4895,0.00125);
#252=CIRCLE('',#4896,0.00125);
#253=CIRCLE('',#4897,0.00125);
#254=CIRCLE('',#4898,0.00125);
#255=CIRCLE('',#4900,0.00125);
#256=CIRCLE('',#4903,0.00125);
#257=CIRCLE('',#4906,0.00125);
#258=CIRCLE('',#4913,0.00125);
#259=CYLINDRICAL_SURFACE('',#4550,0.0383525);
#260=CYLINDRICAL_SURFACE('',#4576,0.0004);
#261=CYLINDRICAL_SURFACE('',#4580,0.0004);
#262=CYLINDRICAL_SURFACE('',#4586,0.0383525);
#263=CYLINDRICAL_SURFACE('',#4593,0.0368525);
#264=CYLINDRICAL_SURFACE('',#4600,0.003);
#265=CYLINDRICAL_SURFACE('',#4609,0.000500000000000007);
#266=CYLINDRICAL_SURFACE('',#4613,0.0005);
#267=CYLINDRICAL_SURFACE('',#4617,0.0005);
#268=CYLINDRICAL_SURFACE('',#4621,0.0005);
#269=CYLINDRICAL_SURFACE('',#4625,0.0005);
#270=CYLINDRICAL_SURFACE('',#4629,0.0005);
#271=CYLINDRICAL_SURFACE('',#4633,0.0005);
#272=CYLINDRICAL_SURFACE('',#4637,0.0005);
#273=CYLINDRICAL_SURFACE('',#4641,0.0005);
#274=CYLINDRICAL_SURFACE('',#4645,0.0005);
#275=CYLINDRICAL_SURFACE('',#4649,0.0005);
#276=CYLINDRICAL_SURFACE('',#4653,0.0005);
#277=CYLINDRICAL_SURFACE('',#4657,0.0005);
#278=CYLINDRICAL_SURFACE('',#4661,0.0005);
#279=CYLINDRICAL_SURFACE('',#4665,0.000499999999999994);
#280=CYLINDRICAL_SURFACE('',#4669,0.0005);
#281=CYLINDRICAL_SURFACE('',#4673,0.0005);
#282=CYLINDRICAL_SURFACE('',#4677,0.0005);
#283=CYLINDRICAL_SURFACE('',#4681,0.0005);
#284=CYLINDRICAL_SURFACE('',#4685,0.0005);
#285=CYLINDRICAL_SURFACE('',#4689,0.0005);
#286=CYLINDRICAL_SURFACE('',#4693,0.0005);
#287=CYLINDRICAL_SURFACE('',#4697,0.0005);
#288=CYLINDRICAL_SURFACE('',#4701,0.0005);
#289=CYLINDRICAL_SURFACE('',#4708,0.00125);
#290=CYLINDRICAL_SURFACE('',#4711,0.00125);
#291=CYLINDRICAL_SURFACE('',#4714,0.00125);
#292=CYLINDRICAL_SURFACE('',#4720,0.00125);
#293=CYLINDRICAL_SURFACE('',#4722,0.003625);
#294=CYLINDRICAL_SURFACE('',#4742,0.0015);
#295=CYLINDRICAL_SURFACE('',#4767,0.002);
#296=CYLINDRICAL_SURFACE('',#4770,0.002);
#297=CYLINDRICAL_SURFACE('',#4773,0.002);
#298=CYLINDRICAL_SURFACE('',#4776,0.002);
#299=CYLINDRICAL_SURFACE('',#4802,0.0005);
#300=CYLINDRICAL_SURFACE('',#4803,0.0005);
#301=CYLINDRICAL_SURFACE('',#4804,0.0005);
#302=CYLINDRICAL_SURFACE('',#4805,0.0005);
#303=CYLINDRICAL_SURFACE('',#4815,0.0003);
#304=CYLINDRICAL_SURFACE('',#4816,0.0003);
#305=CYLINDRICAL_SURFACE('',#4817,0.0003);
#306=CYLINDRICAL_SURFACE('',#4818,0.0003);
#307=CYLINDRICAL_SURFACE('',#4827,0.001);
#308=CYLINDRICAL_SURFACE('',#4875,0.001);
#309=CYLINDRICAL_SURFACE('',#4878,0.001);
#310=CYLINDRICAL_SURFACE('',#4882,0.001);
#311=CYLINDRICAL_SURFACE('',#4886,0.001);
#312=CYLINDRICAL_SURFACE('',#4901,0.00125);
#313=CYLINDRICAL_SURFACE('',#4904,0.00125);
#314=CYLINDRICAL_SURFACE('',#4907,0.00125);
#315=CYLINDRICAL_SURFACE('',#4914,0.00125);
#316=ORIENTED_EDGE('',*,*,#1524,.T.);
#317=ORIENTED_EDGE('',*,*,#1525,.F.);
#318=ORIENTED_EDGE('',*,*,#1526,.T.);
#319=ORIENTED_EDGE('',*,*,#1527,.F.);
#320=ORIENTED_EDGE('',*,*,#1528,.T.);
#321=ORIENTED_EDGE('',*,*,#1529,.F.);
#322=ORIENTED_EDGE('',*,*,#1526,.F.);
#323=ORIENTED_EDGE('',*,*,#1530,.F.);
#324=ORIENTED_EDGE('',*,*,#1531,.T.);
#325=ORIENTED_EDGE('',*,*,#1532,.F.);
#326=ORIENTED_EDGE('',*,*,#1524,.F.);
#327=ORIENTED_EDGE('',*,*,#1533,.F.);
#328=ORIENTED_EDGE('',*,*,#1534,.T.);
#329=ORIENTED_EDGE('',*,*,#1535,.F.);
#330=ORIENTED_EDGE('',*,*,#1528,.F.);
#331=ORIENTED_EDGE('',*,*,#1536,.F.);
#332=ORIENTED_EDGE('',*,*,#1537,.T.);
#333=ORIENTED_EDGE('',*,*,#1538,.F.);
#334=ORIENTED_EDGE('',*,*,#1531,.F.);
#335=ORIENTED_EDGE('',*,*,#1539,.F.);
#336=ORIENTED_EDGE('',*,*,#1540,.T.);
#337=ORIENTED_EDGE('',*,*,#1541,.F.);
#338=ORIENTED_EDGE('',*,*,#1534,.F.);
#339=ORIENTED_EDGE('',*,*,#1542,.F.);
#340=ORIENTED_EDGE('',*,*,#1543,.T.);
#341=ORIENTED_EDGE('',*,*,#1544,.F.);
#342=ORIENTED_EDGE('',*,*,#1537,.F.);
#343=ORIENTED_EDGE('',*,*,#1545,.F.);
#344=ORIENTED_EDGE('',*,*,#1546,.T.);
#345=ORIENTED_EDGE('',*,*,#1547,.F.);
#346=ORIENTED_EDGE('',*,*,#1540,.F.);
#347=ORIENTED_EDGE('',*,*,#1548,.F.);
#348=ORIENTED_EDGE('',*,*,#1549,.T.);
#349=ORIENTED_EDGE('',*,*,#1550,.F.);
#350=ORIENTED_EDGE('',*,*,#1543,.F.);
#351=ORIENTED_EDGE('',*,*,#1551,.F.);
#352=ORIENTED_EDGE('',*,*,#1552,.T.);
#353=ORIENTED_EDGE('',*,*,#1553,.F.);
#354=ORIENTED_EDGE('',*,*,#1546,.F.);
#355=ORIENTED_EDGE('',*,*,#1554,.F.);
#356=ORIENTED_EDGE('',*,*,#1555,.T.);
#357=ORIENTED_EDGE('',*,*,#1556,.F.);
#358=ORIENTED_EDGE('',*,*,#1549,.F.);
#359=ORIENTED_EDGE('',*,*,#1557,.F.);
#360=ORIENTED_EDGE('',*,*,#1552,.F.);
#361=ORIENTED_EDGE('',*,*,#1558,.F.);
#362=ORIENTED_EDGE('',*,*,#1555,.F.);
#363=ORIENTED_EDGE('',*,*,#1559,.F.);
#364=ORIENTED_EDGE('',*,*,#1560,.T.);
#365=ORIENTED_EDGE('',*,*,#1561,.T.);
#366=ORIENTED_EDGE('',*,*,#1562,.T.);
#367=ORIENTED_EDGE('',*,*,#1563,.F.);
#368=ORIENTED_EDGE('',*,*,#1564,.T.);
#369=ORIENTED_EDGE('',*,*,#1565,.F.);
#370=ORIENTED_EDGE('',*,*,#1566,.F.);
#371=ORIENTED_EDGE('',*,*,#1567,.F.);
#372=ORIENTED_EDGE('',*,*,#1568,.F.);
#373=ORIENTED_EDGE('',*,*,#1569,.T.);
#374=ORIENTED_EDGE('',*,*,#1570,.F.);
#375=ORIENTED_EDGE('',*,*,#1571,.T.);
#376=ORIENTED_EDGE('',*,*,#1572,.T.);
#377=ORIENTED_EDGE('',*,*,#1533,.T.);
#378=ORIENTED_EDGE('',*,*,#1527,.T.);
#379=ORIENTED_EDGE('',*,*,#1529,.T.);
#380=ORIENTED_EDGE('',*,*,#1535,.T.);
#381=ORIENTED_EDGE('',*,*,#1541,.T.);
#382=ORIENTED_EDGE('',*,*,#1547,.T.);
#383=ORIENTED_EDGE('',*,*,#1553,.T.);
#384=ORIENTED_EDGE('',*,*,#1559,.T.);
#385=ORIENTED_EDGE('',*,*,#1557,.T.);
#386=ORIENTED_EDGE('',*,*,#1551,.T.);
#387=ORIENTED_EDGE('',*,*,#1545,.T.);
#388=ORIENTED_EDGE('',*,*,#1539,.T.);
#389=ORIENTED_EDGE('',*,*,#1573,.T.);
#390=ORIENTED_EDGE('',*,*,#1525,.T.);
#391=ORIENTED_EDGE('',*,*,#1574,.F.);
#392=ORIENTED_EDGE('',*,*,#1571,.F.);
#393=ORIENTED_EDGE('',*,*,#1575,.T.);
#394=ORIENTED_EDGE('',*,*,#1530,.T.);
#395=ORIENTED_EDGE('',*,*,#1573,.F.);
#396=ORIENTED_EDGE('',*,*,#1570,.T.);
#397=ORIENTED_EDGE('',*,*,#1576,.T.);
#398=ORIENTED_EDGE('',*,*,#1536,.T.);
#399=ORIENTED_EDGE('',*,*,#1575,.F.);
#400=ORIENTED_EDGE('',*,*,#1569,.F.);
#401=ORIENTED_EDGE('',*,*,#1577,.T.);
#402=ORIENTED_EDGE('',*,*,#1542,.T.);
#403=ORIENTED_EDGE('',*,*,#1576,.F.);
#404=ORIENTED_EDGE('',*,*,#1568,.T.);
#405=ORIENTED_EDGE('',*,*,#1578,.T.);
#406=ORIENTED_EDGE('',*,*,#1548,.T.);
#407=ORIENTED_EDGE('',*,*,#1577,.F.);
#408=ORIENTED_EDGE('',*,*,#1567,.T.);
#409=ORIENTED_EDGE('',*,*,#1579,.T.);
#410=ORIENTED_EDGE('',*,*,#1554,.T.);
#411=ORIENTED_EDGE('',*,*,#1578,.F.);
#412=ORIENTED_EDGE('',*,*,#1566,.T.);
#413=ORIENTED_EDGE('',*,*,#1580,.T.);
#414=ORIENTED_EDGE('',*,*,#1558,.T.);
#415=ORIENTED_EDGE('',*,*,#1579,.F.);
#416=ORIENTED_EDGE('',*,*,#1565,.T.);
#417=ORIENTED_EDGE('',*,*,#1581,.T.);
#418=ORIENTED_EDGE('',*,*,#1556,.T.);
#419=ORIENTED_EDGE('',*,*,#1580,.F.);
#420=ORIENTED_EDGE('',*,*,#1564,.F.);
#421=ORIENTED_EDGE('',*,*,#1582,.T.);
#422=ORIENTED_EDGE('',*,*,#1550,.T.);
#423=ORIENTED_EDGE('',*,*,#1581,.F.);
#424=ORIENTED_EDGE('',*,*,#1563,.T.);
#425=ORIENTED_EDGE('',*,*,#1583,.T.);
#426=ORIENTED_EDGE('',*,*,#1544,.T.);
#427=ORIENTED_EDGE('',*,*,#1582,.F.);
#428=ORIENTED_EDGE('',*,*,#1562,.F.);
#429=ORIENTED_EDGE('',*,*,#1584,.T.);
#430=ORIENTED_EDGE('',*,*,#1538,.T.);
#431=ORIENTED_EDGE('',*,*,#1583,.F.);
#432=ORIENTED_EDGE('',*,*,#1561,.F.);
#433=ORIENTED_EDGE('',*,*,#1574,.T.);
#434=ORIENTED_EDGE('',*,*,#1532,.T.);
#435=ORIENTED_EDGE('',*,*,#1584,.F.);
#436=ORIENTED_EDGE('',*,*,#1560,.F.);
#437=ORIENTED_EDGE('',*,*,#1585,.T.);
#438=ORIENTED_EDGE('',*,*,#1586,.F.);
#439=ORIENTED_EDGE('',*,*,#1587,.T.);
#440=ORIENTED_EDGE('',*,*,#1588,.F.);
#441=ORIENTED_EDGE('',*,*,#1589,.F.);
#442=ORIENTED_EDGE('',*,*,#1590,.F.);
#443=ORIENTED_EDGE('',*,*,#1591,.T.);
#444=ORIENTED_EDGE('',*,*,#1592,.F.);
#445=ORIENTED_EDGE('',*,*,#1593,.T.);
#446=ORIENTED_EDGE('',*,*,#1594,.F.);
#447=ORIENTED_EDGE('',*,*,#1585,.F.);
#448=ORIENTED_EDGE('',*,*,#1595,.F.);
#449=ORIENTED_EDGE('',*,*,#1596,.T.);
#450=ORIENTED_EDGE('',*,*,#1597,.F.);
#451=ORIENTED_EDGE('',*,*,#1591,.F.);
#452=ORIENTED_EDGE('',*,*,#1598,.F.);
#453=ORIENTED_EDGE('',*,*,#1599,.T.);
#454=ORIENTED_EDGE('',*,*,#1600,.F.);
#455=ORIENTED_EDGE('',*,*,#1593,.F.);
#456=ORIENTED_EDGE('',*,*,#1601,.F.);
#457=ORIENTED_EDGE('',*,*,#1602,.T.);
#458=ORIENTED_EDGE('',*,*,#1603,.F.);
#459=ORIENTED_EDGE('',*,*,#1596,.F.);
#460=ORIENTED_EDGE('',*,*,#1604,.F.);
#461=ORIENTED_EDGE('',*,*,#1605,.T.);
#462=ORIENTED_EDGE('',*,*,#1606,.F.);
#463=ORIENTED_EDGE('',*,*,#1599,.F.);
#464=ORIENTED_EDGE('',*,*,#1607,.F.);
#465=ORIENTED_EDGE('',*,*,#1602,.F.);
#466=ORIENTED_EDGE('',*,*,#1608,.F.);
#467=ORIENTED_EDGE('',*,*,#1605,.F.);
#468=ORIENTED_EDGE('',*,*,#1609,.F.);
#469=ORIENTED_EDGE('',*,*,#1610,.F.);
#470=ORIENTED_EDGE('',*,*,#1586,.T.);
#471=ORIENTED_EDGE('',*,*,#1611,.F.);
#472=ORIENTED_EDGE('',*,*,#1612,.F.);
#473=ORIENTED_EDGE('',*,*,#1613,.F.);
#474=ORIENTED_EDGE('',*,*,#1608,.T.);
#475=ORIENTED_EDGE('',*,*,#1614,.F.);
#476=ORIENTED_EDGE('',*,*,#1615,.F.);
#477=ORIENTED_EDGE('',*,*,#1616,.F.);
#478=ORIENTED_EDGE('',*,*,#1598,.T.);
#479=ORIENTED_EDGE('',*,*,#1617,.F.);
#480=ORIENTED_EDGE('',*,*,#1618,.F.);
#481=ORIENTED_EDGE('',*,*,#1619,.F.);
#482=ORIENTED_EDGE('',*,*,#1600,.T.);
#483=ORIENTED_EDGE('',*,*,#1620,.F.);
#484=ORIENTED_EDGE('',*,*,#1621,.F.);
#485=ORIENTED_EDGE('',*,*,#1622,.F.);
#486=ORIENTED_EDGE('',*,*,#1623,.T.);
#487=ORIENTED_EDGE('',*,*,#1624,.T.);
#488=ORIENTED_EDGE('',*,*,#1625,.F.);
#489=ORIENTED_EDGE('',*,*,#1626,.F.);
#490=ORIENTED_EDGE('',*,*,#1627,.F.);
#491=ORIENTED_EDGE('',*,*,#1628,.F.);
#492=ORIENTED_EDGE('',*,*,#1629,.F.);
#493=ORIENTED_EDGE('',*,*,#1623,.F.);
#494=ORIENTED_EDGE('',*,*,#1630,.F.);
#495=ORIENTED_EDGE('',*,*,#1631,.T.);
#496=ORIENTED_EDGE('',*,*,#1625,.T.);
#497=ORIENTED_EDGE('',*,*,#1632,.T.);
#498=ORIENTED_EDGE('',*,*,#1622,.T.);
#499=ORIENTED_EDGE('',*,*,#1631,.F.);
#500=ORIENTED_EDGE('',*,*,#1633,.F.);
#501=ORIENTED_EDGE('',*,*,#1627,.T.);
#502=ORIENTED_EDGE('',*,*,#1629,.T.);
#503=ORIENTED_EDGE('',*,*,#1634,.F.);
#504=ORIENTED_EDGE('',*,*,#1632,.F.);
#505=ORIENTED_EDGE('',*,*,#1624,.F.);
#506=ORIENTED_EDGE('',*,*,#1595,.T.);
#507=ORIENTED_EDGE('',*,*,#1588,.T.);
#508=ORIENTED_EDGE('',*,*,#1635,.T.);
#509=ORIENTED_EDGE('',*,*,#1592,.T.);
#510=ORIENTED_EDGE('',*,*,#1597,.T.);
#511=ORIENTED_EDGE('',*,*,#1603,.T.);
#512=ORIENTED_EDGE('',*,*,#1609,.T.);
#513=ORIENTED_EDGE('',*,*,#1607,.T.);
#514=ORIENTED_EDGE('',*,*,#1601,.T.);
#515=ORIENTED_EDGE('',*,*,#1611,.T.);
#516=ORIENTED_EDGE('',*,*,#1594,.T.);
#517=ORIENTED_EDGE('',*,*,#1619,.T.);
#518=ORIENTED_EDGE('',*,*,#1636,.T.);
#519=ORIENTED_EDGE('',*,*,#1614,.T.);
#520=ORIENTED_EDGE('',*,*,#1604,.T.);
#521=ORIENTED_EDGE('',*,*,#1616,.T.);
#522=ORIENTED_EDGE('',*,*,#1637,.T.);
#523=ORIENTED_EDGE('',*,*,#1617,.T.);
#524=ORIENTED_EDGE('',*,*,#1590,.T.);
#525=ORIENTED_EDGE('',*,*,#1638,.T.);
#526=ORIENTED_EDGE('',*,*,#1610,.T.);
#527=ORIENTED_EDGE('',*,*,#1639,.T.);
#528=ORIENTED_EDGE('',*,*,#1620,.T.);
#529=ORIENTED_EDGE('',*,*,#1606,.T.);
#530=ORIENTED_EDGE('',*,*,#1613,.T.);
#531=ORIENTED_EDGE('',*,*,#1640,.T.);
#532=ORIENTED_EDGE('',*,*,#1634,.T.);
#533=ORIENTED_EDGE('',*,*,#1628,.T.);
#534=ORIENTED_EDGE('',*,*,#1633,.T.);
#535=ORIENTED_EDGE('',*,*,#1630,.T.);
#536=ORIENTED_EDGE('',*,*,#1636,.F.);
#537=ORIENTED_EDGE('',*,*,#1621,.T.);
#538=ORIENTED_EDGE('',*,*,#1640,.F.);
#539=ORIENTED_EDGE('',*,*,#1615,.T.);
#540=ORIENTED_EDGE('',*,*,#1637,.F.);
#541=ORIENTED_EDGE('',*,*,#1618,.T.);
#542=ORIENTED_EDGE('',*,*,#1639,.F.);
#543=ORIENTED_EDGE('',*,*,#1612,.T.);
#544=ORIENTED_EDGE('',*,*,#1638,.F.);
#545=ORIENTED_EDGE('',*,*,#1589,.T.);
#546=ORIENTED_EDGE('',*,*,#1635,.F.);
#547=ORIENTED_EDGE('',*,*,#1587,.F.);
#548=ORIENTED_EDGE('',*,*,#1572,.F.);
#549=ORIENTED_EDGE('',*,*,#1626,.T.);
#550=ORIENTED_EDGE('',*,*,#1641,.F.);
#551=ORIENTED_EDGE('',*,*,#1642,.F.);
#552=ORIENTED_EDGE('',*,*,#1643,.T.);
#553=ORIENTED_EDGE('',*,*,#1644,.T.);
#554=ORIENTED_EDGE('',*,*,#1645,.T.);
#555=ORIENTED_EDGE('',*,*,#1644,.F.);
#556=ORIENTED_EDGE('',*,*,#1646,.F.);
#557=ORIENTED_EDGE('',*,*,#1647,.T.);
#558=ORIENTED_EDGE('',*,*,#1648,.T.);
#559=ORIENTED_EDGE('',*,*,#1647,.F.);
#560=ORIENTED_EDGE('',*,*,#1649,.F.);
#561=ORIENTED_EDGE('',*,*,#1650,.T.);
#562=ORIENTED_EDGE('',*,*,#1651,.F.);
#563=ORIENTED_EDGE('',*,*,#1650,.F.);
#564=ORIENTED_EDGE('',*,*,#1652,.T.);
#565=ORIENTED_EDGE('',*,*,#1642,.T.);
#566=ORIENTED_EDGE('',*,*,#1653,.F.);
#567=ORIENTED_EDGE('',*,*,#1654,.F.);
#568=ORIENTED_EDGE('',*,*,#1655,.T.);
#569=ORIENTED_EDGE('',*,*,#1656,.T.);
#570=ORIENTED_EDGE('',*,*,#1657,.T.);
#571=ORIENTED_EDGE('',*,*,#1656,.F.);
#572=ORIENTED_EDGE('',*,*,#1658,.F.);
#573=ORIENTED_EDGE('',*,*,#1659,.T.);
#574=ORIENTED_EDGE('',*,*,#1660,.F.);
#575=ORIENTED_EDGE('',*,*,#1659,.F.);
#576=ORIENTED_EDGE('',*,*,#1661,.T.);
#577=ORIENTED_EDGE('',*,*,#1662,.T.);
#578=ORIENTED_EDGE('',*,*,#1663,.T.);
#579=ORIENTED_EDGE('',*,*,#1662,.F.);
#580=ORIENTED_EDGE('',*,*,#1664,.F.);
#581=ORIENTED_EDGE('',*,*,#1665,.T.);
#582=ORIENTED_EDGE('',*,*,#1666,.T.);
#583=ORIENTED_EDGE('',*,*,#1665,.F.);
#584=ORIENTED_EDGE('',*,*,#1667,.F.);
#585=ORIENTED_EDGE('',*,*,#1668,.T.);
#586=ORIENTED_EDGE('',*,*,#1669,.T.);
#587=ORIENTED_EDGE('',*,*,#1668,.F.);
#588=ORIENTED_EDGE('',*,*,#1670,.F.);
#589=ORIENTED_EDGE('',*,*,#1671,.T.);
#590=ORIENTED_EDGE('',*,*,#1672,.T.);
#591=ORIENTED_EDGE('',*,*,#1671,.F.);
#592=ORIENTED_EDGE('',*,*,#1673,.F.);
#593=ORIENTED_EDGE('',*,*,#1674,.T.);
#594=ORIENTED_EDGE('',*,*,#1675,.T.);
#595=ORIENTED_EDGE('',*,*,#1674,.F.);
#596=ORIENTED_EDGE('',*,*,#1676,.F.);
#597=ORIENTED_EDGE('',*,*,#1654,.T.);
#598=ORIENTED_EDGE('',*,*,#1677,.F.);
#599=ORIENTED_EDGE('',*,*,#1678,.F.);
#600=ORIENTED_EDGE('',*,*,#1679,.T.);
#601=ORIENTED_EDGE('',*,*,#1680,.T.);
#602=ORIENTED_EDGE('',*,*,#1681,.T.);
#603=ORIENTED_EDGE('',*,*,#1680,.F.);
#604=ORIENTED_EDGE('',*,*,#1682,.F.);
#605=ORIENTED_EDGE('',*,*,#1683,.T.);
#606=ORIENTED_EDGE('',*,*,#1684,.F.);
#607=ORIENTED_EDGE('',*,*,#1683,.F.);
#608=ORIENTED_EDGE('',*,*,#1685,.T.);
#609=ORIENTED_EDGE('',*,*,#1686,.T.);
#610=ORIENTED_EDGE('',*,*,#1687,.T.);
#611=ORIENTED_EDGE('',*,*,#1686,.F.);
#612=ORIENTED_EDGE('',*,*,#1688,.F.);
#613=ORIENTED_EDGE('',*,*,#1689,.T.);
#614=ORIENTED_EDGE('',*,*,#1690,.T.);
#615=ORIENTED_EDGE('',*,*,#1689,.F.);
#616=ORIENTED_EDGE('',*,*,#1691,.F.);
#617=ORIENTED_EDGE('',*,*,#1692,.T.);
#618=ORIENTED_EDGE('',*,*,#1693,.T.);
#619=ORIENTED_EDGE('',*,*,#1692,.F.);
#620=ORIENTED_EDGE('',*,*,#1694,.F.);
#621=ORIENTED_EDGE('',*,*,#1695,.T.);
#622=ORIENTED_EDGE('',*,*,#1696,.T.);
#623=ORIENTED_EDGE('',*,*,#1695,.F.);
#624=ORIENTED_EDGE('',*,*,#1697,.F.);
#625=ORIENTED_EDGE('',*,*,#1698,.T.);
#626=ORIENTED_EDGE('',*,*,#1699,.T.);
#627=ORIENTED_EDGE('',*,*,#1698,.F.);
#628=ORIENTED_EDGE('',*,*,#1700,.F.);
#629=ORIENTED_EDGE('',*,*,#1678,.T.);
#630=ORIENTED_EDGE('',*,*,#1701,.F.);
#631=ORIENTED_EDGE('',*,*,#1702,.F.);
#632=ORIENTED_EDGE('',*,*,#1703,.T.);
#633=ORIENTED_EDGE('',*,*,#1704,.T.);
#634=ORIENTED_EDGE('',*,*,#1705,.T.);
#635=ORIENTED_EDGE('',*,*,#1704,.F.);
#636=ORIENTED_EDGE('',*,*,#1706,.F.);
#637=ORIENTED_EDGE('',*,*,#1707,.T.);
#638=ORIENTED_EDGE('',*,*,#1708,.F.);
#639=ORIENTED_EDGE('',*,*,#1707,.F.);
#640=ORIENTED_EDGE('',*,*,#1709,.T.);
#641=ORIENTED_EDGE('',*,*,#1710,.T.);
#642=ORIENTED_EDGE('',*,*,#1711,.T.);
#643=ORIENTED_EDGE('',*,*,#1710,.F.);
#644=ORIENTED_EDGE('',*,*,#1712,.F.);
#645=ORIENTED_EDGE('',*,*,#1713,.T.);
#646=ORIENTED_EDGE('',*,*,#1714,.T.);
#647=ORIENTED_EDGE('',*,*,#1713,.F.);
#648=ORIENTED_EDGE('',*,*,#1715,.F.);
#649=ORIENTED_EDGE('',*,*,#1716,.T.);
#650=ORIENTED_EDGE('',*,*,#1717,.T.);
#651=ORIENTED_EDGE('',*,*,#1716,.F.);
#652=ORIENTED_EDGE('',*,*,#1718,.F.);
#653=ORIENTED_EDGE('',*,*,#1719,.T.);
#654=ORIENTED_EDGE('',*,*,#1720,.T.);
#655=ORIENTED_EDGE('',*,*,#1719,.F.);
#656=ORIENTED_EDGE('',*,*,#1721,.F.);
#657=ORIENTED_EDGE('',*,*,#1722,.T.);
#658=ORIENTED_EDGE('',*,*,#1723,.T.);
#659=ORIENTED_EDGE('',*,*,#1722,.F.);
#660=ORIENTED_EDGE('',*,*,#1724,.F.);
#661=ORIENTED_EDGE('',*,*,#1702,.T.);
#662=ORIENTED_EDGE('',*,*,#1725,.F.);
#663=ORIENTED_EDGE('',*,*,#1726,.F.);
#664=ORIENTED_EDGE('',*,*,#1727,.T.);
#665=ORIENTED_EDGE('',*,*,#1728,.T.);
#666=ORIENTED_EDGE('',*,*,#1729,.T.);
#667=ORIENTED_EDGE('',*,*,#1728,.F.);
#668=ORIENTED_EDGE('',*,*,#1730,.F.);
#669=ORIENTED_EDGE('',*,*,#1731,.T.);
#670=ORIENTED_EDGE('',*,*,#1732,.T.);
#671=ORIENTED_EDGE('',*,*,#1731,.F.);
#672=ORIENTED_EDGE('',*,*,#1733,.F.);
#673=ORIENTED_EDGE('',*,*,#1734,.T.);
#674=ORIENTED_EDGE('',*,*,#1735,.T.);
#675=ORIENTED_EDGE('',*,*,#1734,.F.);
#676=ORIENTED_EDGE('',*,*,#1736,.F.);
#677=ORIENTED_EDGE('',*,*,#1737,.T.);
#678=ORIENTED_EDGE('',*,*,#1738,.T.);
#679=ORIENTED_EDGE('',*,*,#1737,.F.);
#680=ORIENTED_EDGE('',*,*,#1739,.F.);
#681=ORIENTED_EDGE('',*,*,#1740,.T.);
#682=ORIENTED_EDGE('',*,*,#1741,.T.);
#683=ORIENTED_EDGE('',*,*,#1740,.F.);
#684=ORIENTED_EDGE('',*,*,#1742,.F.);
#685=ORIENTED_EDGE('',*,*,#1743,.T.);
#686=ORIENTED_EDGE('',*,*,#1744,.F.);
#687=ORIENTED_EDGE('',*,*,#1743,.F.);
#688=ORIENTED_EDGE('',*,*,#1745,.T.);
#689=ORIENTED_EDGE('',*,*,#1746,.T.);
#690=ORIENTED_EDGE('',*,*,#1747,.T.);
#691=ORIENTED_EDGE('',*,*,#1746,.F.);
#692=ORIENTED_EDGE('',*,*,#1748,.F.);
#693=ORIENTED_EDGE('',*,*,#1726,.T.);
#694=ORIENTED_EDGE('',*,*,#1749,.F.);
#695=ORIENTED_EDGE('',*,*,#1750,.F.);
#696=ORIENTED_EDGE('',*,*,#1751,.T.);
#697=ORIENTED_EDGE('',*,*,#1752,.T.);
#698=ORIENTED_EDGE('',*,*,#1753,.T.);
#699=ORIENTED_EDGE('',*,*,#1752,.F.);
#700=ORIENTED_EDGE('',*,*,#1754,.F.);
#701=ORIENTED_EDGE('',*,*,#1755,.T.);
#702=ORIENTED_EDGE('',*,*,#1756,.T.);
#703=ORIENTED_EDGE('',*,*,#1755,.F.);
#704=ORIENTED_EDGE('',*,*,#1757,.F.);
#705=ORIENTED_EDGE('',*,*,#1758,.T.);
#706=ORIENTED_EDGE('',*,*,#1759,.T.);
#707=ORIENTED_EDGE('',*,*,#1758,.F.);
#708=ORIENTED_EDGE('',*,*,#1760,.F.);
#709=ORIENTED_EDGE('',*,*,#1761,.T.);
#710=ORIENTED_EDGE('',*,*,#1762,.T.);
#711=ORIENTED_EDGE('',*,*,#1761,.F.);
#712=ORIENTED_EDGE('',*,*,#1763,.F.);
#713=ORIENTED_EDGE('',*,*,#1764,.T.);
#714=ORIENTED_EDGE('',*,*,#1765,.T.);
#715=ORIENTED_EDGE('',*,*,#1764,.F.);
#716=ORIENTED_EDGE('',*,*,#1766,.F.);
#717=ORIENTED_EDGE('',*,*,#1767,.T.);
#718=ORIENTED_EDGE('',*,*,#1768,.F.);
#719=ORIENTED_EDGE('',*,*,#1767,.F.);
#720=ORIENTED_EDGE('',*,*,#1769,.T.);
#721=ORIENTED_EDGE('',*,*,#1770,.T.);
#722=ORIENTED_EDGE('',*,*,#1771,.T.);
#723=ORIENTED_EDGE('',*,*,#1770,.F.);
#724=ORIENTED_EDGE('',*,*,#1772,.F.);
#725=ORIENTED_EDGE('',*,*,#1750,.T.);
#726=ORIENTED_EDGE('',*,*,#1773,.F.);
#727=ORIENTED_EDGE('',*,*,#1774,.F.);
#728=ORIENTED_EDGE('',*,*,#1775,.T.);
#729=ORIENTED_EDGE('',*,*,#1776,.T.);
#730=ORIENTED_EDGE('',*,*,#1777,.T.);
#731=ORIENTED_EDGE('',*,*,#1776,.F.);
#732=ORIENTED_EDGE('',*,*,#1778,.F.);
#733=ORIENTED_EDGE('',*,*,#1779,.T.);
#734=ORIENTED_EDGE('',*,*,#1780,.T.);
#735=ORIENTED_EDGE('',*,*,#1779,.F.);
#736=ORIENTED_EDGE('',*,*,#1781,.F.);
#737=ORIENTED_EDGE('',*,*,#1782,.T.);
#738=ORIENTED_EDGE('',*,*,#1783,.T.);
#739=ORIENTED_EDGE('',*,*,#1782,.F.);
#740=ORIENTED_EDGE('',*,*,#1784,.F.);
#741=ORIENTED_EDGE('',*,*,#1785,.T.);
#742=ORIENTED_EDGE('',*,*,#1786,.T.);
#743=ORIENTED_EDGE('',*,*,#1785,.F.);
#744=ORIENTED_EDGE('',*,*,#1787,.F.);
#745=ORIENTED_EDGE('',*,*,#1788,.T.);
#746=ORIENTED_EDGE('',*,*,#1789,.T.);
#747=ORIENTED_EDGE('',*,*,#1788,.F.);
#748=ORIENTED_EDGE('',*,*,#1790,.F.);
#749=ORIENTED_EDGE('',*,*,#1791,.T.);
#750=ORIENTED_EDGE('',*,*,#1792,.F.);
#751=ORIENTED_EDGE('',*,*,#1791,.F.);
#752=ORIENTED_EDGE('',*,*,#1793,.T.);
#753=ORIENTED_EDGE('',*,*,#1794,.T.);
#754=ORIENTED_EDGE('',*,*,#1795,.T.);
#755=ORIENTED_EDGE('',*,*,#1794,.F.);
#756=ORIENTED_EDGE('',*,*,#1796,.F.);
#757=ORIENTED_EDGE('',*,*,#1774,.T.);
#758=ORIENTED_EDGE('',*,*,#1797,.F.);
#759=ORIENTED_EDGE('',*,*,#1798,.F.);
#760=ORIENTED_EDGE('',*,*,#1799,.T.);
#761=ORIENTED_EDGE('',*,*,#1800,.T.);
#762=ORIENTED_EDGE('',*,*,#1801,.T.);
#763=ORIENTED_EDGE('',*,*,#1802,.T.);
#764=ORIENTED_EDGE('',*,*,#1800,.F.);
#765=ORIENTED_EDGE('',*,*,#1803,.F.);
#766=ORIENTED_EDGE('',*,*,#1804,.T.);
#767=ORIENTED_EDGE('',*,*,#1805,.T.);
#768=ORIENTED_EDGE('',*,*,#1801,.F.);
#769=ORIENTED_EDGE('',*,*,#1806,.F.);
#770=ORIENTED_EDGE('',*,*,#1807,.F.);
#771=ORIENTED_EDGE('',*,*,#1804,.F.);
#772=ORIENTED_EDGE('',*,*,#1808,.T.);
#773=ORIENTED_EDGE('',*,*,#1798,.T.);
#774=ORIENTED_EDGE('',*,*,#1809,.F.);
#775=ORIENTED_EDGE('',*,*,#1810,.F.);
#776=ORIENTED_EDGE('',*,*,#1811,.F.);
#777=ORIENTED_EDGE('',*,*,#1812,.F.);
#778=ORIENTED_EDGE('',*,*,#1813,.F.);
#779=ORIENTED_EDGE('',*,*,#1814,.F.);
#780=ORIENTED_EDGE('',*,*,#1815,.T.);
#781=ORIENTED_EDGE('',*,*,#1814,.T.);
#782=ORIENTED_EDGE('',*,*,#1812,.T.);
#783=ORIENTED_EDGE('',*,*,#1810,.T.);
#784=ORIENTED_EDGE('',*,*,#1816,.F.);
#785=ORIENTED_EDGE('',*,*,#1808,.F.);
#786=ORIENTED_EDGE('',*,*,#1806,.T.);
#787=ORIENTED_EDGE('',*,*,#1803,.T.);
#788=ORIENTED_EDGE('',*,*,#1799,.F.);
#789=ORIENTED_EDGE('',*,*,#1747,.F.);
#790=ORIENTED_EDGE('',*,*,#1725,.T.);
#791=ORIENTED_EDGE('',*,*,#1729,.F.);
#792=ORIENTED_EDGE('',*,*,#1732,.F.);
#793=ORIENTED_EDGE('',*,*,#1735,.F.);
#794=ORIENTED_EDGE('',*,*,#1738,.F.);
#795=ORIENTED_EDGE('',*,*,#1741,.F.);
#796=ORIENTED_EDGE('',*,*,#1744,.T.);
#797=ORIENTED_EDGE('',*,*,#1771,.F.);
#798=ORIENTED_EDGE('',*,*,#1749,.T.);
#799=ORIENTED_EDGE('',*,*,#1753,.F.);
#800=ORIENTED_EDGE('',*,*,#1756,.F.);
#801=ORIENTED_EDGE('',*,*,#1759,.F.);
#802=ORIENTED_EDGE('',*,*,#1762,.F.);
#803=ORIENTED_EDGE('',*,*,#1765,.F.);
#804=ORIENTED_EDGE('',*,*,#1768,.T.);
#805=ORIENTED_EDGE('',*,*,#1795,.F.);
#806=ORIENTED_EDGE('',*,*,#1773,.T.);
#807=ORIENTED_EDGE('',*,*,#1777,.F.);
#808=ORIENTED_EDGE('',*,*,#1780,.F.);
#809=ORIENTED_EDGE('',*,*,#1783,.F.);
#810=ORIENTED_EDGE('',*,*,#1786,.F.);
#811=ORIENTED_EDGE('',*,*,#1789,.F.);
#812=ORIENTED_EDGE('',*,*,#1792,.T.);
#813=ORIENTED_EDGE('',*,*,#1675,.F.);
#814=ORIENTED_EDGE('',*,*,#1653,.T.);
#815=ORIENTED_EDGE('',*,*,#1657,.F.);
#816=ORIENTED_EDGE('',*,*,#1660,.T.);
#817=ORIENTED_EDGE('',*,*,#1663,.F.);
#818=ORIENTED_EDGE('',*,*,#1666,.F.);
#819=ORIENTED_EDGE('',*,*,#1669,.F.);
#820=ORIENTED_EDGE('',*,*,#1672,.F.);
#821=ORIENTED_EDGE('',*,*,#1699,.F.);
#822=ORIENTED_EDGE('',*,*,#1677,.T.);
#823=ORIENTED_EDGE('',*,*,#1681,.F.);
#824=ORIENTED_EDGE('',*,*,#1684,.T.);
#825=ORIENTED_EDGE('',*,*,#1687,.F.);
#826=ORIENTED_EDGE('',*,*,#1690,.F.);
#827=ORIENTED_EDGE('',*,*,#1693,.F.);
#828=ORIENTED_EDGE('',*,*,#1696,.F.);
#829=ORIENTED_EDGE('',*,*,#1723,.F.);
#830=ORIENTED_EDGE('',*,*,#1701,.T.);
#831=ORIENTED_EDGE('',*,*,#1705,.F.);
#832=ORIENTED_EDGE('',*,*,#1708,.T.);
#833=ORIENTED_EDGE('',*,*,#1711,.F.);
#834=ORIENTED_EDGE('',*,*,#1714,.F.);
#835=ORIENTED_EDGE('',*,*,#1717,.F.);
#836=ORIENTED_EDGE('',*,*,#1720,.F.);
#837=ORIENTED_EDGE('',*,*,#1648,.F.);
#838=ORIENTED_EDGE('',*,*,#1651,.T.);
#839=ORIENTED_EDGE('',*,*,#1641,.T.);
#840=ORIENTED_EDGE('',*,*,#1645,.F.);
#841=ORIENTED_EDGE('',*,*,#1817,.F.);
#842=ORIENTED_EDGE('',*,*,#1815,.F.);
#843=ORIENTED_EDGE('',*,*,#1818,.F.);
#844=ORIENTED_EDGE('',*,*,#1816,.T.);
#845=ORIENTED_EDGE('',*,*,#1818,.T.);
#846=ORIENTED_EDGE('',*,*,#1796,.T.);
#847=ORIENTED_EDGE('',*,*,#1793,.F.);
#848=ORIENTED_EDGE('',*,*,#1790,.T.);
#849=ORIENTED_EDGE('',*,*,#1787,.T.);
#850=ORIENTED_EDGE('',*,*,#1784,.T.);
#851=ORIENTED_EDGE('',*,*,#1781,.T.);
#852=ORIENTED_EDGE('',*,*,#1778,.T.);
#853=ORIENTED_EDGE('',*,*,#1775,.F.);
#854=ORIENTED_EDGE('',*,*,#1772,.T.);
#855=ORIENTED_EDGE('',*,*,#1769,.F.);
#856=ORIENTED_EDGE('',*,*,#1766,.T.);
#857=ORIENTED_EDGE('',*,*,#1763,.T.);
#858=ORIENTED_EDGE('',*,*,#1760,.T.);
#859=ORIENTED_EDGE('',*,*,#1757,.T.);
#860=ORIENTED_EDGE('',*,*,#1754,.T.);
#861=ORIENTED_EDGE('',*,*,#1751,.F.);
#862=ORIENTED_EDGE('',*,*,#1748,.T.);
#863=ORIENTED_EDGE('',*,*,#1745,.F.);
#864=ORIENTED_EDGE('',*,*,#1742,.T.);
#865=ORIENTED_EDGE('',*,*,#1739,.T.);
#866=ORIENTED_EDGE('',*,*,#1736,.T.);
#867=ORIENTED_EDGE('',*,*,#1733,.T.);
#868=ORIENTED_EDGE('',*,*,#1730,.T.);
#869=ORIENTED_EDGE('',*,*,#1727,.F.);
#870=ORIENTED_EDGE('',*,*,#1724,.T.);
#871=ORIENTED_EDGE('',*,*,#1721,.T.);
#872=ORIENTED_EDGE('',*,*,#1718,.T.);
#873=ORIENTED_EDGE('',*,*,#1715,.T.);
#874=ORIENTED_EDGE('',*,*,#1712,.T.);
#875=ORIENTED_EDGE('',*,*,#1709,.F.);
#876=ORIENTED_EDGE('',*,*,#1706,.T.);
#877=ORIENTED_EDGE('',*,*,#1703,.F.);
#878=ORIENTED_EDGE('',*,*,#1700,.T.);
#879=ORIENTED_EDGE('',*,*,#1697,.T.);
#880=ORIENTED_EDGE('',*,*,#1694,.T.);
#881=ORIENTED_EDGE('',*,*,#1691,.T.);
#882=ORIENTED_EDGE('',*,*,#1688,.T.);
#883=ORIENTED_EDGE('',*,*,#1685,.F.);
#884=ORIENTED_EDGE('',*,*,#1682,.T.);
#885=ORIENTED_EDGE('',*,*,#1679,.F.);
#886=ORIENTED_EDGE('',*,*,#1676,.T.);
#887=ORIENTED_EDGE('',*,*,#1673,.T.);
#888=ORIENTED_EDGE('',*,*,#1670,.T.);
#889=ORIENTED_EDGE('',*,*,#1667,.T.);
#890=ORIENTED_EDGE('',*,*,#1664,.T.);
#891=ORIENTED_EDGE('',*,*,#1661,.F.);
#892=ORIENTED_EDGE('',*,*,#1658,.T.);
#893=ORIENTED_EDGE('',*,*,#1655,.F.);
#894=ORIENTED_EDGE('',*,*,#1652,.F.);
#895=ORIENTED_EDGE('',*,*,#1649,.T.);
#896=ORIENTED_EDGE('',*,*,#1646,.T.);
#897=ORIENTED_EDGE('',*,*,#1643,.F.);
#898=ORIENTED_EDGE('',*,*,#1807,.T.);
#899=ORIENTED_EDGE('',*,*,#1797,.T.);
#900=ORIENTED_EDGE('',*,*,#1802,.F.);
#901=ORIENTED_EDGE('',*,*,#1805,.F.);
#902=ORIENTED_EDGE('',*,*,#1809,.T.);
#903=ORIENTED_EDGE('',*,*,#1811,.T.);
#904=ORIENTED_EDGE('',*,*,#1813,.T.);
#905=ORIENTED_EDGE('',*,*,#1817,.T.);
#906=ORIENTED_EDGE('',*,*,#1819,.F.);
#907=ORIENTED_EDGE('',*,*,#1820,.F.);
#908=ORIENTED_EDGE('',*,*,#1821,.F.);
#909=ORIENTED_EDGE('',*,*,#1822,.F.);
#910=ORIENTED_EDGE('',*,*,#1823,.F.);
#911=ORIENTED_EDGE('',*,*,#1824,.F.);
#912=ORIENTED_EDGE('',*,*,#1825,.F.);
#913=ORIENTED_EDGE('',*,*,#1826,.F.);
#914=ORIENTED_EDGE('',*,*,#1827,.F.);
#915=ORIENTED_EDGE('',*,*,#1828,.F.);
#916=ORIENTED_EDGE('',*,*,#1829,.F.);
#917=ORIENTED_EDGE('',*,*,#1830,.F.);
#918=ORIENTED_EDGE('',*,*,#1831,.F.);
#919=ORIENTED_EDGE('',*,*,#1832,.F.);
#920=ORIENTED_EDGE('',*,*,#1833,.F.);
#921=ORIENTED_EDGE('',*,*,#1834,.F.);
#922=ORIENTED_EDGE('',*,*,#1835,.T.);
#923=ORIENTED_EDGE('',*,*,#1836,.T.);
#924=ORIENTED_EDGE('',*,*,#1837,.T.);
#925=ORIENTED_EDGE('',*,*,#1838,.T.);
#926=ORIENTED_EDGE('',*,*,#1839,.T.);
#927=ORIENTED_EDGE('',*,*,#1840,.T.);
#928=ORIENTED_EDGE('',*,*,#1841,.T.);
#929=ORIENTED_EDGE('',*,*,#1842,.F.);
#930=ORIENTED_EDGE('',*,*,#1843,.T.);
#931=ORIENTED_EDGE('',*,*,#1842,.T.);
#932=ORIENTED_EDGE('',*,*,#1844,.T.);
#933=ORIENTED_EDGE('',*,*,#1845,.F.);
#934=ORIENTED_EDGE('',*,*,#1834,.T.);
#935=ORIENTED_EDGE('',*,*,#1845,.T.);
#936=ORIENTED_EDGE('',*,*,#1841,.F.);
#937=ORIENTED_EDGE('',*,*,#1835,.F.);
#938=ORIENTED_EDGE('',*,*,#1846,.F.);
#939=ORIENTED_EDGE('',*,*,#1823,.T.);
#940=ORIENTED_EDGE('',*,*,#1821,.T.);
#941=ORIENTED_EDGE('',*,*,#1847,.T.);
#942=ORIENTED_EDGE('',*,*,#1840,.F.);
#943=ORIENTED_EDGE('',*,*,#1848,.F.);
#944=ORIENTED_EDGE('',*,*,#1826,.T.);
#945=ORIENTED_EDGE('',*,*,#1824,.T.);
#946=ORIENTED_EDGE('',*,*,#1846,.T.);
#947=ORIENTED_EDGE('',*,*,#1839,.F.);
#948=ORIENTED_EDGE('',*,*,#1849,.F.);
#949=ORIENTED_EDGE('',*,*,#1829,.T.);
#950=ORIENTED_EDGE('',*,*,#1827,.T.);
#951=ORIENTED_EDGE('',*,*,#1848,.T.);
#952=ORIENTED_EDGE('',*,*,#1838,.F.);
#953=ORIENTED_EDGE('',*,*,#1850,.F.);
#954=ORIENTED_EDGE('',*,*,#1832,.T.);
#955=ORIENTED_EDGE('',*,*,#1830,.T.);
#956=ORIENTED_EDGE('',*,*,#1849,.T.);
#957=ORIENTED_EDGE('',*,*,#1837,.F.);
#958=ORIENTED_EDGE('',*,*,#1851,.F.);
#959=ORIENTED_EDGE('',*,*,#1852,.T.);
#960=ORIENTED_EDGE('',*,*,#1833,.T.);
#961=ORIENTED_EDGE('',*,*,#1850,.T.);
#962=ORIENTED_EDGE('',*,*,#1836,.F.);
#963=ORIENTED_EDGE('',*,*,#1847,.F.);
#964=ORIENTED_EDGE('',*,*,#1820,.T.);
#965=ORIENTED_EDGE('',*,*,#1853,.T.);
#966=ORIENTED_EDGE('',*,*,#1851,.T.);
#967=ORIENTED_EDGE('',*,*,#1854,.F.);
#968=ORIENTED_EDGE('',*,*,#1852,.F.);
#969=ORIENTED_EDGE('',*,*,#1853,.F.);
#970=ORIENTED_EDGE('',*,*,#1819,.T.);
#971=ORIENTED_EDGE('',*,*,#1822,.T.);
#972=ORIENTED_EDGE('',*,*,#1825,.T.);
#973=ORIENTED_EDGE('',*,*,#1828,.T.);
#974=ORIENTED_EDGE('',*,*,#1831,.T.);
#975=ORIENTED_EDGE('',*,*,#1854,.T.);
#976=ORIENTED_EDGE('',*,*,#1843,.F.);
#977=ORIENTED_EDGE('',*,*,#1844,.F.);
#978=ORIENTED_EDGE('',*,*,#1855,.F.);
#979=ORIENTED_EDGE('',*,*,#1856,.T.);
#980=ORIENTED_EDGE('',*,*,#1857,.T.);
#981=ORIENTED_EDGE('',*,*,#1858,.F.);
#982=ORIENTED_EDGE('',*,*,#1859,.F.);
#983=ORIENTED_EDGE('',*,*,#1860,.T.);
#984=ORIENTED_EDGE('',*,*,#1861,.T.);
#985=ORIENTED_EDGE('',*,*,#1862,.T.);
#986=ORIENTED_EDGE('',*,*,#1863,.F.);
#987=ORIENTED_EDGE('',*,*,#1864,.T.);
#988=ORIENTED_EDGE('',*,*,#1865,.F.);
#989=ORIENTED_EDGE('',*,*,#1866,.T.);
#990=ORIENTED_EDGE('',*,*,#1867,.T.);
#991=ORIENTED_EDGE('',*,*,#1868,.T.);
#992=ORIENTED_EDGE('',*,*,#1869,.T.);
#993=ORIENTED_EDGE('',*,*,#1870,.T.);
#994=ORIENTED_EDGE('',*,*,#1871,.T.);
#995=ORIENTED_EDGE('',*,*,#1872,.F.);
#996=ORIENTED_EDGE('',*,*,#1867,.F.);
#997=ORIENTED_EDGE('',*,*,#1873,.T.);
#998=ORIENTED_EDGE('',*,*,#1874,.T.);
#999=ORIENTED_EDGE('',*,*,#1875,.F.);
#1000=ORIENTED_EDGE('',*,*,#1868,.F.);
#1001=ORIENTED_EDGE('',*,*,#1872,.T.);
#1002=ORIENTED_EDGE('',*,*,#1876,.T.);
#1003=ORIENTED_EDGE('',*,*,#1877,.F.);
#1004=ORIENTED_EDGE('',*,*,#1869,.F.);
#1005=ORIENTED_EDGE('',*,*,#1875,.T.);
#1006=ORIENTED_EDGE('',*,*,#1878,.T.);
#1007=ORIENTED_EDGE('',*,*,#1879,.F.);
#1008=ORIENTED_EDGE('',*,*,#1870,.F.);
#1009=ORIENTED_EDGE('',*,*,#1877,.T.);
#1010=ORIENTED_EDGE('',*,*,#1880,.F.);
#1011=ORIENTED_EDGE('',*,*,#1881,.F.);
#1012=ORIENTED_EDGE('',*,*,#1863,.T.);
#1013=ORIENTED_EDGE('',*,*,#1882,.T.);
#1014=ORIENTED_EDGE('',*,*,#1859,.T.);
#1015=ORIENTED_EDGE('',*,*,#1879,.T.);
#1016=ORIENTED_EDGE('',*,*,#1883,.T.);
#1017=ORIENTED_EDGE('',*,*,#1884,.F.);
#1018=ORIENTED_EDGE('',*,*,#1864,.F.);
#1019=ORIENTED_EDGE('',*,*,#1881,.T.);
#1020=ORIENTED_EDGE('',*,*,#1885,.F.);
#1021=ORIENTED_EDGE('',*,*,#1886,.F.);
#1022=ORIENTED_EDGE('',*,*,#1865,.T.);
#1023=ORIENTED_EDGE('',*,*,#1884,.T.);
#1024=ORIENTED_EDGE('',*,*,#1887,.T.);
#1025=ORIENTED_EDGE('',*,*,#1873,.F.);
#1026=ORIENTED_EDGE('',*,*,#1866,.F.);
#1027=ORIENTED_EDGE('',*,*,#1886,.T.);
#1028=ORIENTED_EDGE('',*,*,#1871,.F.);
#1029=ORIENTED_EDGE('',*,*,#1887,.F.);
#1030=ORIENTED_EDGE('',*,*,#1885,.T.);
#1031=ORIENTED_EDGE('',*,*,#1883,.F.);
#1032=ORIENTED_EDGE('',*,*,#1880,.T.);
#1033=ORIENTED_EDGE('',*,*,#1878,.F.);
#1034=ORIENTED_EDGE('',*,*,#1876,.F.);
#1035=ORIENTED_EDGE('',*,*,#1874,.F.);
#1036=ORIENTED_EDGE('',*,*,#1856,.F.);
#1037=ORIENTED_EDGE('',*,*,#1888,.F.);
#1038=ORIENTED_EDGE('',*,*,#1889,.T.);
#1039=ORIENTED_EDGE('',*,*,#1890,.T.);
#1040=ORIENTED_EDGE('',*,*,#1855,.T.);
#1041=ORIENTED_EDGE('',*,*,#1891,.F.);
#1042=ORIENTED_EDGE('',*,*,#1892,.F.);
#1043=ORIENTED_EDGE('',*,*,#1888,.T.);
#1044=ORIENTED_EDGE('',*,*,#1858,.T.);
#1045=ORIENTED_EDGE('',*,*,#1893,.F.);
#1046=ORIENTED_EDGE('',*,*,#1894,.F.);
#1047=ORIENTED_EDGE('',*,*,#1891,.T.);
#1048=ORIENTED_EDGE('',*,*,#1857,.F.);
#1049=ORIENTED_EDGE('',*,*,#1890,.F.);
#1050=ORIENTED_EDGE('',*,*,#1895,.T.);
#1051=ORIENTED_EDGE('',*,*,#1893,.T.);
#1052=ORIENTED_EDGE('',*,*,#1889,.F.);
#1053=ORIENTED_EDGE('',*,*,#1892,.T.);
#1054=ORIENTED_EDGE('',*,*,#1894,.T.);
#1055=ORIENTED_EDGE('',*,*,#1895,.F.);
#1056=ORIENTED_EDGE('',*,*,#1896,.T.);
#1057=ORIENTED_EDGE('',*,*,#1897,.T.);
#1058=ORIENTED_EDGE('',*,*,#1898,.F.);
#1059=ORIENTED_EDGE('',*,*,#1899,.T.);
#1060=ORIENTED_EDGE('',*,*,#1861,.F.);
#1061=ORIENTED_EDGE('',*,*,#1900,.T.);
#1062=ORIENTED_EDGE('',*,*,#1901,.F.);
#1063=ORIENTED_EDGE('',*,*,#1902,.T.);
#1064=ORIENTED_EDGE('',*,*,#1903,.T.);
#1065=ORIENTED_EDGE('',*,*,#1904,.T.);
#1066=ORIENTED_EDGE('',*,*,#1898,.T.);
#1067=ORIENTED_EDGE('',*,*,#1905,.T.);
#1068=ORIENTED_EDGE('',*,*,#1901,.T.);
#1069=ORIENTED_EDGE('',*,*,#1906,.T.);
#1070=ORIENTED_EDGE('',*,*,#1907,.F.);
#1071=ORIENTED_EDGE('',*,*,#1908,.T.);
#1072=ORIENTED_EDGE('',*,*,#1909,.F.);
#1073=ORIENTED_EDGE('',*,*,#1910,.F.);
#1074=ORIENTED_EDGE('',*,*,#1911,.F.);
#1075=ORIENTED_EDGE('',*,*,#1912,.F.);
#1076=ORIENTED_EDGE('',*,*,#1913,.T.);
#1077=ORIENTED_EDGE('',*,*,#1914,.F.);
#1078=ORIENTED_EDGE('',*,*,#1915,.T.);
#1079=ORIENTED_EDGE('',*,*,#1916,.F.);
#1080=ORIENTED_EDGE('',*,*,#1907,.T.);
#1081=ORIENTED_EDGE('',*,*,#1917,.T.);
#1082=ORIENTED_EDGE('',*,*,#1918,.F.);
#1083=ORIENTED_EDGE('',*,*,#1919,.T.);
#1084=ORIENTED_EDGE('',*,*,#1896,.F.);
#1085=ORIENTED_EDGE('',*,*,#1920,.T.);
#1086=ORIENTED_EDGE('',*,*,#1921,.T.);
#1087=ORIENTED_EDGE('',*,*,#1922,.T.);
#1088=ORIENTED_EDGE('',*,*,#1921,.F.);
#1089=ORIENTED_EDGE('',*,*,#1923,.T.);
#1090=ORIENTED_EDGE('',*,*,#1903,.F.);
#1091=ORIENTED_EDGE('',*,*,#1924,.T.);
#1092=ORIENTED_EDGE('',*,*,#1882,.F.);
#1093=ORIENTED_EDGE('',*,*,#1925,.T.);
#1094=ORIENTED_EDGE('',*,*,#1918,.T.);
#1095=ORIENTED_EDGE('',*,*,#1926,.T.);
#1096=ORIENTED_EDGE('',*,*,#1900,.F.);
#1097=ORIENTED_EDGE('',*,*,#1860,.F.);
#1098=ORIENTED_EDGE('',*,*,#1926,.F.);
#1099=ORIENTED_EDGE('',*,*,#1917,.F.);
#1100=ORIENTED_EDGE('',*,*,#1906,.F.);
#1101=ORIENTED_EDGE('',*,*,#1905,.F.);
#1102=ORIENTED_EDGE('',*,*,#1897,.F.);
#1103=ORIENTED_EDGE('',*,*,#1919,.F.);
#1104=ORIENTED_EDGE('',*,*,#1925,.F.);
#1105=ORIENTED_EDGE('',*,*,#1862,.F.);
#1106=ORIENTED_EDGE('',*,*,#1904,.F.);
#1107=ORIENTED_EDGE('',*,*,#1923,.F.);
#1108=ORIENTED_EDGE('',*,*,#1920,.F.);
#1109=ORIENTED_EDGE('',*,*,#1899,.F.);
#1110=ORIENTED_EDGE('',*,*,#1902,.F.);
#1111=ORIENTED_EDGE('',*,*,#1908,.F.);
#1112=ORIENTED_EDGE('',*,*,#1922,.F.);
#1113=ORIENTED_EDGE('',*,*,#1924,.F.);
#1114=ORIENTED_EDGE('',*,*,#1913,.F.);
#1115=ORIENTED_EDGE('',*,*,#1927,.F.);
#1116=ORIENTED_EDGE('',*,*,#1928,.T.);
#1117=ORIENTED_EDGE('',*,*,#1929,.F.);
#1118=ORIENTED_EDGE('',*,*,#1930,.T.);
#1119=ORIENTED_EDGE('',*,*,#1931,.F.);
#1120=ORIENTED_EDGE('',*,*,#1928,.F.);
#1121=ORIENTED_EDGE('',*,*,#1932,.F.);
#1122=ORIENTED_EDGE('',*,*,#1933,.F.);
#1123=ORIENTED_EDGE('',*,*,#1934,.F.);
#1124=ORIENTED_EDGE('',*,*,#1935,.T.);
#1125=ORIENTED_EDGE('',*,*,#1936,.F.);
#1126=ORIENTED_EDGE('',*,*,#1935,.F.);
#1127=ORIENTED_EDGE('',*,*,#1937,.F.);
#1128=ORIENTED_EDGE('',*,*,#1909,.T.);
#1129=ORIENTED_EDGE('',*,*,#1938,.F.);
#1130=ORIENTED_EDGE('',*,*,#1911,.T.);
#1131=ORIENTED_EDGE('',*,*,#1939,.F.);
#1132=ORIENTED_EDGE('',*,*,#1933,.T.);
#1133=ORIENTED_EDGE('',*,*,#1940,.F.);
#1134=ORIENTED_EDGE('',*,*,#1915,.F.);
#1135=ORIENTED_EDGE('',*,*,#1941,.F.);
#1136=ORIENTED_EDGE('',*,*,#1930,.F.);
#1137=ORIENTED_EDGE('',*,*,#1942,.F.);
#1138=ORIENTED_EDGE('',*,*,#1936,.T.);
#1139=ORIENTED_EDGE('',*,*,#1938,.T.);
#1140=ORIENTED_EDGE('',*,*,#1916,.T.);
#1141=ORIENTED_EDGE('',*,*,#1942,.T.);
#1142=ORIENTED_EDGE('',*,*,#1931,.T.);
#1143=ORIENTED_EDGE('',*,*,#1941,.T.);
#1144=ORIENTED_EDGE('',*,*,#1914,.T.);
#1145=ORIENTED_EDGE('',*,*,#1929,.T.);
#1146=ORIENTED_EDGE('',*,*,#1932,.T.);
#1147=ORIENTED_EDGE('',*,*,#1927,.T.);
#1148=ORIENTED_EDGE('',*,*,#1912,.T.);
#1149=ORIENTED_EDGE('',*,*,#1940,.T.);
#1150=ORIENTED_EDGE('',*,*,#1934,.T.);
#1151=ORIENTED_EDGE('',*,*,#1939,.T.);
#1152=ORIENTED_EDGE('',*,*,#1910,.T.);
#1153=ORIENTED_EDGE('',*,*,#1937,.T.);
#1154=ORIENTED_EDGE('',*,*,#1943,.F.);
#1155=ORIENTED_EDGE('',*,*,#1944,.T.);
#1156=ORIENTED_EDGE('',*,*,#1945,.T.);
#1157=ORIENTED_EDGE('',*,*,#1946,.F.);
#1158=ORIENTED_EDGE('',*,*,#1947,.F.);
#1159=ORIENTED_EDGE('',*,*,#1948,.T.);
#1160=ORIENTED_EDGE('',*,*,#1949,.T.);
#1161=ORIENTED_EDGE('',*,*,#1950,.F.);
#1162=ORIENTED_EDGE('',*,*,#1951,.F.);
#1163=ORIENTED_EDGE('',*,*,#1952,.T.);
#1164=ORIENTED_EDGE('',*,*,#1953,.T.);
#1165=ORIENTED_EDGE('',*,*,#1954,.F.);
#1166=ORIENTED_EDGE('',*,*,#1955,.F.);
#1167=ORIENTED_EDGE('',*,*,#1956,.T.);
#1168=ORIENTED_EDGE('',*,*,#1957,.T.);
#1169=ORIENTED_EDGE('',*,*,#1958,.F.);
#1170=ORIENTED_EDGE('',*,*,#1959,.F.);
#1171=ORIENTED_EDGE('',*,*,#1960,.T.);
#1172=ORIENTED_EDGE('',*,*,#1961,.T.);
#1173=ORIENTED_EDGE('',*,*,#1962,.F.);
#1174=ORIENTED_EDGE('',*,*,#1963,.F.);
#1175=ORIENTED_EDGE('',*,*,#1964,.T.);
#1176=ORIENTED_EDGE('',*,*,#1965,.T.);
#1177=ORIENTED_EDGE('',*,*,#1966,.T.);
#1178=ORIENTED_EDGE('',*,*,#1967,.T.);
#1179=ORIENTED_EDGE('',*,*,#1968,.F.);
#1180=ORIENTED_EDGE('',*,*,#1969,.F.);
#1181=ORIENTED_EDGE('',*,*,#1970,.F.);
#1182=ORIENTED_EDGE('',*,*,#1971,.T.);
#1183=ORIENTED_EDGE('',*,*,#1972,.T.);
#1184=ORIENTED_EDGE('',*,*,#1973,.F.);
#1185=ORIENTED_EDGE('',*,*,#1974,.F.);
#1186=ORIENTED_EDGE('',*,*,#1975,.T.);
#1187=ORIENTED_EDGE('',*,*,#1976,.T.);
#1188=ORIENTED_EDGE('',*,*,#1977,.F.);
#1189=ORIENTED_EDGE('',*,*,#1978,.F.);
#1190=ORIENTED_EDGE('',*,*,#1979,.T.);
#1191=ORIENTED_EDGE('',*,*,#1980,.T.);
#1192=ORIENTED_EDGE('',*,*,#1981,.F.);
#1193=ORIENTED_EDGE('',*,*,#1982,.F.);
#1194=ORIENTED_EDGE('',*,*,#1983,.F.);
#1195=ORIENTED_EDGE('',*,*,#1963,.T.);
#1196=ORIENTED_EDGE('',*,*,#1984,.T.);
#1197=ORIENTED_EDGE('',*,*,#1985,.T.);
#1198=ORIENTED_EDGE('',*,*,#1986,.F.);
#1199=ORIENTED_EDGE('',*,*,#1964,.F.);
#1200=ORIENTED_EDGE('',*,*,#1983,.T.);
#1201=ORIENTED_EDGE('',*,*,#1987,.T.);
#1202=ORIENTED_EDGE('',*,*,#1988,.F.);
#1203=ORIENTED_EDGE('',*,*,#1965,.F.);
#1204=ORIENTED_EDGE('',*,*,#1986,.T.);
#1205=ORIENTED_EDGE('',*,*,#1989,.T.);
#1206=ORIENTED_EDGE('',*,*,#1990,.F.);
#1207=ORIENTED_EDGE('',*,*,#1966,.F.);
#1208=ORIENTED_EDGE('',*,*,#1988,.T.);
#1209=ORIENTED_EDGE('',*,*,#1991,.T.);
#1210=ORIENTED_EDGE('',*,*,#1992,.F.);
#1211=ORIENTED_EDGE('',*,*,#1967,.F.);
#1212=ORIENTED_EDGE('',*,*,#1990,.T.);
#1213=ORIENTED_EDGE('',*,*,#1993,.F.);
#1214=ORIENTED_EDGE('',*,*,#1994,.F.);
#1215=ORIENTED_EDGE('',*,*,#1968,.T.);
#1216=ORIENTED_EDGE('',*,*,#1992,.T.);
#1217=ORIENTED_EDGE('',*,*,#1995,.F.);
#1218=ORIENTED_EDGE('',*,*,#1984,.F.);
#1219=ORIENTED_EDGE('',*,*,#1969,.T.);
#1220=ORIENTED_EDGE('',*,*,#1994,.T.);
#1221=ORIENTED_EDGE('',*,*,#1982,.T.);
#1222=ORIENTED_EDGE('',*,*,#1995,.T.);
#1223=ORIENTED_EDGE('',*,*,#1993,.T.);
#1224=ORIENTED_EDGE('',*,*,#1991,.F.);
#1225=ORIENTED_EDGE('',*,*,#1989,.F.);
#1226=ORIENTED_EDGE('',*,*,#1987,.F.);
#1227=ORIENTED_EDGE('',*,*,#1985,.F.);
#1228=ORIENTED_EDGE('',*,*,#1971,.F.);
#1229=ORIENTED_EDGE('',*,*,#1996,.F.);
#1230=ORIENTED_EDGE('',*,*,#1997,.T.);
#1231=ORIENTED_EDGE('',*,*,#1998,.T.);
#1232=ORIENTED_EDGE('',*,*,#1970,.T.);
#1233=ORIENTED_EDGE('',*,*,#1999,.F.);
#1234=ORIENTED_EDGE('',*,*,#2000,.F.);
#1235=ORIENTED_EDGE('',*,*,#1996,.T.);
#1236=ORIENTED_EDGE('',*,*,#1973,.T.);
#1237=ORIENTED_EDGE('',*,*,#2001,.F.);
#1238=ORIENTED_EDGE('',*,*,#2002,.F.);
#1239=ORIENTED_EDGE('',*,*,#1999,.T.);
#1240=ORIENTED_EDGE('',*,*,#1972,.F.);
#1241=ORIENTED_EDGE('',*,*,#1998,.F.);
#1242=ORIENTED_EDGE('',*,*,#2003,.T.);
#1243=ORIENTED_EDGE('',*,*,#2001,.T.);
#1244=ORIENTED_EDGE('',*,*,#1997,.F.);
#1245=ORIENTED_EDGE('',*,*,#2000,.T.);
#1246=ORIENTED_EDGE('',*,*,#2002,.T.);
#1247=ORIENTED_EDGE('',*,*,#2003,.F.);
#1248=ORIENTED_EDGE('',*,*,#1959,.T.);
#1249=ORIENTED_EDGE('',*,*,#2004,.F.);
#1250=ORIENTED_EDGE('',*,*,#2005,.F.);
#1251=ORIENTED_EDGE('',*,*,#2006,.T.);
#1252=ORIENTED_EDGE('',*,*,#1962,.T.);
#1253=ORIENTED_EDGE('',*,*,#2007,.F.);
#1254=ORIENTED_EDGE('',*,*,#2008,.F.);
#1255=ORIENTED_EDGE('',*,*,#2004,.T.);
#1256=ORIENTED_EDGE('',*,*,#1961,.F.);
#1257=ORIENTED_EDGE('',*,*,#2009,.F.);
#1258=ORIENTED_EDGE('',*,*,#2010,.T.);
#1259=ORIENTED_EDGE('',*,*,#2007,.T.);
#1260=ORIENTED_EDGE('',*,*,#1960,.F.);
#1261=ORIENTED_EDGE('',*,*,#2006,.F.);
#1262=ORIENTED_EDGE('',*,*,#2011,.T.);
#1263=ORIENTED_EDGE('',*,*,#2009,.T.);
#1264=ORIENTED_EDGE('',*,*,#2005,.T.);
#1265=ORIENTED_EDGE('',*,*,#2008,.T.);
#1266=ORIENTED_EDGE('',*,*,#2010,.F.);
#1267=ORIENTED_EDGE('',*,*,#2011,.F.);
#1268=ORIENTED_EDGE('',*,*,#1975,.F.);
#1269=ORIENTED_EDGE('',*,*,#2012,.F.);
#1270=ORIENTED_EDGE('',*,*,#2013,.T.);
#1271=ORIENTED_EDGE('',*,*,#2014,.T.);
#1272=ORIENTED_EDGE('',*,*,#1974,.T.);
#1273=ORIENTED_EDGE('',*,*,#2015,.F.);
#1274=ORIENTED_EDGE('',*,*,#2016,.F.);
#1275=ORIENTED_EDGE('',*,*,#2012,.T.);
#1276=ORIENTED_EDGE('',*,*,#1977,.T.);
#1277=ORIENTED_EDGE('',*,*,#2017,.F.);
#1278=ORIENTED_EDGE('',*,*,#2018,.F.);
#1279=ORIENTED_EDGE('',*,*,#2015,.T.);
#1280=ORIENTED_EDGE('',*,*,#1976,.F.);
#1281=ORIENTED_EDGE('',*,*,#2014,.F.);
#1282=ORIENTED_EDGE('',*,*,#2019,.T.);
#1283=ORIENTED_EDGE('',*,*,#2017,.T.);
#1284=ORIENTED_EDGE('',*,*,#2013,.F.);
#1285=ORIENTED_EDGE('',*,*,#2016,.T.);
#1286=ORIENTED_EDGE('',*,*,#2018,.T.);
#1287=ORIENTED_EDGE('',*,*,#2019,.F.);
#1288=ORIENTED_EDGE('',*,*,#1979,.F.);
#1289=ORIENTED_EDGE('',*,*,#2020,.F.);
#1290=ORIENTED_EDGE('',*,*,#2021,.T.);
#1291=ORIENTED_EDGE('',*,*,#2022,.T.);
#1292=ORIENTED_EDGE('',*,*,#1978,.T.);
#1293=ORIENTED_EDGE('',*,*,#2023,.F.);
#1294=ORIENTED_EDGE('',*,*,#2024,.F.);
#1295=ORIENTED_EDGE('',*,*,#2020,.T.);
#1296=ORIENTED_EDGE('',*,*,#1981,.T.);
#1297=ORIENTED_EDGE('',*,*,#2025,.F.);
#1298=ORIENTED_EDGE('',*,*,#2026,.F.);
#1299=ORIENTED_EDGE('',*,*,#2023,.T.);
#1300=ORIENTED_EDGE('',*,*,#1980,.F.);
#1301=ORIENTED_EDGE('',*,*,#2022,.F.);
#1302=ORIENTED_EDGE('',*,*,#2027,.T.);
#1303=ORIENTED_EDGE('',*,*,#2025,.T.);
#1304=ORIENTED_EDGE('',*,*,#2021,.F.);
#1305=ORIENTED_EDGE('',*,*,#2024,.T.);
#1306=ORIENTED_EDGE('',*,*,#2026,.T.);
#1307=ORIENTED_EDGE('',*,*,#2027,.F.);
#1308=ORIENTED_EDGE('',*,*,#1955,.T.);
#1309=ORIENTED_EDGE('',*,*,#2028,.F.);
#1310=ORIENTED_EDGE('',*,*,#2029,.F.);
#1311=ORIENTED_EDGE('',*,*,#2030,.T.);
#1312=ORIENTED_EDGE('',*,*,#1958,.T.);
#1313=ORIENTED_EDGE('',*,*,#2031,.F.);
#1314=ORIENTED_EDGE('',*,*,#2032,.F.);
#1315=ORIENTED_EDGE('',*,*,#2028,.T.);
#1316=ORIENTED_EDGE('',*,*,#1957,.F.);
#1317=ORIENTED_EDGE('',*,*,#2033,.F.);
#1318=ORIENTED_EDGE('',*,*,#2034,.T.);
#1319=ORIENTED_EDGE('',*,*,#2031,.T.);
#1320=ORIENTED_EDGE('',*,*,#1956,.F.);
#1321=ORIENTED_EDGE('',*,*,#2030,.F.);
#1322=ORIENTED_EDGE('',*,*,#2035,.T.);
#1323=ORIENTED_EDGE('',*,*,#2033,.T.);
#1324=ORIENTED_EDGE('',*,*,#2029,.T.);
#1325=ORIENTED_EDGE('',*,*,#2032,.T.);
#1326=ORIENTED_EDGE('',*,*,#2034,.F.);
#1327=ORIENTED_EDGE('',*,*,#2035,.F.);
#1328=ORIENTED_EDGE('',*,*,#1951,.T.);
#1329=ORIENTED_EDGE('',*,*,#2036,.F.);
#1330=ORIENTED_EDGE('',*,*,#2037,.F.);
#1331=ORIENTED_EDGE('',*,*,#2038,.T.);
#1332=ORIENTED_EDGE('',*,*,#1954,.T.);
#1333=ORIENTED_EDGE('',*,*,#2039,.F.);
#1334=ORIENTED_EDGE('',*,*,#2040,.F.);
#1335=ORIENTED_EDGE('',*,*,#2036,.T.);
#1336=ORIENTED_EDGE('',*,*,#1953,.F.);
#1337=ORIENTED_EDGE('',*,*,#2041,.F.);
#1338=ORIENTED_EDGE('',*,*,#2042,.T.);
#1339=ORIENTED_EDGE('',*,*,#2039,.T.);
#1340=ORIENTED_EDGE('',*,*,#1952,.F.);
#1341=ORIENTED_EDGE('',*,*,#2038,.F.);
#1342=ORIENTED_EDGE('',*,*,#2043,.T.);
#1343=ORIENTED_EDGE('',*,*,#2041,.T.);
#1344=ORIENTED_EDGE('',*,*,#2037,.T.);
#1345=ORIENTED_EDGE('',*,*,#2040,.T.);
#1346=ORIENTED_EDGE('',*,*,#2042,.F.);
#1347=ORIENTED_EDGE('',*,*,#2043,.F.);
#1348=ORIENTED_EDGE('',*,*,#1947,.T.);
#1349=ORIENTED_EDGE('',*,*,#2044,.F.);
#1350=ORIENTED_EDGE('',*,*,#2045,.F.);
#1351=ORIENTED_EDGE('',*,*,#2046,.T.);
#1352=ORIENTED_EDGE('',*,*,#1950,.T.);
#1353=ORIENTED_EDGE('',*,*,#2047,.F.);
#1354=ORIENTED_EDGE('',*,*,#2048,.F.);
#1355=ORIENTED_EDGE('',*,*,#2044,.T.);
#1356=ORIENTED_EDGE('',*,*,#1949,.F.);
#1357=ORIENTED_EDGE('',*,*,#2049,.F.);
#1358=ORIENTED_EDGE('',*,*,#2050,.T.);
#1359=ORIENTED_EDGE('',*,*,#2047,.T.);
#1360=ORIENTED_EDGE('',*,*,#1948,.F.);
#1361=ORIENTED_EDGE('',*,*,#2046,.F.);
#1362=ORIENTED_EDGE('',*,*,#2051,.T.);
#1363=ORIENTED_EDGE('',*,*,#2049,.T.);
#1364=ORIENTED_EDGE('',*,*,#2045,.T.);
#1365=ORIENTED_EDGE('',*,*,#2048,.T.);
#1366=ORIENTED_EDGE('',*,*,#2050,.F.);
#1367=ORIENTED_EDGE('',*,*,#2051,.F.);
#1368=ORIENTED_EDGE('',*,*,#1943,.T.);
#1369=ORIENTED_EDGE('',*,*,#2052,.F.);
#1370=ORIENTED_EDGE('',*,*,#2053,.F.);
#1371=ORIENTED_EDGE('',*,*,#2054,.T.);
#1372=ORIENTED_EDGE('',*,*,#1946,.T.);
#1373=ORIENTED_EDGE('',*,*,#2055,.F.);
#1374=ORIENTED_EDGE('',*,*,#2056,.F.);
#1375=ORIENTED_EDGE('',*,*,#2052,.T.);
#1376=ORIENTED_EDGE('',*,*,#1945,.F.);
#1377=ORIENTED_EDGE('',*,*,#2057,.F.);
#1378=ORIENTED_EDGE('',*,*,#2058,.T.);
#1379=ORIENTED_EDGE('',*,*,#2055,.T.);
#1380=ORIENTED_EDGE('',*,*,#1944,.F.);
#1381=ORIENTED_EDGE('',*,*,#2054,.F.);
#1382=ORIENTED_EDGE('',*,*,#2059,.T.);
#1383=ORIENTED_EDGE('',*,*,#2057,.T.);
#1384=ORIENTED_EDGE('',*,*,#2053,.T.);
#1385=ORIENTED_EDGE('',*,*,#2056,.T.);
#1386=ORIENTED_EDGE('',*,*,#2058,.F.);
#1387=ORIENTED_EDGE('',*,*,#2059,.F.);
#1388=ORIENTED_EDGE('',*,*,#2060,.F.);
#1389=ORIENTED_EDGE('',*,*,#2061,.F.);
#1390=ORIENTED_EDGE('',*,*,#2062,.T.);
#1391=ORIENTED_EDGE('',*,*,#2063,.T.);
#1392=ORIENTED_EDGE('',*,*,#2064,.F.);
#1393=ORIENTED_EDGE('',*,*,#2065,.F.);
#1394=ORIENTED_EDGE('',*,*,#2066,.T.);
#1395=ORIENTED_EDGE('',*,*,#2067,.T.);
#1396=ORIENTED_EDGE('',*,*,#2068,.F.);
#1397=ORIENTED_EDGE('',*,*,#2069,.T.);
#1398=ORIENTED_EDGE('',*,*,#2070,.T.);
#1399=ORIENTED_EDGE('',*,*,#2071,.F.);
#1400=ORIENTED_EDGE('',*,*,#2072,.F.);
#1401=ORIENTED_EDGE('',*,*,#2068,.T.);
#1402=ORIENTED_EDGE('',*,*,#2073,.T.);
#1403=ORIENTED_EDGE('',*,*,#2074,.F.);
#1404=ORIENTED_EDGE('',*,*,#2075,.F.);
#1405=ORIENTED_EDGE('',*,*,#2076,.T.);
#1406=ORIENTED_EDGE('',*,*,#2077,.T.);
#1407=ORIENTED_EDGE('',*,*,#2078,.F.);
#1408=ORIENTED_EDGE('',*,*,#2079,.F.);
#1409=ORIENTED_EDGE('',*,*,#2078,.T.);
#1410=ORIENTED_EDGE('',*,*,#2080,.T.);
#1411=ORIENTED_EDGE('',*,*,#2081,.F.);
#1412=ORIENTED_EDGE('',*,*,#2082,.F.);
#1413=ORIENTED_EDGE('',*,*,#2081,.T.);
#1414=ORIENTED_EDGE('',*,*,#2083,.T.);
#1415=ORIENTED_EDGE('',*,*,#2084,.F.);
#1416=ORIENTED_EDGE('',*,*,#2085,.F.);
#1417=ORIENTED_EDGE('',*,*,#2084,.T.);
#1418=ORIENTED_EDGE('',*,*,#2086,.T.);
#1419=ORIENTED_EDGE('',*,*,#2087,.F.);
#1420=ORIENTED_EDGE('',*,*,#2088,.F.);
#1421=ORIENTED_EDGE('',*,*,#2087,.T.);
#1422=ORIENTED_EDGE('',*,*,#2089,.T.);
#1423=ORIENTED_EDGE('',*,*,#2070,.F.);
#1424=ORIENTED_EDGE('',*,*,#2090,.F.);
#1425=ORIENTED_EDGE('',*,*,#2091,.T.);
#1426=ORIENTED_EDGE('',*,*,#2092,.T.);
#1427=ORIENTED_EDGE('',*,*,#2093,.F.);
#1428=ORIENTED_EDGE('',*,*,#2073,.F.);
#1429=ORIENTED_EDGE('',*,*,#2071,.T.);
#1430=ORIENTED_EDGE('',*,*,#2089,.F.);
#1431=ORIENTED_EDGE('',*,*,#2086,.F.);
#1432=ORIENTED_EDGE('',*,*,#2083,.F.);
#1433=ORIENTED_EDGE('',*,*,#2080,.F.);
#1434=ORIENTED_EDGE('',*,*,#2077,.F.);
#1435=ORIENTED_EDGE('',*,*,#2094,.T.);
#1436=ORIENTED_EDGE('',*,*,#2091,.F.);
#1437=ORIENTED_EDGE('',*,*,#2095,.T.);
#1438=ORIENTED_EDGE('',*,*,#2096,.T.);
#1439=ORIENTED_EDGE('',*,*,#2097,.F.);
#1440=ORIENTED_EDGE('',*,*,#2098,.F.);
#1441=ORIENTED_EDGE('',*,*,#2093,.T.);
#1442=ORIENTED_EDGE('',*,*,#2099,.T.);
#1443=ORIENTED_EDGE('',*,*,#2100,.F.);
#1444=ORIENTED_EDGE('',*,*,#2096,.F.);
#1445=ORIENTED_EDGE('',*,*,#2101,.T.);
#1446=ORIENTED_EDGE('',*,*,#2100,.T.);
#1447=ORIENTED_EDGE('',*,*,#2102,.F.);
#1448=ORIENTED_EDGE('',*,*,#2097,.T.);
#1449=ORIENTED_EDGE('',*,*,#2102,.T.);
#1450=ORIENTED_EDGE('',*,*,#2099,.F.);
#1451=ORIENTED_EDGE('',*,*,#2092,.F.);
#1452=ORIENTED_EDGE('',*,*,#2103,.F.);
#1453=ORIENTED_EDGE('',*,*,#2067,.F.);
#1454=ORIENTED_EDGE('',*,*,#2104,.F.);
#1455=ORIENTED_EDGE('',*,*,#2105,.T.);
#1456=ORIENTED_EDGE('',*,*,#2106,.F.);
#1457=ORIENTED_EDGE('',*,*,#2063,.F.);
#1458=ORIENTED_EDGE('',*,*,#2107,.T.);
#1459=ORIENTED_EDGE('',*,*,#2108,.T.);
#1460=ORIENTED_EDGE('',*,*,#2095,.F.);
#1461=ORIENTED_EDGE('',*,*,#2090,.T.);
#1462=ORIENTED_EDGE('',*,*,#2098,.T.);
#1463=ORIENTED_EDGE('',*,*,#2101,.F.);
#1464=ORIENTED_EDGE('',*,*,#2109,.F.);
#1465=ORIENTED_EDGE('',*,*,#2110,.F.);
#1466=ORIENTED_EDGE('',*,*,#2111,.F.);
#1467=ORIENTED_EDGE('',*,*,#2112,.F.);
#1468=ORIENTED_EDGE('',*,*,#2113,.F.);
#1469=ORIENTED_EDGE('',*,*,#2113,.T.);
#1470=ORIENTED_EDGE('',*,*,#2111,.T.);
#1471=ORIENTED_EDGE('',*,*,#2114,.F.);
#1472=ORIENTED_EDGE('',*,*,#2114,.T.);
#1473=ORIENTED_EDGE('',*,*,#2110,.T.);
#1474=ORIENTED_EDGE('',*,*,#2115,.F.);
#1475=ORIENTED_EDGE('',*,*,#2115,.T.);
#1476=ORIENTED_EDGE('',*,*,#2109,.T.);
#1477=ORIENTED_EDGE('',*,*,#2116,.F.);
#1478=ORIENTED_EDGE('',*,*,#2065,.T.);
#1479=ORIENTED_EDGE('',*,*,#2117,.T.);
#1480=ORIENTED_EDGE('',*,*,#2118,.F.);
#1481=ORIENTED_EDGE('',*,*,#2104,.T.);
#1482=ORIENTED_EDGE('',*,*,#2066,.F.);
#1483=ORIENTED_EDGE('',*,*,#2116,.T.);
#1484=ORIENTED_EDGE('',*,*,#2119,.T.);
#1485=ORIENTED_EDGE('',*,*,#2105,.F.);
#1486=ORIENTED_EDGE('',*,*,#2119,.F.);
#1487=ORIENTED_EDGE('',*,*,#2118,.T.);
#1488=ORIENTED_EDGE('',*,*,#2120,.T.);
#1489=ORIENTED_EDGE('',*,*,#2064,.T.);
#1490=ORIENTED_EDGE('',*,*,#2106,.T.);
#1491=ORIENTED_EDGE('',*,*,#2120,.F.);
#1492=ORIENTED_EDGE('',*,*,#2117,.F.);
#1493=ORIENTED_EDGE('',*,*,#2121,.F.);
#1494=ORIENTED_EDGE('',*,*,#2121,.T.);
#1495=ORIENTED_EDGE('',*,*,#2112,.T.);
#1496=ORIENTED_EDGE('',*,*,#2061,.T.);
#1497=ORIENTED_EDGE('',*,*,#2122,.F.);
#1498=ORIENTED_EDGE('',*,*,#2123,.F.);
#1499=ORIENTED_EDGE('',*,*,#2074,.T.);
#1500=ORIENTED_EDGE('',*,*,#2094,.F.);
#1501=ORIENTED_EDGE('',*,*,#2076,.F.);
#1502=ORIENTED_EDGE('',*,*,#2124,.F.);
#1503=ORIENTED_EDGE('',*,*,#2125,.T.);
#1504=ORIENTED_EDGE('',*,*,#2126,.F.);
#1505=ORIENTED_EDGE('',*,*,#2124,.T.);
#1506=ORIENTED_EDGE('',*,*,#2075,.T.);
#1507=ORIENTED_EDGE('',*,*,#2079,.T.);
#1508=ORIENTED_EDGE('',*,*,#2082,.T.);
#1509=ORIENTED_EDGE('',*,*,#2085,.T.);
#1510=ORIENTED_EDGE('',*,*,#2088,.T.);
#1511=ORIENTED_EDGE('',*,*,#2069,.F.);
#1512=ORIENTED_EDGE('',*,*,#2072,.T.);
#1513=ORIENTED_EDGE('',*,*,#2123,.T.);
#1514=ORIENTED_EDGE('',*,*,#2127,.T.);
#1515=ORIENTED_EDGE('',*,*,#2108,.F.);
#1516=ORIENTED_EDGE('',*,*,#2103,.T.);
#1517=ORIENTED_EDGE('',*,*,#2127,.F.);
#1518=ORIENTED_EDGE('',*,*,#2122,.T.);
#1519=ORIENTED_EDGE('',*,*,#2060,.T.);
#1520=ORIENTED_EDGE('',*,*,#2062,.F.);
#1521=ORIENTED_EDGE('',*,*,#2125,.F.);
#1522=ORIENTED_EDGE('',*,*,#2126,.T.);
#1523=ORIENTED_EDGE('',*,*,#2107,.F.);
#1524=EDGE_CURVE('',#2128,#2129,#2535,.T.);
#1525=EDGE_CURVE('',#2130,#2129,#2536,.T.);
#1526=EDGE_CURVE('',#2130,#2131,#2537,.T.);
#1527=EDGE_CURVE('',#2128,#2131,#2538,.T.);
#1528=EDGE_CURVE('',#2132,#2133,#2539,.T.);
#1529=EDGE_CURVE('',#2131,#2133,#2540,.T.);
#1530=EDGE_CURVE('',#2132,#2130,#2541,.T.);
#1531=EDGE_CURVE('',#2134,#2135,#2542,.T.);
#1532=EDGE_CURVE('',#2129,#2135,#2543,.T.);
#1533=EDGE_CURVE('',#2134,#2128,#2544,.T.);
#1534=EDGE_CURVE('',#2136,#2137,#2545,.T.);
#1535=EDGE_CURVE('',#2133,#2137,#2546,.T.);
#1536=EDGE_CURVE('',#2136,#2132,#2547,.T.);
#1537=EDGE_CURVE('',#2138,#2139,#2548,.T.);
#1538=EDGE_CURVE('',#2135,#2139,#2549,.T.);
#1539=EDGE_CURVE('',#2138,#2134,#2550,.T.);
#1540=EDGE_CURVE('',#2140,#2141,#2551,.T.);
#1541=EDGE_CURVE('',#2137,#2141,#2552,.T.);
#1542=EDGE_CURVE('',#2140,#2136,#2553,.T.);
#1543=EDGE_CURVE('',#2142,#2143,#2554,.T.);
#1544=EDGE_CURVE('',#2139,#2143,#2555,.T.);
#1545=EDGE_CURVE('',#2142,#2138,#2556,.T.);
#1546=EDGE_CURVE('',#2144,#2145,#2557,.T.);
#1547=EDGE_CURVE('',#2141,#2145,#2558,.T.);
#1548=EDGE_CURVE('',#2144,#2140,#2559,.T.);
#1549=EDGE_CURVE('',#2146,#2147,#2560,.T.);
#1550=EDGE_CURVE('',#2143,#2147,#2561,.T.);
#1551=EDGE_CURVE('',#2146,#2142,#2562,.T.);
#1552=EDGE_CURVE('',#2148,#2149,#2563,.T.);
#1553=EDGE_CURVE('',#2145,#2149,#2564,.T.);
#1554=EDGE_CURVE('',#2148,#2144,#2565,.T.);
#1555=EDGE_CURVE('',#2150,#2151,#2566,.T.);
#1556=EDGE_CURVE('',#2147,#2151,#2567,.T.);
#1557=EDGE_CURVE('',#2150,#2146,#2568,.T.);
#1558=EDGE_CURVE('',#2151,#2148,#2569,.T.);
#1559=EDGE_CURVE('',#2149,#2150,#2570,.T.);
#1560=EDGE_CURVE('',#2152,#2153,#126,.T.);
#1561=EDGE_CURVE('',#2153,#2154,#2571,.T.);
#1562=EDGE_CURVE('',#2154,#2155,#127,.T.);
#1563=EDGE_CURVE('',#2156,#2155,#2572,.T.);
#1564=EDGE_CURVE('',#2156,#2157,#128,.T.);
#1565=EDGE_CURVE('',#2158,#2157,#2573,.T.);
#1566=EDGE_CURVE('',#2159,#2158,#129,.T.);
#1567=EDGE_CURVE('',#2160,#2159,#2574,.T.);
#1568=EDGE_CURVE('',#2161,#2160,#130,.T.);
#1569=EDGE_CURVE('',#2161,#2162,#2575,.T.);
#1570=EDGE_CURVE('',#2163,#2162,#131,.T.);
#1571=EDGE_CURVE('',#2163,#2152,#2576,.T.);
#1572=EDGE_CURVE('',#2164,#2164,#132,.T.);
#1573=EDGE_CURVE('',#2163,#2130,#2577,.T.);
#1574=EDGE_CURVE('',#2152,#2129,#2578,.T.);
#1575=EDGE_CURVE('',#2162,#2132,#2579,.T.);
#1576=EDGE_CURVE('',#2161,#2136,#2580,.T.);
#1577=EDGE_CURVE('',#2160,#2140,#2581,.T.);
#1578=EDGE_CURVE('',#2159,#2144,#2582,.T.);
#1579=EDGE_CURVE('',#2158,#2148,#2583,.T.);
#1580=EDGE_CURVE('',#2157,#2151,#2584,.T.);
#1581=EDGE_CURVE('',#2156,#2147,#2585,.T.);
#1582=EDGE_CURVE('',#2155,#2143,#2586,.T.);
#1583=EDGE_CURVE('',#2154,#2139,#2587,.T.);
#1584=EDGE_CURVE('',#2153,#2135,#2588,.T.);
#1585=EDGE_CURVE('',#2165,#2166,#133,.T.);
#1586=EDGE_CURVE('',#2167,#2166,#97,.F.);
#1587=EDGE_CURVE('',#2167,#2168,#134,.T.);
#1588=EDGE_CURVE('',#2165,#2168,#98,.T.);
#1589=EDGE_CURVE('',#2169,#2170,#135,.T.);
#1590=EDGE_CURVE('',#2171,#2169,#136,.T.);
#1591=EDGE_CURVE('',#2171,#2172,#137,.T.);
#1592=EDGE_CURVE('',#2170,#2172,#99,.T.);
#1593=EDGE_CURVE('',#2173,#2174,#138,.T.);
#1594=EDGE_CURVE('',#2166,#2174,#2589,.T.);
#1595=EDGE_CURVE('',#2173,#2165,#2590,.T.);
#1596=EDGE_CURVE('',#2175,#2176,#139,.T.);
#1597=EDGE_CURVE('',#2172,#2176,#100,.T.);
#1598=EDGE_CURVE('',#2175,#2171,#101,.F.);
#1599=EDGE_CURVE('',#2177,#2178,#140,.T.);
#1600=EDGE_CURVE('',#2174,#2178,#102,.F.);
#1601=EDGE_CURVE('',#2177,#2173,#103,.T.);
#1602=EDGE_CURVE('',#2179,#2180,#141,.T.);
#1603=EDGE_CURVE('',#2176,#2180,#2591,.T.);
#1604=EDGE_CURVE('',#2179,#2175,#2592,.T.);
#1605=EDGE_CURVE('',#2181,#2182,#142,.T.);
#1606=EDGE_CURVE('',#2178,#2182,#143,.T.);
#1607=EDGE_CURVE('',#2181,#2177,#144,.T.);
#1608=EDGE_CURVE('',#2182,#2179,#104,.F.);
#1609=EDGE_CURVE('',#2180,#2181,#105,.T.);
#1610=EDGE_CURVE('',#2167,#2183,#106,.T.);
#1611=EDGE_CURVE('',#2184,#2166,#107,.T.);
#1612=EDGE_CURVE('',#2183,#2184,#108,.T.);
#1613=EDGE_CURVE('',#2182,#2185,#109,.T.);
#1614=EDGE_CURVE('',#2186,#2179,#110,.T.);
#1615=EDGE_CURVE('',#2185,#2186,#111,.T.);
#1616=EDGE_CURVE('',#2175,#2187,#112,.T.);
#1617=EDGE_CURVE('',#2188,#2171,#113,.T.);
#1618=EDGE_CURVE('',#2187,#2188,#114,.T.);
#1619=EDGE_CURVE('',#2174,#2189,#115,.T.);
#1620=EDGE_CURVE('',#2190,#2178,#116,.T.);
#1621=EDGE_CURVE('',#2189,#2190,#117,.T.);
#1622=EDGE_CURVE('',#2191,#2192,#90,.T.);
#1623=EDGE_CURVE('',#2191,#2193,#2593,.T.);
#1624=EDGE_CURVE('',#2193,#2194,#145,.T.);
#1625=EDGE_CURVE('',#2192,#2194,#2594,.T.);
#1626=EDGE_CURVE('',#2195,#2195,#118,.T.);
#1627=EDGE_CURVE('',#2196,#2191,#2595,.T.);
#1628=EDGE_CURVE('',#2197,#2196,#2596,.T.);
#1629=EDGE_CURVE('',#2193,#2197,#2597,.T.);
#1630=EDGE_CURVE('',#2198,#2199,#2598,.T.);
#1631=EDGE_CURVE('',#2198,#2192,#2599,.T.);
#1632=EDGE_CURVE('',#2194,#2199,#2600,.T.);
#1633=EDGE_CURVE('',#2196,#2198,#2601,.T.);
#1634=EDGE_CURVE('',#2199,#2197,#2602,.T.);
#1635=EDGE_CURVE('',#2168,#2170,#119,.T.);
#1636=EDGE_CURVE('',#2189,#2184,#2603,.T.);
#1637=EDGE_CURVE('',#2187,#2186,#2604,.T.);
#1638=EDGE_CURVE('',#2169,#2167,#146,.T.);
#1639=EDGE_CURVE('',#2183,#2188,#2605,.T.);
#1640=EDGE_CURVE('',#2185,#2190,#2606,.T.);
#1641=EDGE_CURVE('',#2200,#2201,#2607,.T.);
#1642=EDGE_CURVE('',#2202,#2200,#2608,.T.);
#1643=EDGE_CURVE('',#2202,#2203,#2609,.T.);
#1644=EDGE_CURVE('',#2203,#2201,#2610,.T.);
#1645=EDGE_CURVE('',#2204,#2201,#2611,.T.);
#1646=EDGE_CURVE('',#2205,#2203,#2612,.T.);
#1647=EDGE_CURVE('',#2205,#2204,#2613,.T.);
#1648=EDGE_CURVE('',#2206,#2204,#2614,.T.);
#1649=EDGE_CURVE('',#2207,#2205,#2615,.T.);
#1650=EDGE_CURVE('',#2207,#2206,#2616,.T.);
#1651=EDGE_CURVE('',#2206,#2200,#2617,.T.);
#1652=EDGE_CURVE('',#2207,#2202,#2618,.T.);
#1653=EDGE_CURVE('',#2208,#2209,#2619,.T.);
#1654=EDGE_CURVE('',#2210,#2208,#2620,.T.);
#1655=EDGE_CURVE('',#2210,#2211,#2621,.T.);
#1656=EDGE_CURVE('',#2211,#2209,#2622,.T.);
#1657=EDGE_CURVE('',#2212,#2209,#147,.T.);
#1658=EDGE_CURVE('',#2213,#2211,#148,.T.);
#1659=EDGE_CURVE('',#2213,#2212,#2623,.T.);
#1660=EDGE_CURVE('',#2212,#2214,#2624,.T.);
#1661=EDGE_CURVE('',#2213,#2215,#2625,.T.);
#1662=EDGE_CURVE('',#2215,#2214,#2626,.T.);
#1663=EDGE_CURVE('',#2216,#2214,#149,.T.);
#1664=EDGE_CURVE('',#2217,#2215,#150,.T.);
#1665=EDGE_CURVE('',#2217,#2216,#2627,.T.);
#1666=EDGE_CURVE('',#2218,#2216,#2628,.T.);
#1667=EDGE_CURVE('',#2219,#2217,#2629,.T.);
#1668=EDGE_CURVE('',#2219,#2218,#2630,.T.);
#1669=EDGE_CURVE('',#2220,#2218,#151,.T.);
#1670=EDGE_CURVE('',#2221,#2219,#152,.T.);
#1671=EDGE_CURVE('',#2221,#2220,#2631,.T.);
#1672=EDGE_CURVE('',#2222,#2220,#2632,.T.);
#1673=EDGE_CURVE('',#2223,#2221,#2633,.T.);
#1674=EDGE_CURVE('',#2223,#2222,#2634,.T.);
#1675=EDGE_CURVE('',#2208,#2222,#153,.T.);
#1676=EDGE_CURVE('',#2210,#2223,#154,.T.);
#1677=EDGE_CURVE('',#2224,#2225,#2635,.T.);
#1678=EDGE_CURVE('',#2226,#2224,#2636,.T.);
#1679=EDGE_CURVE('',#2226,#2227,#2637,.T.);
#1680=EDGE_CURVE('',#2227,#2225,#2638,.T.);
#1681=EDGE_CURVE('',#2228,#2225,#155,.T.);
#1682=EDGE_CURVE('',#2229,#2227,#156,.T.);
#1683=EDGE_CURVE('',#2229,#2228,#2639,.T.);
#1684=EDGE_CURVE('',#2228,#2230,#2640,.T.);
#1685=EDGE_CURVE('',#2229,#2231,#2641,.T.);
#1686=EDGE_CURVE('',#2231,#2230,#2642,.T.);
#1687=EDGE_CURVE('',#2232,#2230,#157,.T.);
#1688=EDGE_CURVE('',#2233,#2231,#158,.T.);
#1689=EDGE_CURVE('',#2233,#2232,#2643,.T.);
#1690=EDGE_CURVE('',#2234,#2232,#2644,.T.);
#1691=EDGE_CURVE('',#2235,#2233,#2645,.T.);
#1692=EDGE_CURVE('',#2235,#2234,#2646,.T.);
#1693=EDGE_CURVE('',#2236,#2234,#159,.T.);
#1694=EDGE_CURVE('',#2237,#2235,#160,.T.);
#1695=EDGE_CURVE('',#2237,#2236,#2647,.T.);
#1696=EDGE_CURVE('',#2238,#2236,#2648,.T.);
#1697=EDGE_CURVE('',#2239,#2237,#2649,.T.);
#1698=EDGE_CURVE('',#2239,#2238,#2650,.T.);
#1699=EDGE_CURVE('',#2224,#2238,#161,.T.);
#1700=EDGE_CURVE('',#2226,#2239,#162,.T.);
#1701=EDGE_CURVE('',#2240,#2241,#2651,.T.);
#1702=EDGE_CURVE('',#2242,#2240,#2652,.T.);
#1703=EDGE_CURVE('',#2242,#2243,#2653,.T.);
#1704=EDGE_CURVE('',#2243,#2241,#2654,.T.);
#1705=EDGE_CURVE('',#2244,#2241,#163,.T.);
#1706=EDGE_CURVE('',#2245,#2243,#164,.T.);
#1707=EDGE_CURVE('',#2245,#2244,#2655,.T.);
#1708=EDGE_CURVE('',#2244,#2246,#2656,.T.);
#1709=EDGE_CURVE('',#2245,#2247,#2657,.T.);
#1710=EDGE_CURVE('',#2247,#2246,#2658,.T.);
#1711=EDGE_CURVE('',#2248,#2246,#165,.T.);
#1712=EDGE_CURVE('',#2249,#2247,#166,.T.);
#1713=EDGE_CURVE('',#2249,#2248,#2659,.T.);
#1714=EDGE_CURVE('',#2250,#2248,#2660,.T.);
#1715=EDGE_CURVE('',#2251,#2249,#2661,.T.);
#1716=EDGE_CURVE('',#2251,#2250,#2662,.T.);
#1717=EDGE_CURVE('',#2252,#2250,#167,.T.);
#1718=EDGE_CURVE('',#2253,#2251,#168,.T.);
#1719=EDGE_CURVE('',#2253,#2252,#2663,.T.);
#1720=EDGE_CURVE('',#2254,#2252,#2664,.T.);
#1721=EDGE_CURVE('',#2255,#2253,#2665,.T.);
#1722=EDGE_CURVE('',#2255,#2254,#2666,.T.);
#1723=EDGE_CURVE('',#2240,#2254,#169,.T.);
#1724=EDGE_CURVE('',#2242,#2255,#170,.T.);
#1725=EDGE_CURVE('',#2256,#2257,#2667,.T.);
#1726=EDGE_CURVE('',#2258,#2256,#2668,.T.);
#1727=EDGE_CURVE('',#2258,#2259,#2669,.T.);
#1728=EDGE_CURVE('',#2259,#2257,#2670,.T.);
#1729=EDGE_CURVE('',#2260,#2257,#171,.T.);
#1730=EDGE_CURVE('',#2261,#2259,#172,.T.);
#1731=EDGE_CURVE('',#2261,#2260,#2671,.T.);
#1732=EDGE_CURVE('',#2262,#2260,#2672,.T.);
#1733=EDGE_CURVE('',#2263,#2261,#2673,.T.);
#1734=EDGE_CURVE('',#2263,#2262,#2674,.T.);
#1735=EDGE_CURVE('',#2264,#2262,#173,.T.);
#1736=EDGE_CURVE('',#2265,#2263,#174,.T.);
#1737=EDGE_CURVE('',#2265,#2264,#2675,.T.);
#1738=EDGE_CURVE('',#2266,#2264,#2676,.T.);
#1739=EDGE_CURVE('',#2267,#2265,#2677,.T.);
#1740=EDGE_CURVE('',#2267,#2266,#2678,.T.);
#1741=EDGE_CURVE('',#2268,#2266,#175,.T.);
#1742=EDGE_CURVE('',#2269,#2267,#176,.T.);
#1743=EDGE_CURVE('',#2269,#2268,#2679,.T.);
#1744=EDGE_CURVE('',#2268,#2270,#2680,.T.);
#1745=EDGE_CURVE('',#2269,#2271,#2681,.T.);
#1746=EDGE_CURVE('',#2271,#2270,#2682,.T.);
#1747=EDGE_CURVE('',#2256,#2270,#177,.T.);
#1748=EDGE_CURVE('',#2258,#2271,#178,.T.);
#1749=EDGE_CURVE('',#2272,#2273,#2683,.T.);
#1750=EDGE_CURVE('',#2274,#2272,#2684,.T.);
#1751=EDGE_CURVE('',#2274,#2275,#2685,.T.);
#1752=EDGE_CURVE('',#2275,#2273,#2686,.T.);
#1753=EDGE_CURVE('',#2276,#2273,#179,.T.);
#1754=EDGE_CURVE('',#2277,#2275,#180,.T.);
#1755=EDGE_CURVE('',#2277,#2276,#2687,.T.);
#1756=EDGE_CURVE('',#2278,#2276,#2688,.T.);
#1757=EDGE_CURVE('',#2279,#2277,#2689,.T.);
#1758=EDGE_CURVE('',#2279,#2278,#2690,.T.);
#1759=EDGE_CURVE('',#2280,#2278,#181,.T.);
#1760=EDGE_CURVE('',#2281,#2279,#182,.T.);
#1761=EDGE_CURVE('',#2281,#2280,#2691,.T.);
#1762=EDGE_CURVE('',#2282,#2280,#2692,.T.);
#1763=EDGE_CURVE('',#2283,#2281,#2693,.T.);
#1764=EDGE_CURVE('',#2283,#2282,#2694,.T.);
#1765=EDGE_CURVE('',#2284,#2282,#183,.T.);
#1766=EDGE_CURVE('',#2285,#2283,#184,.T.);
#1767=EDGE_CURVE('',#2285,#2284,#2695,.T.);
#1768=EDGE_CURVE('',#2284,#2286,#2696,.T.);
#1769=EDGE_CURVE('',#2285,#2287,#2697,.T.);
#1770=EDGE_CURVE('',#2287,#2286,#2698,.T.);
#1771=EDGE_CURVE('',#2272,#2286,#185,.T.);
#1772=EDGE_CURVE('',#2274,#2287,#186,.T.);
#1773=EDGE_CURVE('',#2288,#2289,#2699,.T.);
#1774=EDGE_CURVE('',#2290,#2288,#2700,.T.);
#1775=EDGE_CURVE('',#2290,#2291,#2701,.T.);
#1776=EDGE_CURVE('',#2291,#2289,#2702,.T.);
#1777=EDGE_CURVE('',#2292,#2289,#187,.T.);
#1778=EDGE_CURVE('',#2293,#2291,#188,.T.);
#1779=EDGE_CURVE('',#2293,#2292,#2703,.T.);
#1780=EDGE_CURVE('',#2294,#2292,#2704,.T.);
#1781=EDGE_CURVE('',#2295,#2293,#2705,.T.);
#1782=EDGE_CURVE('',#2295,#2294,#2706,.T.);
#1783=EDGE_CURVE('',#2296,#2294,#189,.T.);
#1784=EDGE_CURVE('',#2297,#2295,#190,.T.);
#1785=EDGE_CURVE('',#2297,#2296,#2707,.T.);
#1786=EDGE_CURVE('',#2298,#2296,#2708,.T.);
#1787=EDGE_CURVE('',#2299,#2297,#2709,.T.);
#1788=EDGE_CURVE('',#2299,#2298,#2710,.T.);
#1789=EDGE_CURVE('',#2300,#2298,#191,.T.);
#1790=EDGE_CURVE('',#2301,#2299,#192,.T.);
#1791=EDGE_CURVE('',#2301,#2300,#2711,.T.);
#1792=EDGE_CURVE('',#2300,#2302,#2712,.T.);
#1793=EDGE_CURVE('',#2301,#2303,#2713,.T.);
#1794=EDGE_CURVE('',#2303,#2302,#2714,.T.);
#1795=EDGE_CURVE('',#2288,#2302,#193,.T.);
#1796=EDGE_CURVE('',#2290,#2303,#194,.T.);
#1797=EDGE_CURVE('',#2304,#2305,#2715,.T.);
#1798=EDGE_CURVE('',#2306,#2304,#2716,.T.);
#1799=EDGE_CURVE('',#2306,#2307,#2717,.T.);
#1800=EDGE_CURVE('',#2307,#2305,#2718,.T.);
#1801=EDGE_CURVE('',#2308,#2309,#2719,.T.);
#1802=EDGE_CURVE('',#2309,#2305,#2720,.T.);
#1803=EDGE_CURVE('',#2308,#2307,#2721,.T.);
#1804=EDGE_CURVE('',#2310,#2311,#2722,.T.);
#1805=EDGE_CURVE('',#2311,#2309,#2723,.T.);
#1806=EDGE_CURVE('',#2310,#2308,#2724,.T.);
#1807=EDGE_CURVE('',#2311,#2304,#2725,.T.);
#1808=EDGE_CURVE('',#2310,#2306,#2726,.T.);
#1809=EDGE_CURVE('',#2312,#2312,#195,.T.);
#1810=EDGE_CURVE('',#2313,#2313,#196,.T.);
#1811=EDGE_CURVE('',#2314,#2314,#197,.T.);
#1812=EDGE_CURVE('',#2315,#2315,#198,.T.);
#1813=EDGE_CURVE('',#2316,#2316,#199,.T.);
#1814=EDGE_CURVE('',#2317,#2317,#200,.T.);
#1815=EDGE_CURVE('',#2318,#2318,#201,.T.);
#1816=EDGE_CURVE('',#2319,#2319,#202,.T.);
#1817=EDGE_CURVE('',#2320,#2320,#203,.T.);
#1818=EDGE_CURVE('',#2321,#2321,#204,.T.);
#1819=EDGE_CURVE('',#2322,#2323,#205,.T.);
#1820=EDGE_CURVE('',#2324,#2322,#2727,.T.);
#1821=EDGE_CURVE('',#2323,#2324,#2728,.T.);
#1822=EDGE_CURVE('',#2323,#2325,#206,.T.);
#1823=EDGE_CURVE('',#2326,#2323,#2729,.T.);
#1824=EDGE_CURVE('',#2325,#2326,#2730,.T.);
#1825=EDGE_CURVE('',#2325,#2327,#207,.T.);
#1826=EDGE_CURVE('',#2328,#2325,#2731,.T.);
#1827=EDGE_CURVE('',#2327,#2328,#2732,.T.);
#1828=EDGE_CURVE('',#2327,#2329,#208,.T.);
#1829=EDGE_CURVE('',#2330,#2327,#2733,.T.);
#1830=EDGE_CURVE('',#2329,#2330,#2734,.T.);
#1831=EDGE_CURVE('',#2329,#2331,#209,.T.);
#1832=EDGE_CURVE('',#2332,#2329,#2735,.T.);
#1833=EDGE_CURVE('',#2331,#2332,#2736,.T.);
#1834=EDGE_CURVE('',#2333,#2333,#210,.T.);
#1835=EDGE_CURVE('',#2334,#2335,#2737,.T.);
#1836=EDGE_CURVE('',#2335,#2336,#2738,.T.);
#1837=EDGE_CURVE('',#2336,#2337,#2739,.T.);
#1838=EDGE_CURVE('',#2337,#2338,#2740,.T.);
#1839=EDGE_CURVE('',#2338,#2339,#2741,.T.);
#1840=EDGE_CURVE('',#2339,#2334,#2742,.T.);
#1841=EDGE_CURVE('',#2340,#2340,#211,.T.);
#1842=EDGE_CURVE('',#2341,#2341,#212,.T.);
#1843=EDGE_CURVE('',#2342,#2342,#213,.T.);
#1844=EDGE_CURVE('',#2343,#2343,#214,.F.);
#1845=EDGE_CURVE('',#2344,#2344,#215,.T.);
#1846=EDGE_CURVE('',#2326,#2334,#2743,.T.);
#1847=EDGE_CURVE('',#2324,#2335,#2744,.T.);
#1848=EDGE_CURVE('',#2328,#2339,#2745,.T.);
#1849=EDGE_CURVE('',#2330,#2338,#2746,.T.);
#1850=EDGE_CURVE('',#2332,#2337,#2747,.T.);
#1851=EDGE_CURVE('',#2345,#2336,#2748,.T.);
#1852=EDGE_CURVE('',#2345,#2331,#2749,.T.);
#1853=EDGE_CURVE('',#2322,#2345,#2750,.T.);
#1854=EDGE_CURVE('',#2331,#2322,#216,.T.);
#1855=EDGE_CURVE('',#2347,#2348,#2751,.T.);
#1856=EDGE_CURVE('',#2347,#2349,#2752,.T.);
#1857=EDGE_CURVE('',#2349,#2350,#2753,.T.);
#1858=EDGE_CURVE('',#2348,#2350,#2754,.T.);
#1859=EDGE_CURVE('',#2351,#2352,#2755,.T.);
#1860=EDGE_CURVE('',#2351,#2353,#2756,.F.);
#1861=EDGE_CURVE('',#2353,#2354,#2757,.T.);
#1862=EDGE_CURVE('',#2354,#2355,#2758,.T.);
#1863=EDGE_CURVE('',#2356,#2355,#2759,.T.);
#1864=EDGE_CURVE('',#2356,#2357,#217,.T.);
#1865=EDGE_CURVE('',#2358,#2357,#2760,.T.);
#1866=EDGE_CURVE('',#2358,#2359,#218,.T.);
#1867=EDGE_CURVE('',#2359,#2360,#2761,.T.);
#1868=EDGE_CURVE('',#2360,#2361,#219,.T.);
#1869=EDGE_CURVE('',#2361,#2362,#2762,.T.);
#1870=EDGE_CURVE('',#2362,#2352,#220,.T.);
#1871=EDGE_CURVE('',#2363,#2364,#2763,.T.);
#1872=EDGE_CURVE('',#2360,#2364,#2764,.T.);
#1873=EDGE_CURVE('',#2359,#2363,#2765,.T.);
#1874=EDGE_CURVE('',#2364,#2365,#221,.T.);
#1875=EDGE_CURVE('',#2361,#2365,#2766,.T.);
#1876=EDGE_CURVE('',#2365,#2366,#2767,.T.);
#1877=EDGE_CURVE('',#2362,#2366,#2768,.T.);
#1878=EDGE_CURVE('',#2366,#2367,#222,.T.);
#1879=EDGE_CURVE('',#2352,#2367,#2769,.T.);
#1880=EDGE_CURVE('',#2368,#2367,#2770,.T.);
#1881=EDGE_CURVE('',#2356,#2368,#2771,.T.);
#1882=EDGE_CURVE('',#2355,#2351,#2772,.T.);
#1883=EDGE_CURVE('',#2368,#2369,#223,.T.);
#1884=EDGE_CURVE('',#2357,#2369,#2773,.T.);
#1885=EDGE_CURVE('',#2370,#2369,#2774,.T.);
#1886=EDGE_CURVE('',#2358,#2370,#2775,.T.);
#1887=EDGE_CURVE('',#2370,#2363,#224,.T.);
#1888=EDGE_CURVE('',#2371,#2347,#2776,.T.);
#1889=EDGE_CURVE('',#2371,#2372,#2777,.T.);
#1890=EDGE_CURVE('',#2372,#2349,#2778,.T.);
#1891=EDGE_CURVE('',#2373,#2348,#2779,.T.);
#1892=EDGE_CURVE('',#2371,#2373,#2780,.T.);
#1893=EDGE_CURVE('',#2374,#2350,#2781,.T.);
#1894=EDGE_CURVE('',#2373,#2374,#2782,.T.);
#1895=EDGE_CURVE('',#2372,#2374,#2783,.T.);
#1896=EDGE_CURVE('',#2375,#2376,#2784,.T.);
#1897=EDGE_CURVE('',#2376,#2377,#2785,.F.);
#1898=EDGE_CURVE('',#2378,#2377,#2786,.T.);
#1899=EDGE_CURVE('',#2378,#2375,#2787,.T.);
#1900=EDGE_CURVE('',#2353,#2379,#225,.T.);
#1901=EDGE_CURVE('',#2380,#2379,#2788,.T.);
#1902=EDGE_CURVE('',#2380,#2381,#226,.T.);
#1903=EDGE_CURVE('',#2381,#2382,#2789,.T.);
#1904=EDGE_CURVE('',#2382,#2378,#227,.T.);
#1905=EDGE_CURVE('',#2377,#2354,#228,.T.);
#1906=EDGE_CURVE('',#2379,#2383,#2790,.T.);
#1907=EDGE_CURVE('',#2384,#2383,#2791,.T.);
#1908=EDGE_CURVE('',#2384,#2380,#2792,.F.);
#1909=EDGE_CURVE('',#2385,#2386,#2793,.T.);
#1910=EDGE_CURVE('',#2387,#2385,#229,.T.);
#1911=EDGE_CURVE('',#2388,#2387,#2794,.T.);
#1912=EDGE_CURVE('',#2389,#2388,#230,.T.);
#1913=EDGE_CURVE('',#2389,#2390,#2795,.T.);
#1914=EDGE_CURVE('',#2391,#2390,#231,.T.);
#1915=EDGE_CURVE('',#2391,#2392,#2796,.T.);
#1916=EDGE_CURVE('',#2386,#2392,#232,.T.);
#1917=EDGE_CURVE('',#2383,#2393,#233,.T.);
#1918=EDGE_CURVE('',#2394,#2393,#2797,.T.);
#1919=EDGE_CURVE('',#2394,#2376,#234,.T.);
#1920=EDGE_CURVE('',#2375,#2395,#235,.T.);
#1921=EDGE_CURVE('',#2395,#2396,#2798,.T.);
#1922=EDGE_CURVE('',#2396,#2384,#236,.T.);
#1923=EDGE_CURVE('',#2395,#2382,#2799,.F.);
#1924=EDGE_CURVE('',#2381,#2396,#2800,.T.);
#1925=EDGE_CURVE('',#2355,#2394,#2801,.T.);
#1926=EDGE_CURVE('',#2393,#2351,#2802,.F.);
#1927=EDGE_CURVE('',#2397,#2389,#2803,.F.);
#1928=EDGE_CURVE('',#2397,#2398,#2804,.T.);
#1929=EDGE_CURVE('',#2390,#2398,#2805,.T.);
#1930=EDGE_CURVE('',#2399,#2400,#2806,.T.);
#1931=EDGE_CURVE('',#2398,#2400,#237,.T.);
#1932=EDGE_CURVE('',#2401,#2397,#238,.T.);
#1933=EDGE_CURVE('',#2402,#2401,#2807,.T.);
#1934=EDGE_CURVE('',#2403,#2402,#239,.T.);
#1935=EDGE_CURVE('',#2403,#2404,#2808,.T.);
#1936=EDGE_CURVE('',#2399,#2404,#240,.T.);
#1937=EDGE_CURVE('',#2385,#2403,#2809,.F.);
#1938=EDGE_CURVE('',#2404,#2386,#2810,.T.);
#1939=EDGE_CURVE('',#2402,#2387,#2811,.T.);
#1940=EDGE_CURVE('',#2388,#2401,#2812,.F.);
#1941=EDGE_CURVE('',#2400,#2391,#2813,.T.);
#1942=EDGE_CURVE('',#2392,#2399,#2814,.F.);
#1943=EDGE_CURVE('',#2405,#2406,#2815,.T.);
#1944=EDGE_CURVE('',#2405,#2407,#2816,.T.);
#1945=EDGE_CURVE('',#2407,#2408,#2817,.T.);
#1946=EDGE_CURVE('',#2406,#2408,#2818,.T.);
#1947=EDGE_CURVE('',#2409,#2410,#2819,.T.);
#1948=EDGE_CURVE('',#2409,#2411,#2820,.T.);
#1949=EDGE_CURVE('',#2411,#2412,#2821,.T.);
#1950=EDGE_CURVE('',#2410,#2412,#2822,.T.);
#1951=EDGE_CURVE('',#2413,#2414,#2823,.T.);
#1952=EDGE_CURVE('',#2413,#2415,#2824,.T.);
#1953=EDGE_CURVE('',#2415,#2416,#2825,.T.);
#1954=EDGE_CURVE('',#2414,#2416,#2826,.T.);
#1955=EDGE_CURVE('',#2417,#2418,#2827,.T.);
#1956=EDGE_CURVE('',#2417,#2419,#2828,.T.);
#1957=EDGE_CURVE('',#2419,#2420,#2829,.T.);
#1958=EDGE_CURVE('',#2418,#2420,#2830,.T.);
#1959=EDGE_CURVE('',#2421,#2422,#2831,.T.);
#1960=EDGE_CURVE('',#2421,#2423,#2832,.T.);
#1961=EDGE_CURVE('',#2423,#2424,#2833,.T.);
#1962=EDGE_CURVE('',#2422,#2424,#2834,.T.);
#1963=EDGE_CURVE('',#2425,#2426,#2835,.T.);
#1964=EDGE_CURVE('',#2425,#2427,#2836,.T.);
#1965=EDGE_CURVE('',#2427,#2428,#2837,.T.);
#1966=EDGE_CURVE('',#2428,#2429,#2838,.T.);
#1967=EDGE_CURVE('',#2429,#2430,#2839,.T.);
#1968=EDGE_CURVE('',#2431,#2430,#241,.T.);
#1969=EDGE_CURVE('',#2426,#2431,#2840,.T.);
#1970=EDGE_CURVE('',#2432,#2433,#2841,.T.);
#1971=EDGE_CURVE('',#2432,#2434,#2842,.T.);
#1972=EDGE_CURVE('',#2434,#2435,#2843,.T.);
#1973=EDGE_CURVE('',#2433,#2435,#2844,.T.);
#1974=EDGE_CURVE('',#2436,#2437,#2845,.T.);
#1975=EDGE_CURVE('',#2436,#2438,#2846,.T.);
#1976=EDGE_CURVE('',#2438,#2439,#2847,.T.);
#1977=EDGE_CURVE('',#2437,#2439,#2848,.T.);
#1978=EDGE_CURVE('',#2440,#2441,#2849,.T.);
#1979=EDGE_CURVE('',#2440,#2442,#2850,.T.);
#1980=EDGE_CURVE('',#2442,#2443,#2851,.T.);
#1981=EDGE_CURVE('',#2441,#2443,#2852,.T.);
#1982=EDGE_CURVE('',#2444,#2445,#2853,.T.);
#1983=EDGE_CURVE('',#2425,#2444,#2854,.T.);
#1984=EDGE_CURVE('',#2426,#2445,#2855,.T.);
#1985=EDGE_CURVE('',#2444,#2446,#2856,.T.);
#1986=EDGE_CURVE('',#2427,#2446,#2857,.T.);
#1987=EDGE_CURVE('',#2446,#2447,#2858,.T.);
#1988=EDGE_CURVE('',#2428,#2447,#2859,.T.);
#1989=EDGE_CURVE('',#2447,#2448,#2860,.T.);
#1990=EDGE_CURVE('',#2429,#2448,#2861,.T.);
#1991=EDGE_CURVE('',#2448,#2449,#2862,.T.);
#1992=EDGE_CURVE('',#2430,#2449,#2863,.T.);
#1993=EDGE_CURVE('',#2450,#2449,#242,.T.);
#1994=EDGE_CURVE('',#2431,#2450,#2864,.T.);
#1995=EDGE_CURVE('',#2445,#2450,#2865,.T.);
#1996=EDGE_CURVE('',#2451,#2432,#2866,.T.);
#1997=EDGE_CURVE('',#2451,#2452,#2867,.T.);
#1998=EDGE_CURVE('',#2452,#2434,#2868,.T.);
#1999=EDGE_CURVE('',#2453,#2433,#2869,.T.);
#2000=EDGE_CURVE('',#2451,#2453,#2870,.T.);
#2001=EDGE_CURVE('',#2454,#2435,#2871,.T.);
#2002=EDGE_CURVE('',#2453,#2454,#2872,.T.);
#2003=EDGE_CURVE('',#2452,#2454,#2873,.T.);
#2004=EDGE_CURVE('',#2455,#2422,#2874,.T.);
#2005=EDGE_CURVE('',#2456,#2455,#2875,.T.);
#2006=EDGE_CURVE('',#2456,#2421,#2876,.T.);
#2007=EDGE_CURVE('',#2457,#2424,#2877,.T.);
#2008=EDGE_CURVE('',#2455,#2457,#2878,.T.);
#2009=EDGE_CURVE('',#2458,#2423,#2879,.T.);
#2010=EDGE_CURVE('',#2458,#2457,#2880,.T.);
#2011=EDGE_CURVE('',#2456,#2458,#2881,.T.);
#2012=EDGE_CURVE('',#2459,#2436,#2882,.T.);
#2013=EDGE_CURVE('',#2459,#2460,#2883,.T.);
#2014=EDGE_CURVE('',#2460,#2438,#2884,.T.);
#2015=EDGE_CURVE('',#2461,#2437,#2885,.T.);
#2016=EDGE_CURVE('',#2459,#2461,#2886,.T.);
#2017=EDGE_CURVE('',#2462,#2439,#2887,.T.);
#2018=EDGE_CURVE('',#2461,#2462,#2888,.T.);
#2019=EDGE_CURVE('',#2460,#2462,#2889,.T.);
#2020=EDGE_CURVE('',#2463,#2440,#2890,.T.);
#2021=EDGE_CURVE('',#2463,#2464,#2891,.T.);
#2022=EDGE_CURVE('',#2464,#2442,#2892,.T.);
#2023=EDGE_CURVE('',#2465,#2441,#2893,.T.);
#2024=EDGE_CURVE('',#2463,#2465,#2894,.T.);
#2025=EDGE_CURVE('',#2466,#2443,#2895,.T.);
#2026=EDGE_CURVE('',#2465,#2466,#2896,.T.);
#2027=EDGE_CURVE('',#2464,#2466,#2897,.T.);
#2028=EDGE_CURVE('',#2467,#2418,#2898,.T.);
#2029=EDGE_CURVE('',#2468,#2467,#2899,.T.);
#2030=EDGE_CURVE('',#2468,#2417,#2900,.T.);
#2031=EDGE_CURVE('',#2469,#2420,#2901,.T.);
#2032=EDGE_CURVE('',#2467,#2469,#2902,.T.);
#2033=EDGE_CURVE('',#2470,#2419,#2903,.T.);
#2034=EDGE_CURVE('',#2470,#2469,#2904,.T.);
#2035=EDGE_CURVE('',#2468,#2470,#2905,.T.);
#2036=EDGE_CURVE('',#2471,#2414,#2906,.T.);
#2037=EDGE_CURVE('',#2472,#2471,#2907,.T.);
#2038=EDGE_CURVE('',#2472,#2413,#2908,.T.);
#2039=EDGE_CURVE('',#2473,#2416,#2909,.T.);
#2040=EDGE_CURVE('',#2471,#2473,#2910,.T.);
#2041=EDGE_CURVE('',#2474,#2415,#2911,.T.);
#2042=EDGE_CURVE('',#2474,#2473,#2912,.T.);
#2043=EDGE_CURVE('',#2472,#2474,#2913,.T.);
#2044=EDGE_CURVE('',#2475,#2410,#2914,.T.);
#2045=EDGE_CURVE('',#2476,#2475,#2915,.T.);
#2046=EDGE_CURVE('',#2476,#2409,#2916,.T.);
#2047=EDGE_CURVE('',#2477,#2412,#2917,.T.);
#2048=EDGE_CURVE('',#2475,#2477,#2918,.T.);
#2049=EDGE_CURVE('',#2478,#2411,#2919,.T.);
#2050=EDGE_CURVE('',#2478,#2477,#2920,.T.);
#2051=EDGE_CURVE('',#2476,#2478,#2921,.T.);
#2052=EDGE_CURVE('',#2479,#2406,#2922,.T.);
#2053=EDGE_CURVE('',#2480,#2479,#2923,.T.);
#2054=EDGE_CURVE('',#2480,#2405,#2924,.T.);
#2055=EDGE_CURVE('',#2481,#2408,#2925,.T.);
#2056=EDGE_CURVE('',#2479,#2481,#2926,.T.);
#2057=EDGE_CURVE('',#2482,#2407,#2927,.T.);
#2058=EDGE_CURVE('',#2482,#2481,#2928,.T.);
#2059=EDGE_CURVE('',#2480,#2482,#2929,.T.);
#2060=EDGE_CURVE('',#2483,#2484,#2930,.T.);
#2061=EDGE_CURVE('',#2485,#2483,#2931,.T.);
#2062=EDGE_CURVE('',#2485,#2486,#2932,.T.);
#2063=EDGE_CURVE('',#2486,#2487,#2933,.T.);
#2064=EDGE_CURVE('',#2488,#2487,#2934,.T.);
#2065=EDGE_CURVE('',#2489,#2488,#2935,.T.);
#2066=EDGE_CURVE('',#2489,#2490,#2936,.T.);
#2067=EDGE_CURVE('',#2490,#2484,#2937,.T.);
#2068=EDGE_CURVE('',#2491,#2492,#2938,.T.);
#2069=EDGE_CURVE('',#2491,#2493,#2939,.T.);
#2070=EDGE_CURVE('',#2493,#2494,#2940,.T.);
#2071=EDGE_CURVE('',#2492,#2494,#2941,.T.);
#2072=EDGE_CURVE('',#2491,#2495,#243,.F.);
#2073=EDGE_CURVE('',#2492,#2496,#244,.T.);
#2074=EDGE_CURVE('',#2495,#2496,#2942,.T.);
#2075=EDGE_CURVE('',#2497,#2498,#245,.F.);
#2076=EDGE_CURVE('',#2497,#2499,#2943,.T.);
#2077=EDGE_CURVE('',#2499,#2500,#246,.T.);
#2078=EDGE_CURVE('',#2498,#2500,#2944,.T.);
#2079=EDGE_CURVE('',#2498,#2501,#2945,.T.);
#2080=EDGE_CURVE('',#2500,#2502,#2946,.T.);
#2081=EDGE_CURVE('',#2501,#2502,#2947,.T.);
#2082=EDGE_CURVE('',#2501,#2503,#247,.F.);
#2083=EDGE_CURVE('',#2502,#2504,#248,.T.);
#2084=EDGE_CURVE('',#2503,#2504,#2948,.T.);
#2085=EDGE_CURVE('',#2503,#2505,#2949,.T.);
#2086=EDGE_CURVE('',#2504,#2506,#2950,.T.);
#2087=EDGE_CURVE('',#2505,#2506,#2951,.T.);
#2088=EDGE_CURVE('',#2505,#2493,#249,.F.);
#2089=EDGE_CURVE('',#2506,#2494,#250,.T.);
#2090=EDGE_CURVE('',#2507,#2508,#2952,.T.);
#2091=EDGE_CURVE('',#2507,#2509,#2953,.T.);
#2092=EDGE_CURVE('',#2509,#2510,#2954,.T.);
#2093=EDGE_CURVE('',#2508,#2510,#2955,.T.);
#2094=EDGE_CURVE('',#2499,#2496,#2956,.T.);
#2095=EDGE_CURVE('',#2507,#2511,#2957,.T.);
#2096=EDGE_CURVE('',#2511,#2512,#2958,.T.);
#2097=EDGE_CURVE('',#2509,#2512,#2959,.T.);
#2098=EDGE_CURVE('',#2508,#2513,#2960,.T.);
#2099=EDGE_CURVE('',#2510,#2514,#2961,.T.);
#2100=EDGE_CURVE('',#2513,#2514,#2962,.T.);
#2101=EDGE_CURVE('',#2511,#2513,#2963,.T.);
#2102=EDGE_CURVE('',#2512,#2514,#2964,.T.);
#2103=EDGE_CURVE('',#2484,#2515,#2965,.T.);
#2104=EDGE_CURVE('',#2516,#2490,#2966,.T.);
#2105=EDGE_CURVE('',#2516,#2517,#2967,.T.);
#2106=EDGE_CURVE('',#2487,#2517,#2968,.T.);
#2107=EDGE_CURVE('',#2486,#2518,#2969,.T.);
#2108=EDGE_CURVE('',#2518,#2515,#2970,.T.);
#2109=EDGE_CURVE('',#2519,#2519,#251,.T.);
#2110=EDGE_CURVE('',#2520,#2520,#252,.T.);
#2111=EDGE_CURVE('',#2521,#2521,#253,.T.);
#2112=EDGE_CURVE('',#2522,#2522,#254,.T.);
#2113=EDGE_CURVE('',#2524,#2524,#255,.T.);
#2114=EDGE_CURVE('',#2526,#2526,#256,.T.);
#2115=EDGE_CURVE('',#2528,#2528,#257,.T.);
#2116=EDGE_CURVE('',#2489,#2529,#2971,.T.);
#2117=EDGE_CURVE('',#2488,#2530,#2972,.T.);
#2118=EDGE_CURVE('',#2529,#2530,#2973,.T.);
#2119=EDGE_CURVE('',#2529,#2516,#2974,.T.);
#2120=EDGE_CURVE('',#2530,#2517,#2975,.T.);
#2121=EDGE_CURVE('',#2532,#2532,#258,.T.);
#2122=EDGE_CURVE('',#2533,#2483,#2976,.T.);
#2123=EDGE_CURVE('',#2495,#2533,#2977,.T.);
#2124=EDGE_CURVE('',#2534,#2497,#2978,.T.);
#2125=EDGE_CURVE('',#2534,#2485,#2979,.T.);
#2126=EDGE_CURVE('',#2534,#2518,#2980,.T.);
#2127=EDGE_CURVE('',#2533,#2515,#2981,.T.);
#2128=VERTEX_POINT('',#6145);
#2129=VERTEX_POINT('',#6146);
#2130=VERTEX_POINT('',#6148);
#2131=VERTEX_POINT('',#6150);
#2132=VERTEX_POINT('',#6154);
#2133=VERTEX_POINT('',#6155);
#2134=VERTEX_POINT('',#6160);
#2135=VERTEX_POINT('',#6161);
#2136=VERTEX_POINT('',#6166);
#2137=VERTEX_POINT('',#6167);
#2138=VERTEX_POINT('',#6172);
#2139=VERTEX_POINT('',#6173);
#2140=VERTEX_POINT('',#6178);
#2141=VERTEX_POINT('',#6179);
#2142=VERTEX_POINT('',#6184);
#2143=VERTEX_POINT('',#6185);
#2144=VERTEX_POINT('',#6190);
#2145=VERTEX_POINT('',#6191);
#2146=VERTEX_POINT('',#6196);
#2147=VERTEX_POINT('',#6197);
#2148=VERTEX_POINT('',#6202);
#2149=VERTEX_POINT('',#6203);
#2150=VERTEX_POINT('',#6208);
#2151=VERTEX_POINT('',#6209);
#2152=VERTEX_POINT('',#6217);
#2153=VERTEX_POINT('',#6218);
#2154=VERTEX_POINT('',#6220);
#2155=VERTEX_POINT('',#6222);
#2156=VERTEX_POINT('',#6224);
#2157=VERTEX_POINT('',#6226);
#2158=VERTEX_POINT('',#6228);
#2159=VERTEX_POINT('',#6230);
#2160=VERTEX_POINT('',#6232);
#2161=VERTEX_POINT('',#6234);
#2162=VERTEX_POINT('',#6236);
#2163=VERTEX_POINT('',#6238);
#2164=VERTEX_POINT('',#6242);
#2165=VERTEX_POINT('',#6304);
#2166=VERTEX_POINT('',#6305);
#2167=VERTEX_POINT('',#6311);
#2168=VERTEX_POINT('',#6313);
#2169=VERTEX_POINT('',#6336);
#2170=VERTEX_POINT('',#6337);
#2171=VERTEX_POINT('',#6339);
#2172=VERTEX_POINT('',#6341);
#2173=VERTEX_POINT('',#6348);
#2174=VERTEX_POINT('',#6349);
#2175=VERTEX_POINT('',#6389);
#2176=VERTEX_POINT('',#6390);
#2177=VERTEX_POINT('',#6445);
#2178=VERTEX_POINT('',#6446);
#2179=VERTEX_POINT('',#6459);
#2180=VERTEX_POINT('',#6460);
#2181=VERTEX_POINT('',#6465);
#2182=VERTEX_POINT('',#6466);
#2183=VERTEX_POINT('',#6556);
#2184=VERTEX_POINT('',#6564);
#2185=VERTEX_POINT('',#6594);
#2186=VERTEX_POINT('',#6599);
#2187=VERTEX_POINT('',#6641);
#2188=VERTEX_POINT('',#6646);
#2189=VERTEX_POINT('',#6676);
#2190=VERTEX_POINT('',#6681);
#2191=VERTEX_POINT('',#6688);
#2192=VERTEX_POINT('',#6689);
#2193=VERTEX_POINT('',#6691);
#2194=VERTEX_POINT('',#6693);
#2195=VERTEX_POINT('',#6706);
#2196=VERTEX_POINT('',#6709);
#2197=VERTEX_POINT('',#6711);
#2198=VERTEX_POINT('',#6715);
#2199=VERTEX_POINT('',#6716);
#2200=VERTEX_POINT('',#6760);
#2201=VERTEX_POINT('',#6761);
#2202=VERTEX_POINT('',#6763);
#2203=VERTEX_POINT('',#6765);
#2204=VERTEX_POINT('',#6769);
#2205=VERTEX_POINT('',#6771);
#2206=VERTEX_POINT('',#6775);
#2207=VERTEX_POINT('',#6777);
#2208=VERTEX_POINT('',#6784);
#2209=VERTEX_POINT('',#6785);
#2210=VERTEX_POINT('',#6787);
#2211=VERTEX_POINT('',#6789);
#2212=VERTEX_POINT('',#6793);
#2213=VERTEX_POINT('',#6795);
#2214=VERTEX_POINT('',#6799);
#2215=VERTEX_POINT('',#6801);
#2216=VERTEX_POINT('',#6805);
#2217=VERTEX_POINT('',#6807);
#2218=VERTEX_POINT('',#6811);
#2219=VERTEX_POINT('',#6813);
#2220=VERTEX_POINT('',#6817);
#2221=VERTEX_POINT('',#6819);
#2222=VERTEX_POINT('',#6823);
#2223=VERTEX_POINT('',#6825);
#2224=VERTEX_POINT('',#6832);
#2225=VERTEX_POINT('',#6833);
#2226=VERTEX_POINT('',#6835);
#2227=VERTEX_POINT('',#6837);
#2228=VERTEX_POINT('',#6841);
#2229=VERTEX_POINT('',#6843);
#2230=VERTEX_POINT('',#6847);
#2231=VERTEX_POINT('',#6849);
#2232=VERTEX_POINT('',#6853);
#2233=VERTEX_POINT('',#6855);
#2234=VERTEX_POINT('',#6859);
#2235=VERTEX_POINT('',#6861);
#2236=VERTEX_POINT('',#6865);
#2237=VERTEX_POINT('',#6867);
#2238=VERTEX_POINT('',#6871);
#2239=VERTEX_POINT('',#6873);
#2240=VERTEX_POINT('',#6880);
#2241=VERTEX_POINT('',#6881);
#2242=VERTEX_POINT('',#6883);
#2243=VERTEX_POINT('',#6885);
#2244=VERTEX_POINT('',#6889);
#2245=VERTEX_POINT('',#6891);
#2246=VERTEX_POINT('',#6895);
#2247=VERTEX_POINT('',#6897);
#2248=VERTEX_POINT('',#6901);
#2249=VERTEX_POINT('',#6903);
#2250=VERTEX_POINT('',#6907);
#2251=VERTEX_POINT('',#6909);
#2252=VERTEX_POINT('',#6913);
#2253=VERTEX_POINT('',#6915);
#2254=VERTEX_POINT('',#6919);
#2255=VERTEX_POINT('',#6921);
#2256=VERTEX_POINT('',#6928);
#2257=VERTEX_POINT('',#6929);
#2258=VERTEX_POINT('',#6931);
#2259=VERTEX_POINT('',#6933);
#2260=VERTEX_POINT('',#6937);
#2261=VERTEX_POINT('',#6939);
#2262=VERTEX_POINT('',#6943);
#2263=VERTEX_POINT('',#6945);
#2264=VERTEX_POINT('',#6949);
#2265=VERTEX_POINT('',#6951);
#2266=VERTEX_POINT('',#6955);
#2267=VERTEX_POINT('',#6957);
#2268=VERTEX_POINT('',#6961);
#2269=VERTEX_POINT('',#6963);
#2270=VERTEX_POINT('',#6967);
#2271=VERTEX_POINT('',#6969);
#2272=VERTEX_POINT('',#6976);
#2273=VERTEX_POINT('',#6977);
#2274=VERTEX_POINT('',#6979);
#2275=VERTEX_POINT('',#6981);
#2276=VERTEX_POINT('',#6985);
#2277=VERTEX_POINT('',#6987);
#2278=VERTEX_POINT('',#6991);
#2279=VERTEX_POINT('',#6993);
#2280=VERTEX_POINT('',#6997);
#2281=VERTEX_POINT('',#6999);
#2282=VERTEX_POINT('',#7003);
#2283=VERTEX_POINT('',#7005);
#2284=VERTEX_POINT('',#7009);
#2285=VERTEX_POINT('',#7011);
#2286=VERTEX_POINT('',#7015);
#2287=VERTEX_POINT('',#7017);
#2288=VERTEX_POINT('',#7024);
#2289=VERTEX_POINT('',#7025);
#2290=VERTEX_POINT('',#7027);
#2291=VERTEX_POINT('',#7029);
#2292=VERTEX_POINT('',#7033);
#2293=VERTEX_POINT('',#7035);
#2294=VERTEX_POINT('',#7039);
#2295=VERTEX_POINT('',#7041);
#2296=VERTEX_POINT('',#7045);
#2297=VERTEX_POINT('',#7047);
#2298=VERTEX_POINT('',#7051);
#2299=VERTEX_POINT('',#7053);
#2300=VERTEX_POINT('',#7057);
#2301=VERTEX_POINT('',#7059);
#2302=VERTEX_POINT('',#7063);
#2303=VERTEX_POINT('',#7065);
#2304=VERTEX_POINT('',#7072);
#2305=VERTEX_POINT('',#7073);
#2306=VERTEX_POINT('',#7075);
#2307=VERTEX_POINT('',#7077);
#2308=VERTEX_POINT('',#7081);
#2309=VERTEX_POINT('',#7082);
#2310=VERTEX_POINT('',#7087);
#2311=VERTEX_POINT('',#7088);
#2312=VERTEX_POINT('',#7096);
#2313=VERTEX_POINT('',#7098);
#2314=VERTEX_POINT('',#7101);
#2315=VERTEX_POINT('',#7103);
#2316=VERTEX_POINT('',#7106);
#2317=VERTEX_POINT('',#7108);
#2318=VERTEX_POINT('',#7111);
#2319=VERTEX_POINT('',#7113);
#2320=VERTEX_POINT('',#7116);
#2321=VERTEX_POINT('',#7119);
#2322=VERTEX_POINT('',#7125);
#2323=VERTEX_POINT('',#7126);
#2324=VERTEX_POINT('',#7128);
#2325=VERTEX_POINT('',#7132);
#2326=VERTEX_POINT('',#7134);
#2327=VERTEX_POINT('',#7138);
#2328=VERTEX_POINT('',#7140);
#2329=VERTEX_POINT('',#7144);
#2330=VERTEX_POINT('',#7146);
#2331=VERTEX_POINT('',#7150);
#2332=VERTEX_POINT('',#7152);
#2333=VERTEX_POINT('',#7156);
#2334=VERTEX_POINT('',#7158);
#2335=VERTEX_POINT('',#7159);
#2336=VERTEX_POINT('',#7161);
#2337=VERTEX_POINT('',#7163);
#2338=VERTEX_POINT('',#7165);
#2339=VERTEX_POINT('',#7167);
#2340=VERTEX_POINT('',#7171);
#2341=VERTEX_POINT('',#7173);
#2342=VERTEX_POINT('',#7176);
#2343=VERTEX_POINT('',#7179);
#2344=VERTEX_POINT('',#7182);
#2345=VERTEX_POINT('',#7195);
#2346=VERTEX_POINT('',#7202);
#2347=VERTEX_POINT('',#7208);
#2348=VERTEX_POINT('',#7209);
#2349=VERTEX_POINT('',#7211);
#2350=VERTEX_POINT('',#7213);
#2351=VERTEX_POINT('',#7216);
#2352=VERTEX_POINT('',#7217);
#2353=VERTEX_POINT('',#7219);
#2354=VERTEX_POINT('',#7221);
#2355=VERTEX_POINT('',#7223);
#2356=VERTEX_POINT('',#7225);
#2357=VERTEX_POINT('',#7227);
#2358=VERTEX_POINT('',#7229);
#2359=VERTEX_POINT('',#7231);
#2360=VERTEX_POINT('',#7233);
#2361=VERTEX_POINT('',#7235);
#2362=VERTEX_POINT('',#7237);
#2363=VERTEX_POINT('',#7241);
#2364=VERTEX_POINT('',#7242);
#2365=VERTEX_POINT('',#7247);
#2366=VERTEX_POINT('',#7251);
#2367=VERTEX_POINT('',#7255);
#2368=VERTEX_POINT('',#7259);
#2369=VERTEX_POINT('',#7264);
#2370=VERTEX_POINT('',#7268);
#2371=VERTEX_POINT('',#7275);
#2372=VERTEX_POINT('',#7277);
#2373=VERTEX_POINT('',#7281);
#2374=VERTEX_POINT('',#7285);
#2375=VERTEX_POINT('',#7292);
#2376=VERTEX_POINT('',#7293);
#2377=VERTEX_POINT('',#7295);
#2378=VERTEX_POINT('',#7297);
#2379=VERTEX_POINT('',#7301);
#2380=VERTEX_POINT('',#7303);
#2381=VERTEX_POINT('',#7305);
#2382=VERTEX_POINT('',#7307);
#2383=VERTEX_POINT('',#7312);
#2384=VERTEX_POINT('',#7314);
#2385=VERTEX_POINT('',#7318);
#2386=VERTEX_POINT('',#7319);
#2387=VERTEX_POINT('',#7321);
#2388=VERTEX_POINT('',#7323);
#2389=VERTEX_POINT('',#7325);
#2390=VERTEX_POINT('',#7327);
#2391=VERTEX_POINT('',#7329);
#2392=VERTEX_POINT('',#7331);
#2393=VERTEX_POINT('',#7334);
#2394=VERTEX_POINT('',#7336);
#2395=VERTEX_POINT('',#7339);
#2396=VERTEX_POINT('',#7341);
#2397=VERTEX_POINT('',#7355);
#2398=VERTEX_POINT('',#7357);
#2399=VERTEX_POINT('',#7361);
#2400=VERTEX_POINT('',#7362);
#2401=VERTEX_POINT('',#7365);
#2402=VERTEX_POINT('',#7367);
#2403=VERTEX_POINT('',#7369);
#2404=VERTEX_POINT('',#7371);
#2405=VERTEX_POINT('',#7389);
#2406=VERTEX_POINT('',#7390);
#2407=VERTEX_POINT('',#7392);
#2408=VERTEX_POINT('',#7394);
#2409=VERTEX_POINT('',#7397);
#2410=VERTEX_POINT('',#7398);
#2411=VERTEX_POINT('',#7400);
#2412=VERTEX_POINT('',#7402);
#2413=VERTEX_POINT('',#7405);
#2414=VERTEX_POINT('',#7406);
#2415=VERTEX_POINT('',#7408);
#2416=VERTEX_POINT('',#7410);
#2417=VERTEX_POINT('',#7413);
#2418=VERTEX_POINT('',#7414);
#2419=VERTEX_POINT('',#7416);
#2420=VERTEX_POINT('',#7418);
#2421=VERTEX_POINT('',#7421);
#2422=VERTEX_POINT('',#7422);
#2423=VERTEX_POINT('',#7424);
#2424=VERTEX_POINT('',#7426);
#2425=VERTEX_POINT('',#7429);
#2426=VERTEX_POINT('',#7430);
#2427=VERTEX_POINT('',#7432);
#2428=VERTEX_POINT('',#7434);
#2429=VERTEX_POINT('',#7436);
#2430=VERTEX_POINT('',#7438);
#2431=VERTEX_POINT('',#7440);
#2432=VERTEX_POINT('',#7443);
#2433=VERTEX_POINT('',#7444);
#2434=VERTEX_POINT('',#7446);
#2435=VERTEX_POINT('',#7448);
#2436=VERTEX_POINT('',#7451);
#2437=VERTEX_POINT('',#7452);
#2438=VERTEX_POINT('',#7454);
#2439=VERTEX_POINT('',#7456);
#2440=VERTEX_POINT('',#7459);
#2441=VERTEX_POINT('',#7460);
#2442=VERTEX_POINT('',#7462);
#2443=VERTEX_POINT('',#7464);
#2444=VERTEX_POINT('',#7468);
#2445=VERTEX_POINT('',#7469);
#2446=VERTEX_POINT('',#7474);
#2447=VERTEX_POINT('',#7478);
#2448=VERTEX_POINT('',#7482);
#2449=VERTEX_POINT('',#7486);
#2450=VERTEX_POINT('',#7490);
#2451=VERTEX_POINT('',#7497);
#2452=VERTEX_POINT('',#7499);
#2453=VERTEX_POINT('',#7503);
#2454=VERTEX_POINT('',#7507);
#2455=VERTEX_POINT('',#7514);
#2456=VERTEX_POINT('',#7516);
#2457=VERTEX_POINT('',#7520);
#2458=VERTEX_POINT('',#7524);
#2459=VERTEX_POINT('',#7531);
#2460=VERTEX_POINT('',#7533);
#2461=VERTEX_POINT('',#7537);
#2462=VERTEX_POINT('',#7541);
#2463=VERTEX_POINT('',#7548);
#2464=VERTEX_POINT('',#7550);
#2465=VERTEX_POINT('',#7554);
#2466=VERTEX_POINT('',#7558);
#2467=VERTEX_POINT('',#7565);
#2468=VERTEX_POINT('',#7567);
#2469=VERTEX_POINT('',#7571);
#2470=VERTEX_POINT('',#7575);
#2471=VERTEX_POINT('',#7582);
#2472=VERTEX_POINT('',#7584);
#2473=VERTEX_POINT('',#7588);
#2474=VERTEX_POINT('',#7592);
#2475=VERTEX_POINT('',#7599);
#2476=VERTEX_POINT('',#7601);
#2477=VERTEX_POINT('',#7605);
#2478=VERTEX_POINT('',#7609);
#2479=VERTEX_POINT('',#7616);
#2480=VERTEX_POINT('',#7618);
#2481=VERTEX_POINT('',#7622);
#2482=VERTEX_POINT('',#7626);
#2483=VERTEX_POINT('',#7635);
#2484=VERTEX_POINT('',#7636);
#2485=VERTEX_POINT('',#7638);
#2486=VERTEX_POINT('',#7640);
#2487=VERTEX_POINT('',#7642);
#2488=VERTEX_POINT('',#7644);
#2489=VERTEX_POINT('',#7646);
#2490=VERTEX_POINT('',#7648);
#2491=VERTEX_POINT('',#7652);
#2492=VERTEX_POINT('',#7653);
#2493=VERTEX_POINT('',#7655);
#2494=VERTEX_POINT('',#7657);
#2495=VERTEX_POINT('',#7661);
#2496=VERTEX_POINT('',#7663);
#2497=VERTEX_POINT('',#7667);
#2498=VERTEX_POINT('',#7668);
#2499=VERTEX_POINT('',#7670);
#2500=VERTEX_POINT('',#7672);
#2501=VERTEX_POINT('',#7676);
#2502=VERTEX_POINT('',#7678);
#2503=VERTEX_POINT('',#7682);
#2504=VERTEX_POINT('',#7684);
#2505=VERTEX_POINT('',#7688);
#2506=VERTEX_POINT('',#7690);
#2507=VERTEX_POINT('',#7697);
#2508=VERTEX_POINT('',#7698);
#2509=VERTEX_POINT('',#7700);
#2510=VERTEX_POINT('',#7702);
#2511=VERTEX_POINT('',#7707);
#2512=VERTEX_POINT('',#7709);
#2513=VERTEX_POINT('',#7713);
#2514=VERTEX_POINT('',#7715);
#2515=VERTEX_POINT('',#7723);
#2516=VERTEX_POINT('',#7725);
#2517=VERTEX_POINT('',#7727);
#2518=VERTEX_POINT('',#7730);
#2519=VERTEX_POINT('',#7733);
#2520=VERTEX_POINT('',#7735);
#2521=VERTEX_POINT('',#7737);
#2522=VERTEX_POINT('',#7739);
#2523=VERTEX_POINT('',#7741);
#2524=VERTEX_POINT('',#7743);
#2525=VERTEX_POINT('',#7746);
#2526=VERTEX_POINT('',#7748);
#2527=VERTEX_POINT('',#7751);
#2528=VERTEX_POINT('',#7753);
#2529=VERTEX_POINT('',#7757);
#2530=VERTEX_POINT('',#7759);
#2531=VERTEX_POINT('',#7767);
#2532=VERTEX_POINT('',#7769);
#2533=VERTEX_POINT('',#7773);
#2534=VERTEX_POINT('',#7776);
#2535=LINE('',#6144,#2982);
#2536=LINE('',#6147,#2983);
#2537=LINE('',#6149,#2984);
#2538=LINE('',#6151,#2985);
#2539=LINE('',#6153,#2986);
#2540=LINE('',#6156,#2987);
#2541=LINE('',#6157,#2988);
#2542=LINE('',#6159,#2989);
#2543=LINE('',#6162,#2990);
#2544=LINE('',#6163,#2991);
#2545=LINE('',#6165,#2992);
#2546=LINE('',#6168,#2993);
#2547=LINE('',#6169,#2994);
#2548=LINE('',#6171,#2995);
#2549=LINE('',#6174,#2996);
#2550=LINE('',#6175,#2997);
#2551=LINE('',#6177,#2998);
#2552=LINE('',#6180,#2999);
#2553=LINE('',#6181,#3000);
#2554=LINE('',#6183,#3001);
#2555=LINE('',#6186,#3002);
#2556=LINE('',#6187,#3003);
#2557=LINE('',#6189,#3004);
#2558=LINE('',#6192,#3005);
#2559=LINE('',#6193,#3006);
#2560=LINE('',#6195,#3007);
#2561=LINE('',#6198,#3008);
#2562=LINE('',#6199,#3009);
#2563=LINE('',#6201,#3010);
#2564=LINE('',#6204,#3011);
#2565=LINE('',#6205,#3012);
#2566=LINE('',#6207,#3013);
#2567=LINE('',#6210,#3014);
#2568=LINE('',#6211,#3015);
#2569=LINE('',#6213,#3016);
#2570=LINE('',#6214,#3017);
#2571=LINE('',#6219,#3018);
#2572=LINE('',#6223,#3019);
#2573=LINE('',#6227,#3020);
#2574=LINE('',#6231,#3021);
#2575=LINE('',#6235,#3022);
#2576=LINE('',#6239,#3023);
#2577=LINE('',#6244,#3024);
#2578=LINE('',#6245,#3025);
#2579=LINE('',#6247,#3026);
#2580=LINE('',#6249,#3027);
#2581=LINE('',#6251,#3028);
#2582=LINE('',#6253,#3029);
#2583=LINE('',#6255,#3030);
#2584=LINE('',#6257,#3031);
#2585=LINE('',#6259,#3032);
#2586=LINE('',#6261,#3033);
#2587=LINE('',#6263,#3034);
#2588=LINE('',#6265,#3035);
#2589=LINE('',#6350,#3036);
#2590=LINE('',#6351,#3037);
#2591=LINE('',#6461,#3038);
#2592=LINE('',#6462,#3039);
#2593=LINE('',#6690,#3040);
#2594=LINE('',#6694,#3041);
#2595=LINE('',#6708,#3042);
#2596=LINE('',#6710,#3043);
#2597=LINE('',#6712,#3044);
#2598=LINE('',#6714,#3045);
#2599=LINE('',#6717,#3046);
#2600=LINE('',#6718,#3047);
#2601=LINE('',#6720,#3048);
#2602=LINE('',#6722,#3049);
#2603=LINE('',#6729,#3050);
#2604=LINE('',#6731,#3051);
#2605=LINE('',#6734,#3052);
#2606=LINE('',#6736,#3053);
#2607=LINE('',#6759,#3054);
#2608=LINE('',#6762,#3055);
#2609=LINE('',#6764,#3056);
#2610=LINE('',#6766,#3057);
#2611=LINE('',#6768,#3058);
#2612=LINE('',#6770,#3059);
#2613=LINE('',#6772,#3060);
#2614=LINE('',#6774,#3061);
#2615=LINE('',#6776,#3062);
#2616=LINE('',#6778,#3063);
#2617=LINE('',#6780,#3064);
#2618=LINE('',#6781,#3065);
#2619=LINE('',#6783,#3066);
#2620=LINE('',#6786,#3067);
#2621=LINE('',#6788,#3068);
#2622=LINE('',#6790,#3069);
#2623=LINE('',#6796,#3070);
#2624=LINE('',#6798,#3071);
#2625=LINE('',#6800,#3072);
#2626=LINE('',#6802,#3073);
#2627=LINE('',#6808,#3074);
#2628=LINE('',#6810,#3075);
#2629=LINE('',#6812,#3076);
#2630=LINE('',#6814,#3077);
#2631=LINE('',#6820,#3078);
#2632=LINE('',#6822,#3079);
#2633=LINE('',#6824,#3080);
#2634=LINE('',#6826,#3081);
#2635=LINE('',#6831,#3082);
#2636=LINE('',#6834,#3083);
#2637=LINE('',#6836,#3084);
#2638=LINE('',#6838,#3085);
#2639=LINE('',#6844,#3086);
#2640=LINE('',#6846,#3087);
#2641=LINE('',#6848,#3088);
#2642=LINE('',#6850,#3089);
#2643=LINE('',#6856,#3090);
#2644=LINE('',#6858,#3091);
#2645=LINE('',#6860,#3092);
#2646=LINE('',#6862,#3093);
#2647=LINE('',#6868,#3094);
#2648=LINE('',#6870,#3095);
#2649=LINE('',#6872,#3096);
#2650=LINE('',#6874,#3097);
#2651=LINE('',#6879,#3098);
#2652=LINE('',#6882,#3099);
#2653=LINE('',#6884,#3100);
#2654=LINE('',#6886,#3101);
#2655=LINE('',#6892,#3102);
#2656=LINE('',#6894,#3103);
#2657=LINE('',#6896,#3104);
#2658=LINE('',#6898,#3105);
#2659=LINE('',#6904,#3106);
#2660=LINE('',#6906,#3107);
#2661=LINE('',#6908,#3108);
#2662=LINE('',#6910,#3109);
#2663=LINE('',#6916,#3110);
#2664=LINE('',#6918,#3111);
#2665=LINE('',#6920,#3112);
#2666=LINE('',#6922,#3113);
#2667=LINE('',#6927,#3114);
#2668=LINE('',#6930,#3115);
#2669=LINE('',#6932,#3116);
#2670=LINE('',#6934,#3117);
#2671=LINE('',#6940,#3118);
#2672=LINE('',#6942,#3119);
#2673=LINE('',#6944,#3120);
#2674=LINE('',#6946,#3121);
#2675=LINE('',#6952,#3122);
#2676=LINE('',#6954,#3123);
#2677=LINE('',#6956,#3124);
#2678=LINE('',#6958,#3125);
#2679=LINE('',#6964,#3126);
#2680=LINE('',#6966,#3127);
#2681=LINE('',#6968,#3128);
#2682=LINE('',#6970,#3129);
#2683=LINE('',#6975,#3130);
#2684=LINE('',#6978,#3131);
#2685=LINE('',#6980,#3132);
#2686=LINE('',#6982,#3133);
#2687=LINE('',#6988,#3134);
#2688=LINE('',#6990,#3135);
#2689=LINE('',#6992,#3136);
#2690=LINE('',#6994,#3137);
#2691=LINE('',#7000,#3138);
#2692=LINE('',#7002,#3139);
#2693=LINE('',#7004,#3140);
#2694=LINE('',#7006,#3141);
#2695=LINE('',#7012,#3142);
#2696=LINE('',#7014,#3143);
#2697=LINE('',#7016,#3144);
#2698=LINE('',#7018,#3145);
#2699=LINE('',#7023,#3146);
#2700=LINE('',#7026,#3147);
#2701=LINE('',#7028,#3148);
#2702=LINE('',#7030,#3149);
#2703=LINE('',#7036,#3150);
#2704=LINE('',#7038,#3151);
#2705=LINE('',#7040,#3152);
#2706=LINE('',#7042,#3153);
#2707=LINE('',#7048,#3154);
#2708=LINE('',#7050,#3155);
#2709=LINE('',#7052,#3156);
#2710=LINE('',#7054,#3157);
#2711=LINE('',#7060,#3158);
#2712=LINE('',#7062,#3159);
#2713=LINE('',#7064,#3160);
#2714=LINE('',#7066,#3161);
#2715=LINE('',#7071,#3162);
#2716=LINE('',#7074,#3163);
#2717=LINE('',#7076,#3164);
#2718=LINE('',#7078,#3165);
#2719=LINE('',#7080,#3166);
#2720=LINE('',#7083,#3167);
#2721=LINE('',#7084,#3168);
#2722=LINE('',#7086,#3169);
#2723=LINE('',#7089,#3170);
#2724=LINE('',#7090,#3171);
#2725=LINE('',#7092,#3172);
#2726=LINE('',#7093,#3173);
#2727=LINE('',#7127,#3174);
#2728=LINE('',#7129,#3175);
#2729=LINE('',#7133,#3176);
#2730=LINE('',#7135,#3177);
#2731=LINE('',#7139,#3178);
#2732=LINE('',#7141,#3179);
#2733=LINE('',#7145,#3180);
#2734=LINE('',#7147,#3181);
#2735=LINE('',#7151,#3182);
#2736=LINE('',#7153,#3183);
#2737=LINE('',#7157,#3184);
#2738=LINE('',#7160,#3185);
#2739=LINE('',#7162,#3186);
#2740=LINE('',#7164,#3187);
#2741=LINE('',#7166,#3188);
#2742=LINE('',#7168,#3189);
#2743=LINE('',#7185,#3190);
#2744=LINE('',#7186,#3191);
#2745=LINE('',#7188,#3192);
#2746=LINE('',#7190,#3193);
#2747=LINE('',#7192,#3194);
#2748=LINE('',#7194,#3195);
#2749=LINE('',#7196,#3196);
#2750=LINE('',#7198,#3197);
#2751=LINE('',#7207,#3198);
#2752=LINE('',#7210,#3199);
#2753=LINE('',#7212,#3200);
#2754=LINE('',#7214,#3201);
#2755=LINE('',#7215,#3202);
#2756=LINE('',#7218,#3203);
#2757=LINE('',#7220,#3204);
#2758=LINE('',#7222,#3205);
#2759=LINE('',#7224,#3206);
#2760=LINE('',#7228,#3207);
#2761=LINE('',#7232,#3208);
#2762=LINE('',#7236,#3209);
#2763=LINE('',#7240,#3210);
#2764=LINE('',#7243,#3211);
#2765=LINE('',#7244,#3212);
#2766=LINE('',#7248,#3213);
#2767=LINE('',#7250,#3214);
#2768=LINE('',#7252,#3215);
#2769=LINE('',#7256,#3216);
#2770=LINE('',#7258,#3217);
#2771=LINE('',#7260,#3218);
#2772=LINE('',#7261,#3219);
#2773=LINE('',#7265,#3220);
#2774=LINE('',#7267,#3221);
#2775=LINE('',#7269,#3222);
#2776=LINE('',#7274,#3223);
#2777=LINE('',#7276,#3224);
#2778=LINE('',#7278,#3225);
#2779=LINE('',#7280,#3226);
#2780=LINE('',#7282,#3227);
#2781=LINE('',#7284,#3228);
#2782=LINE('',#7286,#3229);
#2783=LINE('',#7288,#3230);
#2784=LINE('',#7291,#3231);
#2785=LINE('',#7294,#3232);
#2786=LINE('',#7296,#3233);
#2787=LINE('',#7298,#3234);
#2788=LINE('',#7302,#3235);
#2789=LINE('',#7306,#3236);
#2790=LINE('',#7311,#3237);
#2791=LINE('',#7313,#3238);
#2792=LINE('',#7315,#3239);
#2793=LINE('',#7317,#3240);
#2794=LINE('',#7322,#3241);
#2795=LINE('',#7326,#3242);
#2796=LINE('',#7330,#3243);
#2797=LINE('',#7335,#3244);
#2798=LINE('',#7340,#3245);
#2799=LINE('',#7344,#3246);
#2800=LINE('',#7345,#3247);
#2801=LINE('',#7347,#3248);
#2802=LINE('',#7348,#3249);
#2803=LINE('',#7354,#3250);
#2804=LINE('',#7356,#3251);
#2805=LINE('',#7358,#3252);
#2806=LINE('',#7360,#3253);
#2807=LINE('',#7366,#3254);
#2808=LINE('',#7370,#3255);
#2809=LINE('',#7374,#3256);
#2810=LINE('',#7375,#3257);
#2811=LINE('',#7377,#3258);
#2812=LINE('',#7378,#3259);
#2813=LINE('',#7380,#3260);
#2814=LINE('',#7381,#3261);
#2815=LINE('',#7388,#3262);
#2816=LINE('',#7391,#3263);
#2817=LINE('',#7393,#3264);
#2818=LINE('',#7395,#3265);
#2819=LINE('',#7396,#3266);
#2820=LINE('',#7399,#3267);
#2821=LINE('',#7401,#3268);
#2822=LINE('',#7403,#3269);
#2823=LINE('',#7404,#3270);
#2824=LINE('',#7407,#3271);
#2825=LINE('',#7409,#3272);
#2826=LINE('',#7411,#3273);
#2827=LINE('',#7412,#3274);
#2828=LINE('',#7415,#3275);
#2829=LINE('',#7417,#3276);
#2830=LINE('',#7419,#3277);
#2831=LINE('',#7420,#3278);
#2832=LINE('',#7423,#3279);
#2833=LINE('',#7425,#3280);
#2834=LINE('',#7427,#3281);
#2835=LINE('',#7428,#3282);
#2836=LINE('',#7431,#3283);
#2837=LINE('',#7433,#3284);
#2838=LINE('',#7435,#3285);
#2839=LINE('',#7437,#3286);
#2840=LINE('',#7441,#3287);
#2841=LINE('',#7442,#3288);
#2842=LINE('',#7445,#3289);
#2843=LINE('',#7447,#3290);
#2844=LINE('',#7449,#3291);
#2845=LINE('',#7450,#3292);
#2846=LINE('',#7453,#3293);
#2847=LINE('',#7455,#3294);
#2848=LINE('',#7457,#3295);
#2849=LINE('',#7458,#3296);
#2850=LINE('',#7461,#3297);
#2851=LINE('',#7463,#3298);
#2852=LINE('',#7465,#3299);
#2853=LINE('',#7467,#3300);
#2854=LINE('',#7470,#3301);
#2855=LINE('',#7471,#3302);
#2856=LINE('',#7473,#3303);
#2857=LINE('',#7475,#3304);
#2858=LINE('',#7477,#3305);
#2859=LINE('',#7479,#3306);
#2860=LINE('',#7481,#3307);
#2861=LINE('',#7483,#3308);
#2862=LINE('',#7485,#3309);
#2863=LINE('',#7487,#3310);
#2864=LINE('',#7491,#3311);
#2865=LINE('',#7493,#3312);
#2866=LINE('',#7496,#3313);
#2867=LINE('',#7498,#3314);
#2868=LINE('',#7500,#3315);
#2869=LINE('',#7502,#3316);
#2870=LINE('',#7504,#3317);
#2871=LINE('',#7506,#3318);
#2872=LINE('',#7508,#3319);
#2873=LINE('',#7510,#3320);
#2874=LINE('',#7513,#3321);
#2875=LINE('',#7515,#3322);
#2876=LINE('',#7517,#3323);
#2877=LINE('',#7519,#3324);
#2878=LINE('',#7521,#3325);
#2879=LINE('',#7523,#3326);
#2880=LINE('',#7525,#3327);
#2881=LINE('',#7527,#3328);
#2882=LINE('',#7530,#3329);
#2883=LINE('',#7532,#3330);
#2884=LINE('',#7534,#3331);
#2885=LINE('',#7536,#3332);
#2886=LINE('',#7538,#3333);
#2887=LINE('',#7540,#3334);
#2888=LINE('',#7542,#3335);
#2889=LINE('',#7544,#3336);
#2890=LINE('',#7547,#3337);
#2891=LINE('',#7549,#3338);
#2892=LINE('',#7551,#3339);
#2893=LINE('',#7553,#3340);
#2894=LINE('',#7555,#3341);
#2895=LINE('',#7557,#3342);
#2896=LINE('',#7559,#3343);
#2897=LINE('',#7561,#3344);
#2898=LINE('',#7564,#3345);
#2899=LINE('',#7566,#3346);
#2900=LINE('',#7568,#3347);
#2901=LINE('',#7570,#3348);
#2902=LINE('',#7572,#3349);
#2903=LINE('',#7574,#3350);
#2904=LINE('',#7576,#3351);
#2905=LINE('',#7578,#3352);
#2906=LINE('',#7581,#3353);
#2907=LINE('',#7583,#3354);
#2908=LINE('',#7585,#3355);
#2909=LINE('',#7587,#3356);
#2910=LINE('',#7589,#3357);
#2911=LINE('',#7591,#3358);
#2912=LINE('',#7593,#3359);
#2913=LINE('',#7595,#3360);
#2914=LINE('',#7598,#3361);
#2915=LINE('',#7600,#3362);
#2916=LINE('',#7602,#3363);
#2917=LINE('',#7604,#3364);
#2918=LINE('',#7606,#3365);
#2919=LINE('',#7608,#3366);
#2920=LINE('',#7610,#3367);
#2921=LINE('',#7612,#3368);
#2922=LINE('',#7615,#3369);
#2923=LINE('',#7617,#3370);
#2924=LINE('',#7619,#3371);
#2925=LINE('',#7621,#3372);
#2926=LINE('',#7623,#3373);
#2927=LINE('',#7625,#3374);
#2928=LINE('',#7627,#3375);
#2929=LINE('',#7629,#3376);
#2930=LINE('',#7634,#3377);
#2931=LINE('',#7637,#3378);
#2932=LINE('',#7639,#3379);
#2933=LINE('',#7641,#3380);
#2934=LINE('',#7643,#3381);
#2935=LINE('',#7645,#3382);
#2936=LINE('',#7647,#3383);
#2937=LINE('',#7649,#3384);
#2938=LINE('',#7651,#3385);
#2939=LINE('',#7654,#3386);
#2940=LINE('',#7656,#3387);
#2941=LINE('',#7658,#3388);
#2942=LINE('',#7664,#3389);
#2943=LINE('',#7669,#3390);
#2944=LINE('',#7673,#3391);
#2945=LINE('',#7675,#3392);
#2946=LINE('',#7677,#3393);
#2947=LINE('',#7679,#3394);
#2948=LINE('',#7685,#3395);
#2949=LINE('',#7687,#3396);
#2950=LINE('',#7689,#3397);
#2951=LINE('',#7691,#3398);
#2952=LINE('',#7696,#3399);
#2953=LINE('',#7699,#3400);
#2954=LINE('',#7701,#3401);
#2955=LINE('',#7703,#3402);
#2956=LINE('',#7704,#3403);
#2957=LINE('',#7706,#3404);
#2958=LINE('',#7708,#3405);
#2959=LINE('',#7710,#3406);
#2960=LINE('',#7712,#3407);
#2961=LINE('',#7714,#3408);
#2962=LINE('',#7716,#3409);
#2963=LINE('',#7718,#3410);
#2964=LINE('',#7719,#3411);
#2965=LINE('',#7722,#3412);
#2966=LINE('',#7724,#3413);
#2967=LINE('',#7726,#3414);
#2968=LINE('',#7728,#3415);
#2969=LINE('',#7729,#3416);
#2970=LINE('',#7731,#3417);
#2971=LINE('',#7756,#3418);
#2972=LINE('',#7758,#3419);
#2973=LINE('',#7760,#3420);
#2974=LINE('',#7762,#3421);
#2975=LINE('',#7764,#3422);
#2976=LINE('',#7772,#3423);
#2977=LINE('',#7774,#3424);
#2978=LINE('',#7775,#3425);
#2979=LINE('',#7777,#3426);
#2980=LINE('',#7779,#3427);
#2981=LINE('',#7780,#3428);
#2982=VECTOR('',#4927,1.);
#2983=VECTOR('',#4928,1.);
#2984=VECTOR('',#4929,1.);
#2985=VECTOR('',#4930,1.);
#2986=VECTOR('',#4933,1.);
#2987=VECTOR('',#4934,1.);
#2988=VECTOR('',#4935,1.);
#2989=VECTOR('',#4938,1.);
#2990=VECTOR('',#4939,1.);
#2991=VECTOR('',#4940,1.);
#2992=VECTOR('',#4943,1.);
#2993=VECTOR('',#4944,1.);
#2994=VECTOR('',#4945,1.);
#2995=VECTOR('',#4948,1.);
#2996=VECTOR('',#4949,1.);
#2997=VECTOR('',#4950,1.);
#2998=VECTOR('',#4953,1.);
#2999=VECTOR('',#4954,1.);
#3000=VECTOR('',#4955,1.);
#3001=VECTOR('',#4958,1.);
#3002=VECTOR('',#4959,1.);
#3003=VECTOR('',#4960,1.);
#3004=VECTOR('',#4963,1.);
#3005=VECTOR('',#4964,1.);
#3006=VECTOR('',#4965,1.);
#3007=VECTOR('',#4968,1.);
#3008=VECTOR('',#4969,1.);
#3009=VECTOR('',#4970,1.);
#3010=VECTOR('',#4973,1.);
#3011=VECTOR('',#4974,1.);
#3012=VECTOR('',#4975,1.);
#3013=VECTOR('',#4978,1.);
#3014=VECTOR('',#4979,1.);
#3015=VECTOR('',#4980,1.);
#3016=VECTOR('',#4983,1.);
#3017=VECTOR('',#4984,1.);
#3018=VECTOR('',#4989,1.);
#3019=VECTOR('',#4992,1.);
#3020=VECTOR('',#4995,1.);
#3021=VECTOR('',#4998,1.);
#3022=VECTOR('',#5001,1.);
#3023=VECTOR('',#5004,1.);
#3024=VECTOR('',#5011,1.);
#3025=VECTOR('',#5012,1.);
#3026=VECTOR('',#5015,1.);
#3027=VECTOR('',#5018,1.);
#3028=VECTOR('',#5021,1.);
#3029=VECTOR('',#5024,1.);
#3030=VECTOR('',#5027,1.);
#3031=VECTOR('',#5030,1.);
#3032=VECTOR('',#5033,1.);
#3033=VECTOR('',#5036,1.);
#3034=VECTOR('',#5039,1.);
#3035=VECTOR('',#5042,1.);
#3036=VECTOR('',#5059,1.);
#3037=VECTOR('',#5060,1.);
#3038=VECTOR('',#5069,1.);
#3039=VECTOR('',#5070,1.);
#3040=VECTOR('',#5083,1.);
#3041=VECTOR('',#5086,1.);
#3042=VECTOR('',#5089,1.);
#3043=VECTOR('',#5090,1.);
#3044=VECTOR('',#5091,1.);
#3045=VECTOR('',#5094,1.);
#3046=VECTOR('',#5095,1.);
#3047=VECTOR('',#5096,1.);
#3048=VECTOR('',#5099,1.);
#3049=VECTOR('',#5102,1.);
#3050=VECTOR('',#5107,1.);
#3051=VECTOR('',#5110,1.);
#3052=VECTOR('',#5115,1.);
#3053=VECTOR('',#5118,1.);
#3054=VECTOR('',#5131,1.);
#3055=VECTOR('',#5132,1.);
#3056=VECTOR('',#5133,1.);
#3057=VECTOR('',#5134,1.);
#3058=VECTOR('',#5137,1.);
#3059=VECTOR('',#5138,1.);
#3060=VECTOR('',#5139,1.);
#3061=VECTOR('',#5142,1.);
#3062=VECTOR('',#5143,1.);
#3063=VECTOR('',#5144,1.);
#3064=VECTOR('',#5147,1.);
#3065=VECTOR('',#5148,1.);
#3066=VECTOR('',#5151,1.);
#3067=VECTOR('',#5152,1.);
#3068=VECTOR('',#5153,1.);
#3069=VECTOR('',#5154,1.);
#3070=VECTOR('',#5161,1.);
#3071=VECTOR('',#5164,1.);
#3072=VECTOR('',#5165,1.);
#3073=VECTOR('',#5166,1.);
#3074=VECTOR('',#5173,1.);
#3075=VECTOR('',#5176,1.);
#3076=VECTOR('',#5177,1.);
#3077=VECTOR('',#5178,1.);
#3078=VECTOR('',#5185,1.);
#3079=VECTOR('',#5188,1.);
#3080=VECTOR('',#5189,1.);
#3081=VECTOR('',#5190,1.);
#3082=VECTOR('',#5199,1.);
#3083=VECTOR('',#5200,1.);
#3084=VECTOR('',#5201,1.);
#3085=VECTOR('',#5202,1.);
#3086=VECTOR('',#5209,1.);
#3087=VECTOR('',#5212,1.);
#3088=VECTOR('',#5213,1.);
#3089=VECTOR('',#5214,1.);
#3090=VECTOR('',#5221,1.);
#3091=VECTOR('',#5224,1.);
#3092=VECTOR('',#5225,1.);
#3093=VECTOR('',#5226,1.);
#3094=VECTOR('',#5233,1.);
#3095=VECTOR('',#5236,1.);
#3096=VECTOR('',#5237,1.);
#3097=VECTOR('',#5238,1.);
#3098=VECTOR('',#5247,1.);
#3099=VECTOR('',#5248,1.);
#3100=VECTOR('',#5249,1.);
#3101=VECTOR('',#5250,1.);
#3102=VECTOR('',#5257,1.);
#3103=VECTOR('',#5260,1.);
#3104=VECTOR('',#5261,1.);
#3105=VECTOR('',#5262,1.);
#3106=VECTOR('',#5269,1.);
#3107=VECTOR('',#5272,1.);
#3108=VECTOR('',#5273,1.);
#3109=VECTOR('',#5274,1.);
#3110=VECTOR('',#5281,1.);
#3111=VECTOR('',#5284,1.);
#3112=VECTOR('',#5285,1.);
#3113=VECTOR('',#5286,1.);
#3114=VECTOR('',#5295,1.);
#3115=VECTOR('',#5296,1.);
#3116=VECTOR('',#5297,1.);
#3117=VECTOR('',#5298,1.);
#3118=VECTOR('',#5305,1.);
#3119=VECTOR('',#5308,1.);
#3120=VECTOR('',#5309,1.);
#3121=VECTOR('',#5310,1.);
#3122=VECTOR('',#5317,1.);
#3123=VECTOR('',#5320,1.);
#3124=VECTOR('',#5321,1.);
#3125=VECTOR('',#5322,1.);
#3126=VECTOR('',#5329,1.);
#3127=VECTOR('',#5332,1.);
#3128=VECTOR('',#5333,1.);
#3129=VECTOR('',#5334,1.);
#3130=VECTOR('',#5343,1.);
#3131=VECTOR('',#5344,1.);
#3132=VECTOR('',#5345,1.);
#3133=VECTOR('',#5346,1.);
#3134=VECTOR('',#5353,1.);
#3135=VECTOR('',#5356,1.);
#3136=VECTOR('',#5357,1.);
#3137=VECTOR('',#5358,1.);
#3138=VECTOR('',#5365,1.);
#3139=VECTOR('',#5368,1.);
#3140=VECTOR('',#5369,1.);
#3141=VECTOR('',#5370,1.);
#3142=VECTOR('',#5377,1.);
#3143=VECTOR('',#5380,1.);
#3144=VECTOR('',#5381,1.);
#3145=VECTOR('',#5382,1.);
#3146=VECTOR('',#5391,1.);
#3147=VECTOR('',#5392,1.);
#3148=VECTOR('',#5393,1.);
#3149=VECTOR('',#5394,1.);
#3150=VECTOR('',#5401,1.);
#3151=VECTOR('',#5404,1.);
#3152=VECTOR('',#5405,1.);
#3153=VECTOR('',#5406,1.);
#3154=VECTOR('',#5413,1.);
#3155=VECTOR('',#5416,1.);
#3156=VECTOR('',#5417,1.);
#3157=VECTOR('',#5418,1.);
#3158=VECTOR('',#5425,1.);
#3159=VECTOR('',#5428,1.);
#3160=VECTOR('',#5429,1.);
#3161=VECTOR('',#5430,1.);
#3162=VECTOR('',#5439,1.);
#3163=VECTOR('',#5440,1.);
#3164=VECTOR('',#5441,1.);
#3165=VECTOR('',#5442,1.);
#3166=VECTOR('',#5445,1.);
#3167=VECTOR('',#5446,1.);
#3168=VECTOR('',#5447,1.);
#3169=VECTOR('',#5450,1.);
#3170=VECTOR('',#5451,1.);
#3171=VECTOR('',#5452,1.);
#3172=VECTOR('',#5455,1.);
#3173=VECTOR('',#5456,1.);
#3174=VECTOR('',#5499,1.);
#3175=VECTOR('',#5500,1.);
#3176=VECTOR('',#5505,1.);
#3177=VECTOR('',#5506,1.);
#3178=VECTOR('',#5511,1.);
#3179=VECTOR('',#5512,1.);
#3180=VECTOR('',#5517,1.);
#3181=VECTOR('',#5518,1.);
#3182=VECTOR('',#5523,1.);
#3183=VECTOR('',#5524,1.);
#3184=VECTOR('',#5529,1.);
#3185=VECTOR('',#5530,1.);
#3186=VECTOR('',#5531,1.);
#3187=VECTOR('',#5532,1.);
#3188=VECTOR('',#5533,1.);
#3189=VECTOR('',#5534,1.);
#3190=VECTOR('',#5557,1.);
#3191=VECTOR('',#5558,1.);
#3192=VECTOR('',#5561,1.);
#3193=VECTOR('',#5564,1.);
#3194=VECTOR('',#5567,1.);
#3195=VECTOR('',#5570,1.);
#3196=VECTOR('',#5571,1.);
#3197=VECTOR('',#5574,1.);
#3198=VECTOR('',#5589,1.);
#3199=VECTOR('',#5590,1.);
#3200=VECTOR('',#5591,1.);
#3201=VECTOR('',#5592,1.);
#3202=VECTOR('',#5593,1.);
#3203=VECTOR('',#5594,1.);
#3204=VECTOR('',#5595,1.);
#3205=VECTOR('',#5596,1.);
#3206=VECTOR('',#5597,1.);
#3207=VECTOR('',#5600,1.);
#3208=VECTOR('',#5603,1.);
#3209=VECTOR('',#5606,1.);
#3210=VECTOR('',#5611,1.);
#3211=VECTOR('',#5612,1.);
#3212=VECTOR('',#5613,1.);
#3213=VECTOR('',#5618,1.);
#3214=VECTOR('',#5621,1.);
#3215=VECTOR('',#5622,1.);
#3216=VECTOR('',#5627,1.);
#3217=VECTOR('',#5630,1.);
#3218=VECTOR('',#5631,1.);
#3219=VECTOR('',#5632,1.);
#3220=VECTOR('',#5637,1.);
#3221=VECTOR('',#5640,1.);
#3222=VECTOR('',#5641,1.);
#3223=VECTOR('',#5650,1.);
#3224=VECTOR('',#5651,1.);
#3225=VECTOR('',#5652,1.);
#3226=VECTOR('',#5655,1.);
#3227=VECTOR('',#5656,1.);
#3228=VECTOR('',#5659,1.);
#3229=VECTOR('',#5660,1.);
#3230=VECTOR('',#5663,1.);
#3231=VECTOR('',#5668,1.);
#3232=VECTOR('',#5669,1.);
#3233=VECTOR('',#5670,1.);
#3234=VECTOR('',#5671,1.);
#3235=VECTOR('',#5676,1.);
#3236=VECTOR('',#5679,1.);
#3237=VECTOR('',#5686,1.);
#3238=VECTOR('',#5687,1.);
#3239=VECTOR('',#5688,1.);
#3240=VECTOR('',#5691,1.);
#3241=VECTOR('',#5694,1.);
#3242=VECTOR('',#5697,1.);
#3243=VECTOR('',#5700,1.);
#3244=VECTOR('',#5705,1.);
#3245=VECTOR('',#5710,1.);
#3246=VECTOR('',#5715,1.);
#3247=VECTOR('',#5716,1.);
#3248=VECTOR('',#5719,1.);
#3249=VECTOR('',#5720,1.);
#3250=VECTOR('',#5731,1.);
#3251=VECTOR('',#5732,1.);
#3252=VECTOR('',#5733,1.);
#3253=VECTOR('',#5736,1.);
#3254=VECTOR('',#5741,1.);
#3255=VECTOR('',#5744,1.);
#3256=VECTOR('',#5749,1.);
#3257=VECTOR('',#5750,1.);
#3258=VECTOR('',#5753,1.);
#3259=VECTOR('',#5754,1.);
#3260=VECTOR('',#5757,1.);
#3261=VECTOR('',#5758,1.);
#3262=VECTOR('',#5771,1.);
#3263=VECTOR('',#5772,1.);
#3264=VECTOR('',#5773,1.);
#3265=VECTOR('',#5774,1.);
#3266=VECTOR('',#5775,1.);
#3267=VECTOR('',#5776,1.);
#3268=VECTOR('',#5777,1.);
#3269=VECTOR('',#5778,1.);
#3270=VECTOR('',#5779,1.);
#3271=VECTOR('',#5780,1.);
#3272=VECTOR('',#5781,1.);
#3273=VECTOR('',#5782,1.);
#3274=VECTOR('',#5783,1.);
#3275=VECTOR('',#5784,1.);
#3276=VECTOR('',#5785,1.);
#3277=VECTOR('',#5786,1.);
#3278=VECTOR('',#5787,1.);
#3279=VECTOR('',#5788,1.);
#3280=VECTOR('',#5789,1.);
#3281=VECTOR('',#5790,1.);
#3282=VECTOR('',#5791,1.);
#3283=VECTOR('',#5792,1.);
#3284=VECTOR('',#5793,1.);
#3285=VECTOR('',#5794,1.);
#3286=VECTOR('',#5795,1.);
#3287=VECTOR('',#5798,1.);
#3288=VECTOR('',#5799,1.);
#3289=VECTOR('',#5800,1.);
#3290=VECTOR('',#5801,1.);
#3291=VECTOR('',#5802,1.);
#3292=VECTOR('',#5803,1.);
#3293=VECTOR('',#5804,1.);
#3294=VECTOR('',#5805,1.);
#3295=VECTOR('',#5806,1.);
#3296=VECTOR('',#5807,1.);
#3297=VECTOR('',#5808,1.);
#3298=VECTOR('',#5809,1.);
#3299=VECTOR('',#5810,1.);
#3300=VECTOR('',#5813,1.);
#3301=VECTOR('',#5814,1.);
#3302=VECTOR('',#5815,1.);
#3303=VECTOR('',#5818,1.);
#3304=VECTOR('',#5819,1.);
#3305=VECTOR('',#5822,1.);
#3306=VECTOR('',#5823,1.);
#3307=VECTOR('',#5826,1.);
#3308=VECTOR('',#5827,1.);
#3309=VECTOR('',#5830,1.);
#3310=VECTOR('',#5831,1.);
#3311=VECTOR('',#5836,1.);
#3312=VECTOR('',#5839,1.);
#3313=VECTOR('',#5844,1.);
#3314=VECTOR('',#5845,1.);
#3315=VECTOR('',#5846,1.);
#3316=VECTOR('',#5849,1.);
#3317=VECTOR('',#5850,1.);
#3318=VECTOR('',#5853,1.);
#3319=VECTOR('',#5854,1.);
#3320=VECTOR('',#5857,1.);
#3321=VECTOR('',#5862,1.);
#3322=VECTOR('',#5863,1.);
#3323=VECTOR('',#5864,1.);
#3324=VECTOR('',#5867,1.);
#3325=VECTOR('',#5868,1.);
#3326=VECTOR('',#5871,1.);
#3327=VECTOR('',#5872,1.);
#3328=VECTOR('',#5875,1.);
#3329=VECTOR('',#5880,1.);
#3330=VECTOR('',#5881,1.);
#3331=VECTOR('',#5882,1.);
#3332=VECTOR('',#5885,1.);
#3333=VECTOR('',#5886,1.);
#3334=VECTOR('',#5889,1.);
#3335=VECTOR('',#5890,1.);
#3336=VECTOR('',#5893,1.);
#3337=VECTOR('',#5898,1.);
#3338=VECTOR('',#5899,1.);
#3339=VECTOR('',#5900,1.);
#3340=VECTOR('',#5903,1.);
#3341=VECTOR('',#5904,1.);
#3342=VECTOR('',#5907,1.);
#3343=VECTOR('',#5908,1.);
#3344=VECTOR('',#5911,1.);
#3345=VECTOR('',#5916,1.);
#3346=VECTOR('',#5917,1.);
#3347=VECTOR('',#5918,1.);
#3348=VECTOR('',#5921,1.);
#3349=VECTOR('',#5922,1.);
#3350=VECTOR('',#5925,1.);
#3351=VECTOR('',#5926,1.);
#3352=VECTOR('',#5929,1.);
#3353=VECTOR('',#5934,1.);
#3354=VECTOR('',#5935,1.);
#3355=VECTOR('',#5936,1.);
#3356=VECTOR('',#5939,1.);
#3357=VECTOR('',#5940,1.);
#3358=VECTOR('',#5943,1.);
#3359=VECTOR('',#5944,1.);
#3360=VECTOR('',#5947,1.);
#3361=VECTOR('',#5952,1.);
#3362=VECTOR('',#5953,1.);
#3363=VECTOR('',#5954,1.);
#3364=VECTOR('',#5957,1.);
#3365=VECTOR('',#5958,1.);
#3366=VECTOR('',#5961,1.);
#3367=VECTOR('',#5962,1.);
#3368=VECTOR('',#5965,1.);
#3369=VECTOR('',#5970,1.);
#3370=VECTOR('',#5971,1.);
#3371=VECTOR('',#5972,1.);
#3372=VECTOR('',#5975,1.);
#3373=VECTOR('',#5976,1.);
#3374=VECTOR('',#5979,1.);
#3375=VECTOR('',#5980,1.);
#3376=VECTOR('',#5983,1.);
#3377=VECTOR('',#5992,1.);
#3378=VECTOR('',#5993,1.);
#3379=VECTOR('',#5994,1.);
#3380=VECTOR('',#5995,1.);
#3381=VECTOR('',#5996,1.);
#3382=VECTOR('',#5997,1.);
#3383=VECTOR('',#5998,1.);
#3384=VECTOR('',#5999,1.);
#3385=VECTOR('',#6002,1.);
#3386=VECTOR('',#6003,1.);
#3387=VECTOR('',#6004,1.);
#3388=VECTOR('',#6005,1.);
#3389=VECTOR('',#6012,1.);
#3390=VECTOR('',#6017,1.);
#3391=VECTOR('',#6020,1.);
#3392=VECTOR('',#6023,1.);
#3393=VECTOR('',#6024,1.);
#3394=VECTOR('',#6025,1.);
#3395=VECTOR('',#6032,1.);
#3396=VECTOR('',#6035,1.);
#3397=VECTOR('',#6036,1.);
#3398=VECTOR('',#6037,1.);
#3399=VECTOR('',#6046,1.);
#3400=VECTOR('',#6047,1.);
#3401=VECTOR('',#6048,1.);
#3402=VECTOR('',#6049,1.);
#3403=VECTOR('',#6050,1.);
#3404=VECTOR('',#6053,1.);
#3405=VECTOR('',#6054,1.);
#3406=VECTOR('',#6055,1.);
#3407=VECTOR('',#6058,1.);
#3408=VECTOR('',#6059,1.);
#3409=VECTOR('',#6060,1.);
#3410=VECTOR('',#6063,1.);
#3411=VECTOR('',#6064,1.);
#3412=VECTOR('',#6069,1.);
#3413=VECTOR('',#6070,1.);
#3414=VECTOR('',#6071,1.);
#3415=VECTOR('',#6072,1.);
#3416=VECTOR('',#6073,1.);
#3417=VECTOR('',#6074,1.);
#3418=VECTOR('',#6103,1.);
#3419=VECTOR('',#6104,1.);
#3420=VECTOR('',#6105,1.);
#3421=VECTOR('',#6108,1.);
#3422=VECTOR('',#6111,1.);
#3423=VECTOR('',#6122,1.);
#3424=VECTOR('',#6123,1.);
#3425=VECTOR('',#6124,1.);
#3426=VECTOR('',#6125,1.);
#3427=VECTOR('',#6128,1.);
#3428=VECTOR('',#6129,1.);
#3429=EDGE_LOOP('',(#316,#317,#318,#319));
#3430=EDGE_LOOP('',(#320,#321,#322,#323));
#3431=EDGE_LOOP('',(#324,#325,#326,#327));
#3432=EDGE_LOOP('',(#328,#329,#330,#331));
#3433=EDGE_LOOP('',(#332,#333,#334,#335));
#3434=EDGE_LOOP('',(#336,#337,#338,#339));
#3435=EDGE_LOOP('',(#340,#341,#342,#343));
#3436=EDGE_LOOP('',(#344,#345,#346,#347));
#3437=EDGE_LOOP('',(#348,#349,#350,#351));
#3438=EDGE_LOOP('',(#352,#353,#354,#355));
#3439=EDGE_LOOP('',(#356,#357,#358,#359));
#3440=EDGE_LOOP('',(#360,#361,#362,#363));
#3441=EDGE_LOOP('',(#364,#365,#366,#367,#368,#369,#370,#371,#372,#373,#374,
#375));
#3442=EDGE_LOOP('',(#376));
#3443=EDGE_LOOP('',(#377,#378,#379,#380,#381,#382,#383,#384,#385,#386,#387,
#388));
#3444=EDGE_LOOP('',(#389,#390,#391,#392));
#3445=EDGE_LOOP('',(#393,#394,#395,#396));
#3446=EDGE_LOOP('',(#397,#398,#399,#400));
#3447=EDGE_LOOP('',(#401,#402,#403,#404));
#3448=EDGE_LOOP('',(#405,#406,#407,#408));
#3449=EDGE_LOOP('',(#409,#410,#411,#412));
#3450=EDGE_LOOP('',(#413,#414,#415,#416));
#3451=EDGE_LOOP('',(#417,#418,#419,#420));
#3452=EDGE_LOOP('',(#421,#422,#423,#424));
#3453=EDGE_LOOP('',(#425,#426,#427,#428));
#3454=EDGE_LOOP('',(#429,#430,#431,#432));
#3455=EDGE_LOOP('',(#433,#434,#435,#436));
#3456=EDGE_LOOP('',(#437,#438,#439,#440));
#3457=EDGE_LOOP('',(#441,#442,#443,#444));
#3458=EDGE_LOOP('',(#445,#446,#447,#448));
#3459=EDGE_LOOP('',(#449,#450,#451,#452));
#3460=EDGE_LOOP('',(#453,#454,#455,#456));
#3461=EDGE_LOOP('',(#457,#458,#459,#460));
#3462=EDGE_LOOP('',(#461,#462,#463,#464));
#3463=EDGE_LOOP('',(#465,#466,#467,#468));
#3464=EDGE_LOOP('',(#469,#470,#471,#472));
#3465=EDGE_LOOP('',(#473,#474,#475,#476));
#3466=EDGE_LOOP('',(#477,#478,#479,#480));
#3467=EDGE_LOOP('',(#481,#482,#483,#484));
#3468=EDGE_LOOP('',(#485,#486,#487,#488));
#3469=EDGE_LOOP('',(#489));
#3470=EDGE_LOOP('',(#490,#491,#492,#493));
#3471=EDGE_LOOP('',(#494,#495,#496,#497));
#3472=EDGE_LOOP('',(#498,#499,#500,#501));
#3473=EDGE_LOOP('',(#502,#503,#504,#505));
#3474=EDGE_LOOP('',(#506,#507,#508,#509,#510,#511,#512,#513,#514));
#3475=EDGE_LOOP('',(#515,#516,#517,#518));
#3476=EDGE_LOOP('',(#519,#520,#521,#522));
#3477=EDGE_LOOP('',(#523,#524,#525,#526,#527));
#3478=EDGE_LOOP('',(#528,#529,#530,#531));
#3479=EDGE_LOOP('',(#532,#533,#534,#535));
#3480=EDGE_LOOP('',(#536,#537,#538,#539,#540,#541,#542,#543));
#3481=EDGE_LOOP('',(#544,#545,#546,#547));
#3482=EDGE_LOOP('',(#548));
#3483=EDGE_LOOP('',(#549));
#3484=EDGE_LOOP('',(#550,#551,#552,#553));
#3485=EDGE_LOOP('',(#554,#555,#556,#557));
#3486=EDGE_LOOP('',(#558,#559,#560,#561));
#3487=EDGE_LOOP('',(#562,#563,#564,#565));
#3488=EDGE_LOOP('',(#566,#567,#568,#569));
#3489=EDGE_LOOP('',(#570,#571,#572,#573));
#3490=EDGE_LOOP('',(#574,#575,#576,#577));
#3491=EDGE_LOOP('',(#578,#579,#580,#581));
#3492=EDGE_LOOP('',(#582,#583,#584,#585));
#3493=EDGE_LOOP('',(#586,#587,#588,#589));
#3494=EDGE_LOOP('',(#590,#591,#592,#593));
#3495=EDGE_LOOP('',(#594,#595,#596,#597));
#3496=EDGE_LOOP('',(#598,#599,#600,#601));
#3497=EDGE_LOOP('',(#602,#603,#604,#605));
#3498=EDGE_LOOP('',(#606,#607,#608,#609));
#3499=EDGE_LOOP('',(#610,#611,#612,#613));
#3500=EDGE_LOOP('',(#614,#615,#616,#617));
#3501=EDGE_LOOP('',(#618,#619,#620,#621));
#3502=EDGE_LOOP('',(#622,#623,#624,#625));
#3503=EDGE_LOOP('',(#626,#627,#628,#629));
#3504=EDGE_LOOP('',(#630,#631,#632,#633));
#3505=EDGE_LOOP('',(#634,#635,#636,#637));
#3506=EDGE_LOOP('',(#638,#639,#640,#641));
#3507=EDGE_LOOP('',(#642,#643,#644,#645));
#3508=EDGE_LOOP('',(#646,#647,#648,#649));
#3509=EDGE_LOOP('',(#650,#651,#652,#653));
#3510=EDGE_LOOP('',(#654,#655,#656,#657));
#3511=EDGE_LOOP('',(#658,#659,#660,#661));
#3512=EDGE_LOOP('',(#662,#663,#664,#665));
#3513=EDGE_LOOP('',(#666,#667,#668,#669));
#3514=EDGE_LOOP('',(#670,#671,#672,#673));
#3515=EDGE_LOOP('',(#674,#675,#676,#677));
#3516=EDGE_LOOP('',(#678,#679,#680,#681));
#3517=EDGE_LOOP('',(#682,#683,#684,#685));
#3518=EDGE_LOOP('',(#686,#687,#688,#689));
#3519=EDGE_LOOP('',(#690,#691,#692,#693));
#3520=EDGE_LOOP('',(#694,#695,#696,#697));
#3521=EDGE_LOOP('',(#698,#699,#700,#701));
#3522=EDGE_LOOP('',(#702,#703,#704,#705));
#3523=EDGE_LOOP('',(#706,#707,#708,#709));
#3524=EDGE_LOOP('',(#710,#711,#712,#713));
#3525=EDGE_LOOP('',(#714,#715,#716,#717));
#3526=EDGE_LOOP('',(#718,#719,#720,#721));
#3527=EDGE_LOOP('',(#722,#723,#724,#725));
#3528=EDGE_LOOP('',(#726,#727,#728,#729));
#3529=EDGE_LOOP('',(#730,#731,#732,#733));
#3530=EDGE_LOOP('',(#734,#735,#736,#737));
#3531=EDGE_LOOP('',(#738,#739,#740,#741));
#3532=EDGE_LOOP('',(#742,#743,#744,#745));
#3533=EDGE_LOOP('',(#746,#747,#748,#749));
#3534=EDGE_LOOP('',(#750,#751,#752,#753));
#3535=EDGE_LOOP('',(#754,#755,#756,#757));
#3536=EDGE_LOOP('',(#758,#759,#760,#761));
#3537=EDGE_LOOP('',(#762,#763,#764,#765));
#3538=EDGE_LOOP('',(#766,#767,#768,#769));
#3539=EDGE_LOOP('',(#770,#771,#772,#773));
#3540=EDGE_LOOP('',(#774));
#3541=EDGE_LOOP('',(#775));
#3542=EDGE_LOOP('',(#776));
#3543=EDGE_LOOP('',(#777));
#3544=EDGE_LOOP('',(#778));
#3545=EDGE_LOOP('',(#779));
#3546=EDGE_LOOP('',(#780));
#3547=EDGE_LOOP('',(#781));
#3548=EDGE_LOOP('',(#782));
#3549=EDGE_LOOP('',(#783));
#3550=EDGE_LOOP('',(#784));
#3551=EDGE_LOOP('',(#785,#786,#787,#788));
#3552=EDGE_LOOP('',(#789,#790,#791,#792,#793,#794,#795,#796));
#3553=EDGE_LOOP('',(#797,#798,#799,#800,#801,#802,#803,#804));
#3554=EDGE_LOOP('',(#805,#806,#807,#808,#809,#810,#811,#812));
#3555=EDGE_LOOP('',(#813,#814,#815,#816,#817,#818,#819,#820));
#3556=EDGE_LOOP('',(#821,#822,#823,#824,#825,#826,#827,#828));
#3557=EDGE_LOOP('',(#829,#830,#831,#832,#833,#834,#835,#836));
#3558=EDGE_LOOP('',(#837,#838,#839,#840));
#3559=EDGE_LOOP('',(#841));
#3560=EDGE_LOOP('',(#842));
#3561=EDGE_LOOP('',(#843));
#3562=EDGE_LOOP('',(#844));
#3563=EDGE_LOOP('',(#845));
#3564=EDGE_LOOP('',(#846,#847,#848,#849,#850,#851,#852,#853));
#3565=EDGE_LOOP('',(#854,#855,#856,#857,#858,#859,#860,#861));
#3566=EDGE_LOOP('',(#862,#863,#864,#865,#866,#867,#868,#869));
#3567=EDGE_LOOP('',(#870,#871,#872,#873,#874,#875,#876,#877));
#3568=EDGE_LOOP('',(#878,#879,#880,#881,#882,#883,#884,#885));
#3569=EDGE_LOOP('',(#886,#887,#888,#889,#890,#891,#892,#893));
#3570=EDGE_LOOP('',(#894,#895,#896,#897));
#3571=EDGE_LOOP('',(#898,#899,#900,#901));
#3572=EDGE_LOOP('',(#902));
#3573=EDGE_LOOP('',(#903));
#3574=EDGE_LOOP('',(#904));
#3575=EDGE_LOOP('',(#905));
#3576=EDGE_LOOP('',(#906,#907,#908));
#3577=EDGE_LOOP('',(#909,#910,#911));
#3578=EDGE_LOOP('',(#912,#913,#914));
#3579=EDGE_LOOP('',(#915,#916,#917));
#3580=EDGE_LOOP('',(#918,#919,#920));
#3581=EDGE_LOOP('',(#921));
#3582=EDGE_LOOP('',(#922,#923,#924,#925,#926,#927));
#3583=EDGE_LOOP('',(#928));
#3584=EDGE_LOOP('',(#929));
#3585=EDGE_LOOP('',(#930));
#3586=EDGE_LOOP('',(#931));
#3587=EDGE_LOOP('',(#932));
#3588=EDGE_LOOP('',(#933));
#3589=EDGE_LOOP('',(#934));
#3590=EDGE_LOOP('',(#935));
#3591=EDGE_LOOP('',(#936));
#3592=EDGE_LOOP('',(#937,#938,#939,#940,#941));
#3593=EDGE_LOOP('',(#942,#943,#944,#945,#946));
#3594=EDGE_LOOP('',(#947,#948,#949,#950,#951));
#3595=EDGE_LOOP('',(#952,#953,#954,#955,#956));
#3596=EDGE_LOOP('',(#957,#958,#959,#960,#961));
#3597=EDGE_LOOP('',(#962,#963,#964,#965,#966));
#3598=EDGE_LOOP('',(#967,#968,#969));
#3599=EDGE_LOOP('',(#970,#971,#972,#973,#974,#975));
#3600=EDGE_LOOP('',(#976));
#3601=EDGE_LOOP('',(#977));
#3602=EDGE_LOOP('',(#978,#979,#980,#981));
#3603=EDGE_LOOP('',(#982,#983,#984,#985,#986,#987,#988,#989,#990,#991,#992,
#993));
#3604=EDGE_LOOP('',(#994,#995,#996,#997));
#3605=EDGE_LOOP('',(#998,#999,#1000,#1001));
#3606=EDGE_LOOP('',(#1002,#1003,#1004,#1005));
#3607=EDGE_LOOP('',(#1006,#1007,#1008,#1009));
#3608=EDGE_LOOP('',(#1010,#1011,#1012,#1013,#1014,#1015));
#3609=EDGE_LOOP('',(#1016,#1017,#1018,#1019));
#3610=EDGE_LOOP('',(#1020,#1021,#1022,#1023));
#3611=EDGE_LOOP('',(#1024,#1025,#1026,#1027));
#3612=EDGE_LOOP('',(#1028,#1029,#1030,#1031,#1032,#1033,#1034,#1035));
#3613=EDGE_LOOP('',(#1036,#1037,#1038,#1039));
#3614=EDGE_LOOP('',(#1040,#1041,#1042,#1043));
#3615=EDGE_LOOP('',(#1044,#1045,#1046,#1047));
#3616=EDGE_LOOP('',(#1048,#1049,#1050,#1051));
#3617=EDGE_LOOP('',(#1052,#1053,#1054,#1055));
#3618=EDGE_LOOP('',(#1056,#1057,#1058,#1059));
#3619=EDGE_LOOP('',(#1060,#1061,#1062,#1063,#1064,#1065,#1066,#1067));
#3620=EDGE_LOOP('',(#1068,#1069,#1070,#1071));
#3621=EDGE_LOOP('',(#1072,#1073,#1074,#1075,#1076,#1077,#1078,#1079));
#3622=EDGE_LOOP('',(#1080,#1081,#1082,#1083,#1084,#1085,#1086,#1087));
#3623=EDGE_LOOP('',(#1088,#1089,#1090,#1091));
#3624=EDGE_LOOP('',(#1092,#1093,#1094,#1095));
#3625=EDGE_LOOP('',(#1096,#1097,#1098,#1099,#1100));
#3626=EDGE_LOOP('',(#1101,#1102,#1103,#1104,#1105));
#3627=EDGE_LOOP('',(#1106,#1107,#1108,#1109));
#3628=EDGE_LOOP('',(#1110,#1111,#1112,#1113));
#3629=EDGE_LOOP('',(#1114,#1115,#1116,#1117));
#3630=EDGE_LOOP('',(#1118,#1119,#1120,#1121,#1122,#1123,#1124,#1125));
#3631=EDGE_LOOP('',(#1126,#1127,#1128,#1129));
#3632=EDGE_LOOP('',(#1130,#1131,#1132,#1133));
#3633=EDGE_LOOP('',(#1134,#1135,#1136,#1137));
#3634=EDGE_LOOP('',(#1138,#1139,#1140,#1141));
#3635=EDGE_LOOP('',(#1142,#1143,#1144,#1145));
#3636=EDGE_LOOP('',(#1146,#1147,#1148,#1149));
#3637=EDGE_LOOP('',(#1150,#1151,#1152,#1153));
#3638=EDGE_LOOP('',(#1154,#1155,#1156,#1157));
#3639=EDGE_LOOP('',(#1158,#1159,#1160,#1161));
#3640=EDGE_LOOP('',(#1162,#1163,#1164,#1165));
#3641=EDGE_LOOP('',(#1166,#1167,#1168,#1169));
#3642=EDGE_LOOP('',(#1170,#1171,#1172,#1173));
#3643=EDGE_LOOP('',(#1174,#1175,#1176,#1177,#1178,#1179,#1180));
#3644=EDGE_LOOP('',(#1181,#1182,#1183,#1184));
#3645=EDGE_LOOP('',(#1185,#1186,#1187,#1188));
#3646=EDGE_LOOP('',(#1189,#1190,#1191,#1192));
#3647=EDGE_LOOP('',(#1193,#1194,#1195,#1196));
#3648=EDGE_LOOP('',(#1197,#1198,#1199,#1200));
#3649=EDGE_LOOP('',(#1201,#1202,#1203,#1204));
#3650=EDGE_LOOP('',(#1205,#1206,#1207,#1208));
#3651=EDGE_LOOP('',(#1209,#1210,#1211,#1212));
#3652=EDGE_LOOP('',(#1213,#1214,#1215,#1216));
#3653=EDGE_LOOP('',(#1217,#1218,#1219,#1220));
#3654=EDGE_LOOP('',(#1221,#1222,#1223,#1224,#1225,#1226,#1227));
#3655=EDGE_LOOP('',(#1228,#1229,#1230,#1231));
#3656=EDGE_LOOP('',(#1232,#1233,#1234,#1235));
#3657=EDGE_LOOP('',(#1236,#1237,#1238,#1239));
#3658=EDGE_LOOP('',(#1240,#1241,#1242,#1243));
#3659=EDGE_LOOP('',(#1244,#1245,#1246,#1247));
#3660=EDGE_LOOP('',(#1248,#1249,#1250,#1251));
#3661=EDGE_LOOP('',(#1252,#1253,#1254,#1255));
#3662=EDGE_LOOP('',(#1256,#1257,#1258,#1259));
#3663=EDGE_LOOP('',(#1260,#1261,#1262,#1263));
#3664=EDGE_LOOP('',(#1264,#1265,#1266,#1267));
#3665=EDGE_LOOP('',(#1268,#1269,#1270,#1271));
#3666=EDGE_LOOP('',(#1272,#1273,#1274,#1275));
#3667=EDGE_LOOP('',(#1276,#1277,#1278,#1279));
#3668=EDGE_LOOP('',(#1280,#1281,#1282,#1283));
#3669=EDGE_LOOP('',(#1284,#1285,#1286,#1287));
#3670=EDGE_LOOP('',(#1288,#1289,#1290,#1291));
#3671=EDGE_LOOP('',(#1292,#1293,#1294,#1295));
#3672=EDGE_LOOP('',(#1296,#1297,#1298,#1299));
#3673=EDGE_LOOP('',(#1300,#1301,#1302,#1303));
#3674=EDGE_LOOP('',(#1304,#1305,#1306,#1307));
#3675=EDGE_LOOP('',(#1308,#1309,#1310,#1311));
#3676=EDGE_LOOP('',(#1312,#1313,#1314,#1315));
#3677=EDGE_LOOP('',(#1316,#1317,#1318,#1319));
#3678=EDGE_LOOP('',(#1320,#1321,#1322,#1323));
#3679=EDGE_LOOP('',(#1324,#1325,#1326,#1327));
#3680=EDGE_LOOP('',(#1328,#1329,#1330,#1331));
#3681=EDGE_LOOP('',(#1332,#1333,#1334,#1335));
#3682=EDGE_LOOP('',(#1336,#1337,#1338,#1339));
#3683=EDGE_LOOP('',(#1340,#1341,#1342,#1343));
#3684=EDGE_LOOP('',(#1344,#1345,#1346,#1347));
#3685=EDGE_LOOP('',(#1348,#1349,#1350,#1351));
#3686=EDGE_LOOP('',(#1352,#1353,#1354,#1355));
#3687=EDGE_LOOP('',(#1356,#1357,#1358,#1359));
#3688=EDGE_LOOP('',(#1360,#1361,#1362,#1363));
#3689=EDGE_LOOP('',(#1364,#1365,#1366,#1367));
#3690=EDGE_LOOP('',(#1368,#1369,#1370,#1371));
#3691=EDGE_LOOP('',(#1372,#1373,#1374,#1375));
#3692=EDGE_LOOP('',(#1376,#1377,#1378,#1379));
#3693=EDGE_LOOP('',(#1380,#1381,#1382,#1383));
#3694=EDGE_LOOP('',(#1384,#1385,#1386,#1387));
#3695=EDGE_LOOP('',(#1388,#1389,#1390,#1391,#1392,#1393,#1394,#1395));
#3696=EDGE_LOOP('',(#1396,#1397,#1398,#1399));
#3697=EDGE_LOOP('',(#1400,#1401,#1402,#1403));
#3698=EDGE_LOOP('',(#1404,#1405,#1406,#1407));
#3699=EDGE_LOOP('',(#1408,#1409,#1410,#1411));
#3700=EDGE_LOOP('',(#1412,#1413,#1414,#1415));
#3701=EDGE_LOOP('',(#1416,#1417,#1418,#1419));
#3702=EDGE_LOOP('',(#1420,#1421,#1422,#1423));
#3703=EDGE_LOOP('',(#1424,#1425,#1426,#1427));
#3704=EDGE_LOOP('',(#1428,#1429,#1430,#1431,#1432,#1433,#1434,#1435));
#3705=EDGE_LOOP('',(#1436,#1437,#1438,#1439));
#3706=EDGE_LOOP('',(#1440,#1441,#1442,#1443));
#3707=EDGE_LOOP('',(#1444,#1445,#1446,#1447));
#3708=EDGE_LOOP('',(#1448,#1449,#1450,#1451));
#3709=EDGE_LOOP('',(#1452,#1453,#1454,#1455,#1456,#1457,#1458,#1459));
#3710=EDGE_LOOP('',(#1460,#1461,#1462,#1463));
#3711=EDGE_LOOP('',(#1464));
#3712=EDGE_LOOP('',(#1465));
#3713=EDGE_LOOP('',(#1466));
#3714=EDGE_LOOP('',(#1467));
#3715=EDGE_LOOP('',(#1468));
#3716=EDGE_LOOP('',(#1469));
#3717=EDGE_LOOP('',(#1470));
#3718=EDGE_LOOP('',(#1471));
#3719=EDGE_LOOP('',(#1472));
#3720=EDGE_LOOP('',(#1473));
#3721=EDGE_LOOP('',(#1474));
#3722=EDGE_LOOP('',(#1475));
#3723=EDGE_LOOP('',(#1476));
#3724=EDGE_LOOP('',(#1477,#1478,#1479,#1480));
#3725=EDGE_LOOP('',(#1481,#1482,#1483,#1484));
#3726=EDGE_LOOP('',(#1485,#1486,#1487,#1488));
#3727=EDGE_LOOP('',(#1489,#1490,#1491,#1492));
#3728=EDGE_LOOP('',(#1493));
#3729=EDGE_LOOP('',(#1494));
#3730=EDGE_LOOP('',(#1495));
#3731=EDGE_LOOP('',(#1496,#1497,#1498,#1499,#1500,#1501,#1502,#1503));
#3732=EDGE_LOOP('',(#1504,#1505,#1506,#1507,#1508,#1509,#1510,#1511,#1512,
#1513,#1514,#1515));
#3733=EDGE_LOOP('',(#1516,#1517,#1518,#1519));
#3734=EDGE_LOOP('',(#1520,#1521,#1522,#1523));
#3735=FACE_BOUND('',#3429,.T.);
#3736=FACE_BOUND('',#3430,.T.);
#3737=FACE_BOUND('',#3431,.T.);
#3738=FACE_BOUND('',#3432,.T.);
#3739=FACE_BOUND('',#3433,.T.);
#3740=FACE_BOUND('',#3434,.T.);
#3741=FACE_BOUND('',#3435,.T.);
#3742=FACE_BOUND('',#3436,.T.);
#3743=FACE_BOUND('',#3437,.T.);
#3744=FACE_BOUND('',#3438,.T.);
#3745=FACE_BOUND('',#3439,.T.);
#3746=FACE_BOUND('',#3440,.T.);
#3747=FACE_BOUND('',#3441,.T.);
#3748=FACE_BOUND('',#3442,.T.);
#3749=FACE_BOUND('',#3443,.T.);
#3750=FACE_BOUND('',#3444,.T.);
#3751=FACE_BOUND('',#3445,.T.);
#3752=FACE_BOUND('',#3446,.T.);
#3753=FACE_BOUND('',#3447,.T.);
#3754=FACE_BOUND('',#3448,.T.);
#3755=FACE_BOUND('',#3449,.T.);
#3756=FACE_BOUND('',#3450,.T.);
#3757=FACE_BOUND('',#3451,.T.);
#3758=FACE_BOUND('',#3452,.T.);
#3759=FACE_BOUND('',#3453,.T.);
#3760=FACE_BOUND('',#3454,.T.);
#3761=FACE_BOUND('',#3455,.T.);
#3762=FACE_BOUND('',#3456,.T.);
#3763=FACE_BOUND('',#3457,.T.);
#3764=FACE_BOUND('',#3458,.T.);
#3765=FACE_BOUND('',#3459,.T.);
#3766=FACE_BOUND('',#3460,.T.);
#3767=FACE_BOUND('',#3461,.T.);
#3768=FACE_BOUND('',#3462,.T.);
#3769=FACE_BOUND('',#3463,.T.);
#3770=FACE_BOUND('',#3464,.T.);
#3771=FACE_BOUND('',#3465,.T.);
#3772=FACE_BOUND('',#3466,.T.);
#3773=FACE_BOUND('',#3467,.T.);
#3774=FACE_BOUND('',#3468,.T.);
#3775=FACE_BOUND('',#3469,.T.);
#3776=FACE_BOUND('',#3470,.T.);
#3777=FACE_BOUND('',#3471,.T.);
#3778=FACE_BOUND('',#3472,.T.);
#3779=FACE_BOUND('',#3473,.T.);
#3780=FACE_BOUND('',#3474,.T.);
#3781=FACE_BOUND('',#3475,.T.);
#3782=FACE_BOUND('',#3476,.T.);
#3783=FACE_BOUND('',#3477,.T.);
#3784=FACE_BOUND('',#3478,.T.);
#3785=FACE_BOUND('',#3479,.T.);
#3786=FACE_BOUND('',#3480,.T.);
#3787=FACE_BOUND('',#3481,.T.);
#3788=FACE_BOUND('',#3482,.T.);
#3789=FACE_BOUND('',#3483,.T.);
#3790=FACE_BOUND('',#3484,.T.);
#3791=FACE_BOUND('',#3485,.T.);
#3792=FACE_BOUND('',#3486,.T.);
#3793=FACE_BOUND('',#3487,.T.);
#3794=FACE_BOUND('',#3488,.T.);
#3795=FACE_BOUND('',#3489,.T.);
#3796=FACE_BOUND('',#3490,.T.);
#3797=FACE_BOUND('',#3491,.T.);
#3798=FACE_BOUND('',#3492,.T.);
#3799=FACE_BOUND('',#3493,.T.);
#3800=FACE_BOUND('',#3494,.T.);
#3801=FACE_BOUND('',#3495,.T.);
#3802=FACE_BOUND('',#3496,.T.);
#3803=FACE_BOUND('',#3497,.T.);
#3804=FACE_BOUND('',#3498,.T.);
#3805=FACE_BOUND('',#3499,.T.);
#3806=FACE_BOUND('',#3500,.T.);
#3807=FACE_BOUND('',#3501,.T.);
#3808=FACE_BOUND('',#3502,.T.);
#3809=FACE_BOUND('',#3503,.T.);
#3810=FACE_BOUND('',#3504,.T.);
#3811=FACE_BOUND('',#3505,.T.);
#3812=FACE_BOUND('',#3506,.T.);
#3813=FACE_BOUND('',#3507,.T.);
#3814=FACE_BOUND('',#3508,.T.);
#3815=FACE_BOUND('',#3509,.T.);
#3816=FACE_BOUND('',#3510,.T.);
#3817=FACE_BOUND('',#3511,.T.);
#3818=FACE_BOUND('',#3512,.T.);
#3819=FACE_BOUND('',#3513,.T.);
#3820=FACE_BOUND('',#3514,.T.);
#3821=FACE_BOUND('',#3515,.T.);
#3822=FACE_BOUND('',#3516,.T.);
#3823=FACE_BOUND('',#3517,.T.);
#3824=FACE_BOUND('',#3518,.T.);
#3825=FACE_BOUND('',#3519,.T.);
#3826=FACE_BOUND('',#3520,.T.);
#3827=FACE_BOUND('',#3521,.T.);
#3828=FACE_BOUND('',#3522,.T.);
#3829=FACE_BOUND('',#3523,.T.);
#3830=FACE_BOUND('',#3524,.T.);
#3831=FACE_BOUND('',#3525,.T.);
#3832=FACE_BOUND('',#3526,.T.);
#3833=FACE_BOUND('',#3527,.T.);
#3834=FACE_BOUND('',#3528,.T.);
#3835=FACE_BOUND('',#3529,.T.);
#3836=FACE_BOUND('',#3530,.T.);
#3837=FACE_BOUND('',#3531,.T.);
#3838=FACE_BOUND('',#3532,.T.);
#3839=FACE_BOUND('',#3533,.T.);
#3840=FACE_BOUND('',#3534,.T.);
#3841=FACE_BOUND('',#3535,.T.);
#3842=FACE_BOUND('',#3536,.T.);
#3843=FACE_BOUND('',#3537,.T.);
#3844=FACE_BOUND('',#3538,.T.);
#3845=FACE_BOUND('',#3539,.T.);
#3846=FACE_BOUND('',#3540,.T.);
#3847=FACE_BOUND('',#3541,.T.);
#3848=FACE_BOUND('',#3542,.T.);
#3849=FACE_BOUND('',#3543,.T.);
#3850=FACE_BOUND('',#3544,.T.);
#3851=FACE_BOUND('',#3545,.T.);
#3852=FACE_BOUND('',#3546,.T.);
#3853=FACE_BOUND('',#3547,.T.);
#3854=FACE_BOUND('',#3548,.T.);
#3855=FACE_BOUND('',#3549,.T.);
#3856=FACE_BOUND('',#3550,.T.);
#3857=FACE_BOUND('',#3551,.T.);
#3858=FACE_BOUND('',#3552,.T.);
#3859=FACE_BOUND('',#3553,.T.);
#3860=FACE_BOUND('',#3554,.T.);
#3861=FACE_BOUND('',#3555,.T.);
#3862=FACE_BOUND('',#3556,.T.);
#3863=FACE_BOUND('',#3557,.T.);
#3864=FACE_BOUND('',#3558,.T.);
#3865=FACE_BOUND('',#3559,.T.);
#3866=FACE_BOUND('',#3560,.T.);
#3867=FACE_BOUND('',#3561,.T.);
#3868=FACE_BOUND('',#3562,.T.);
#3869=FACE_BOUND('',#3563,.T.);
#3870=FACE_BOUND('',#3564,.T.);
#3871=FACE_BOUND('',#3565,.T.);
#3872=FACE_BOUND('',#3566,.T.);
#3873=FACE_BOUND('',#3567,.T.);
#3874=FACE_BOUND('',#3568,.T.);
#3875=FACE_BOUND('',#3569,.T.);
#3876=FACE_BOUND('',#3570,.T.);
#3877=FACE_BOUND('',#3571,.T.);
#3878=FACE_BOUND('',#3572,.T.);
#3879=FACE_BOUND('',#3573,.T.);
#3880=FACE_BOUND('',#3574,.T.);
#3881=FACE_BOUND('',#3575,.T.);
#3882=FACE_BOUND('',#3576,.T.);
#3883=FACE_BOUND('',#3577,.T.);
#3884=FACE_BOUND('',#3578,.T.);
#3885=FACE_BOUND('',#3579,.T.);
#3886=FACE_BOUND('',#3580,.T.);
#3887=FACE_BOUND('',#3581,.T.);
#3888=FACE_BOUND('',#3582,.T.);
#3889=FACE_BOUND('',#3583,.T.);
#3890=FACE_BOUND('',#3584,.T.);
#3891=FACE_BOUND('',#3585,.T.);
#3892=FACE_BOUND('',#3586,.T.);
#3893=FACE_BOUND('',#3587,.T.);
#3894=FACE_BOUND('',#3588,.T.);
#3895=FACE_BOUND('',#3589,.T.);
#3896=FACE_BOUND('',#3590,.T.);
#3897=FACE_BOUND('',#3591,.T.);
#3898=FACE_BOUND('',#3592,.T.);
#3899=FACE_BOUND('',#3593,.T.);
#3900=FACE_BOUND('',#3594,.T.);
#3901=FACE_BOUND('',#3595,.T.);
#3902=FACE_BOUND('',#3596,.T.);
#3903=FACE_BOUND('',#3597,.T.);
#3904=FACE_BOUND('',#3598,.T.);
#3905=FACE_BOUND('',#10,.T.);
#3906=FACE_BOUND('',#3599,.T.);
#3907=FACE_BOUND('',#3600,.T.);
#3908=FACE_BOUND('',#3601,.T.);
#3909=FACE_BOUND('',#3602,.T.);
#3910=FACE_BOUND('',#3603,.T.);
#3911=FACE_BOUND('',#3604,.T.);
#3912=FACE_BOUND('',#3605,.T.);
#3913=FACE_BOUND('',#3606,.T.);
#3914=FACE_BOUND('',#3607,.T.);
#3915=FACE_BOUND('',#3608,.T.);
#3916=FACE_BOUND('',#3609,.T.);
#3917=FACE_BOUND('',#3610,.T.);
#3918=FACE_BOUND('',#3611,.T.);
#3919=FACE_BOUND('',#3612,.T.);
#3920=FACE_BOUND('',#3613,.T.);
#3921=FACE_BOUND('',#3614,.T.);
#3922=FACE_BOUND('',#3615,.T.);
#3923=FACE_BOUND('',#3616,.T.);
#3924=FACE_BOUND('',#3617,.T.);
#3925=FACE_BOUND('',#3618,.T.);
#3926=FACE_BOUND('',#3619,.T.);
#3927=FACE_BOUND('',#3620,.T.);
#3928=FACE_BOUND('',#3621,.T.);
#3929=FACE_BOUND('',#3622,.T.);
#3930=FACE_BOUND('',#3623,.T.);
#3931=FACE_BOUND('',#3624,.T.);
#3932=FACE_BOUND('',#3625,.T.);
#3933=FACE_BOUND('',#3626,.T.);
#3934=FACE_BOUND('',#3627,.T.);
#3935=FACE_BOUND('',#3628,.T.);
#3936=FACE_BOUND('',#3629,.T.);
#3937=FACE_BOUND('',#3630,.T.);
#3938=FACE_BOUND('',#3631,.T.);
#3939=FACE_BOUND('',#3632,.T.);
#3940=FACE_BOUND('',#3633,.T.);
#3941=FACE_BOUND('',#3634,.T.);
#3942=FACE_BOUND('',#3635,.T.);
#3943=FACE_BOUND('',#3636,.T.);
#3944=FACE_BOUND('',#3637,.T.);
#3945=FACE_BOUND('',#3638,.T.);
#3946=FACE_BOUND('',#3639,.T.);
#3947=FACE_BOUND('',#3640,.T.);
#3948=FACE_BOUND('',#3641,.T.);
#3949=FACE_BOUND('',#3642,.T.);
#3950=FACE_BOUND('',#3643,.T.);
#3951=FACE_BOUND('',#3644,.T.);
#3952=FACE_BOUND('',#3645,.T.);
#3953=FACE_BOUND('',#3646,.T.);
#3954=FACE_BOUND('',#3647,.T.);
#3955=FACE_BOUND('',#3648,.T.);
#3956=FACE_BOUND('',#3649,.T.);
#3957=FACE_BOUND('',#3650,.T.);
#3958=FACE_BOUND('',#3651,.T.);
#3959=FACE_BOUND('',#3652,.T.);
#3960=FACE_BOUND('',#3653,.T.);
#3961=FACE_BOUND('',#3654,.T.);
#3962=FACE_BOUND('',#3655,.T.);
#3963=FACE_BOUND('',#3656,.T.);
#3964=FACE_BOUND('',#3657,.T.);
#3965=FACE_BOUND('',#3658,.T.);
#3966=FACE_BOUND('',#3659,.T.);
#3967=FACE_BOUND('',#3660,.T.);
#3968=FACE_BOUND('',#3661,.T.);
#3969=FACE_BOUND('',#3662,.T.);
#3970=FACE_BOUND('',#3663,.T.);
#3971=FACE_BOUND('',#3664,.T.);
#3972=FACE_BOUND('',#3665,.T.);
#3973=FACE_BOUND('',#3666,.T.);
#3974=FACE_BOUND('',#3667,.T.);
#3975=FACE_BOUND('',#3668,.T.);
#3976=FACE_BOUND('',#3669,.T.);
#3977=FACE_BOUND('',#3670,.T.);
#3978=FACE_BOUND('',#3671,.T.);
#3979=FACE_BOUND('',#3672,.T.);
#3980=FACE_BOUND('',#3673,.T.);
#3981=FACE_BOUND('',#3674,.T.);
#3982=FACE_BOUND('',#3675,.T.);
#3983=FACE_BOUND('',#3676,.T.);
#3984=FACE_BOUND('',#3677,.T.);
#3985=FACE_BOUND('',#3678,.T.);
#3986=FACE_BOUND('',#3679,.T.);
#3987=FACE_BOUND('',#3680,.T.);
#3988=FACE_BOUND('',#3681,.T.);
#3989=FACE_BOUND('',#3682,.T.);
#3990=FACE_BOUND('',#3683,.T.);
#3991=FACE_BOUND('',#3684,.T.);
#3992=FACE_BOUND('',#3685,.T.);
#3993=FACE_BOUND('',#3686,.T.);
#3994=FACE_BOUND('',#3687,.T.);
#3995=FACE_BOUND('',#3688,.T.);
#3996=FACE_BOUND('',#3689,.T.);
#3997=FACE_BOUND('',#3690,.T.);
#3998=FACE_BOUND('',#3691,.T.);
#3999=FACE_BOUND('',#3692,.T.);
#4000=FACE_BOUND('',#3693,.T.);
#4001=FACE_BOUND('',#3694,.T.);
#4002=FACE_BOUND('',#3695,.T.);
#4003=FACE_BOUND('',#3696,.T.);
#4004=FACE_BOUND('',#3697,.T.);
#4005=FACE_BOUND('',#3698,.T.);
#4006=FACE_BOUND('',#3699,.T.);
#4007=FACE_BOUND('',#3700,.T.);
#4008=FACE_BOUND('',#3701,.T.);
#4009=FACE_BOUND('',#3702,.T.);
#4010=FACE_BOUND('',#3703,.T.);
#4011=FACE_BOUND('',#3704,.T.);
#4012=FACE_BOUND('',#3705,.T.);
#4013=FACE_BOUND('',#3706,.T.);
#4014=FACE_BOUND('',#3707,.T.);
#4015=FACE_BOUND('',#3708,.T.);
#4016=FACE_BOUND('',#3709,.T.);
#4017=FACE_BOUND('',#3710,.T.);
#4018=FACE_BOUND('',#3711,.T.);
#4019=FACE_BOUND('',#3712,.T.);
#4020=FACE_BOUND('',#3713,.T.);
#4021=FACE_BOUND('',#3714,.T.);
#4022=FACE_BOUND('',#11,.T.);
#4023=FACE_BOUND('',#3715,.T.);
#4024=FACE_BOUND('',#3716,.T.);
#4025=FACE_BOUND('',#3717,.T.);
#4026=FACE_BOUND('',#12,.T.);
#4027=FACE_BOUND('',#3718,.T.);
#4028=FACE_BOUND('',#3719,.T.);
#4029=FACE_BOUND('',#3720,.T.);
#4030=FACE_BOUND('',#13,.T.);
#4031=FACE_BOUND('',#3721,.T.);
#4032=FACE_BOUND('',#3722,.T.);
#4033=FACE_BOUND('',#3723,.T.);
#4034=FACE_BOUND('',#3724,.T.);
#4035=FACE_BOUND('',#3725,.T.);
#4036=FACE_BOUND('',#3726,.T.);
#4037=FACE_BOUND('',#3727,.T.);
#4038=FACE_BOUND('',#14,.T.);
#4039=FACE_BOUND('',#3728,.T.);
#4040=FACE_BOUND('',#3729,.T.);
#4041=FACE_BOUND('',#3730,.T.);
#4042=FACE_BOUND('',#3731,.T.);
#4043=FACE_BOUND('',#3732,.T.);
#4044=FACE_BOUND('',#3733,.T.);
#4045=FACE_BOUND('',#3734,.T.);
#4046=PLANE('',#4538);
#4047=PLANE('',#4539);
#4048=PLANE('',#4540);
#4049=PLANE('',#4541);
#4050=PLANE('',#4542);
#4051=PLANE('',#4543);
#4052=PLANE('',#4544);
#4053=PLANE('',#4545);
#4054=PLANE('',#4546);
#4055=PLANE('',#4547);
#4056=PLANE('',#4548);
#4057=PLANE('',#4549);
#4058=PLANE('',#4557);
#4059=PLANE('',#4559);
#4060=PLANE('',#4560);
#4061=PLANE('',#4561);
#4062=PLANE('',#4562);
#4063=PLANE('',#4563);
#4064=PLANE('',#4564);
#4065=PLANE('',#4565);
#4066=PLANE('',#4566);
#4067=PLANE('',#4567);
#4068=PLANE('',#4568);
#4069=PLANE('',#4569);
#4070=PLANE('',#4570);
#4071=PLANE('',#4589);
#4072=PLANE('',#4590);
#4073=PLANE('',#4591);
#4074=PLANE('',#4592);
#4075=PLANE('',#4594);
#4076=PLANE('',#4595);
#4077=PLANE('',#4596);
#4078=PLANE('',#4598);
#4079=PLANE('',#4599);
#4080=PLANE('',#4604);
#4081=PLANE('',#4605);
#4082=PLANE('',#4606);
#4083=PLANE('',#4607);
#4084=PLANE('',#4608);
#4085=PLANE('',#4612);
#4086=PLANE('',#4616);
#4087=PLANE('',#4620);
#4088=PLANE('',#4624);
#4089=PLANE('',#4628);
#4090=PLANE('',#4632);
#4091=PLANE('',#4636);
#4092=PLANE('',#4640);
#4093=PLANE('',#4644);
#4094=PLANE('',#4648);
#4095=PLANE('',#4652);
#4096=PLANE('',#4656);
#4097=PLANE('',#4660);
#4098=PLANE('',#4664);
#4099=PLANE('',#4668);
#4100=PLANE('',#4672);
#4101=PLANE('',#4676);
#4102=PLANE('',#4680);
#4103=PLANE('',#4684);
#4104=PLANE('',#4688);
#4105=PLANE('',#4692);
#4106=PLANE('',#4696);
#4107=PLANE('',#4700);
#4108=PLANE('',#4704);
#4109=PLANE('',#4705);
#4110=PLANE('',#4706);
#4111=PLANE('',#4707);
#4112=PLANE('',#4717);
#4113=PLANE('',#4724);
#4114=PLANE('',#4727);
#4115=PLANE('',#4729);
#4116=PLANE('',#4731);
#4117=PLANE('',#4733);
#4118=PLANE('',#4735);
#4119=PLANE('',#4737);
#4120=PLANE('',#4744);
#4121=PLANE('',#4748);
#4122=PLANE('',#4749);
#4123=PLANE('',#4750);
#4124=PLANE('',#4751);
#4125=PLANE('',#4752);
#4126=PLANE('',#4753);
#4127=PLANE('',#4754);
#4128=PLANE('',#4755);
#4129=PLANE('',#4761);
#4130=PLANE('',#4766);
#4131=PLANE('',#4769);
#4132=PLANE('',#4772);
#4133=PLANE('',#4775);
#4134=PLANE('',#4778);
#4135=PLANE('',#4779);
#4136=PLANE('',#4780);
#4137=PLANE('',#4781);
#4138=PLANE('',#4782);
#4139=PLANE('',#4783);
#4140=PLANE('',#4784);
#4141=PLANE('',#4785);
#4142=PLANE('',#4790);
#4143=PLANE('',#4791);
#4144=PLANE('',#4800);
#4145=PLANE('',#4801);
#4146=PLANE('',#4806);
#4147=PLANE('',#4807);
#4148=PLANE('',#4812);
#4149=PLANE('',#4813);
#4150=PLANE('',#4814);
#4151=PLANE('',#4820);
#4152=PLANE('',#4822);
#4153=PLANE('',#4823);
#4154=PLANE('',#4824);
#4155=PLANE('',#4825);
#4156=PLANE('',#4826);
#4157=PLANE('',#4829);
#4158=PLANE('',#4830);
#4159=PLANE('',#4831);
#4160=PLANE('',#4832);
#4161=PLANE('',#4833);
#4162=PLANE('',#4834);
#4163=PLANE('',#4835);
#4164=PLANE('',#4836);
#4165=PLANE('',#4837);
#4166=PLANE('',#4838);
#4167=PLANE('',#4839);
#4168=PLANE('',#4840);
#4169=PLANE('',#4841);
#4170=PLANE('',#4842);
#4171=PLANE('',#4843);
#4172=PLANE('',#4844);
#4173=PLANE('',#4845);
#4174=PLANE('',#4846);
#4175=PLANE('',#4847);
#4176=PLANE('',#4848);
#4177=PLANE('',#4849);
#4178=PLANE('',#4850);
#4179=PLANE('',#4851);
#4180=PLANE('',#4852);
#4181=PLANE('',#4853);
#4182=PLANE('',#4854);
#4183=PLANE('',#4855);
#4184=PLANE('',#4856);
#4185=PLANE('',#4857);
#4186=PLANE('',#4858);
#4187=PLANE('',#4859);
#4188=PLANE('',#4860);
#4189=PLANE('',#4861);
#4190=PLANE('',#4862);
#4191=PLANE('',#4863);
#4192=PLANE('',#4864);
#4193=PLANE('',#4865);
#4194=PLANE('',#4866);
#4195=PLANE('',#4867);
#4196=PLANE('',#4868);
#4197=PLANE('',#4869);
#4198=PLANE('',#4870);
#4199=PLANE('',#4873);
#4200=PLANE('',#4874);
#4201=PLANE('',#4881);
#4202=PLANE('',#4885);
#4203=PLANE('',#4889);
#4204=PLANE('',#4890);
#4205=PLANE('',#4891);
#4206=PLANE('',#4892);
#4207=PLANE('',#4893);
#4208=PLANE('',#4894);
#4209=PLANE('',#4908);
#4210=PLANE('',#4909);
#4211=PLANE('',#4910);
#4212=PLANE('',#4911);
#4213=PLANE('',#4915);
#4214=PLANE('',#4916);
#4215=PLANE('',#4917);
#4216=PLANE('',#4918);
#4217=ADVANCED_FACE('',(#3735),#4046,.F.);
#4218=ADVANCED_FACE('',(#3736),#4047,.T.);
#4219=ADVANCED_FACE('',(#3737),#4048,.F.);
#4220=ADVANCED_FACE('',(#3738),#4049,.F.);
#4221=ADVANCED_FACE('',(#3739),#4050,.F.);
#4222=ADVANCED_FACE('',(#3740),#4051,.T.);
#4223=ADVANCED_FACE('',(#3741),#4052,.F.);
#4224=ADVANCED_FACE('',(#3742),#4053,.T.);
#4225=ADVANCED_FACE('',(#3743),#4054,.T.);
#4226=ADVANCED_FACE('',(#3744),#4055,.T.);
#4227=ADVANCED_FACE('',(#3745),#4056,.F.);
#4228=ADVANCED_FACE('',(#3746),#4057,.T.);
#4229=ADVANCED_FACE('',(#3747),#259,.T.);
#4230=ADVANCED_FACE('',(#3748,#3749),#4058,.T.);
#4231=ADVANCED_FACE('',(#3750),#4059,.T.);
#4232=ADVANCED_FACE('',(#3751),#4060,.F.);
#4233=ADVANCED_FACE('',(#3752),#4061,.T.);
#4234=ADVANCED_FACE('',(#3753),#4062,.F.);
#4235=ADVANCED_FACE('',(#3754),#4063,.F.);
#4236=ADVANCED_FACE('',(#3755),#4064,.F.);
#4237=ADVANCED_FACE('',(#3756),#4065,.F.);
#4238=ADVANCED_FACE('',(#3757),#4066,.T.);
#4239=ADVANCED_FACE('',(#3758),#4067,.F.);
#4240=ADVANCED_FACE('',(#3759),#4068,.T.);
#4241=ADVANCED_FACE('',(#3760),#4069,.T.);
#4242=ADVANCED_FACE('',(#3761),#4070,.T.);
#4243=ADVANCED_FACE('',(#3762),#120,.T.);
#4244=ADVANCED_FACE('',(#3763),#93,.T.);
#4245=ADVANCED_FACE('',(#3764),#260,.T.);
#4246=ADVANCED_FACE('',(#3765),#94,.T.);
#4247=ADVANCED_FACE('',(#3766),#121,.T.);
#4248=ADVANCED_FACE('',(#3767),#261,.T.);
#4249=ADVANCED_FACE('',(#3768),#91,.T.);
#4250=ADVANCED_FACE('',(#3769),#95,.T.);
#4251=ADVANCED_FACE('',(#3770),#122,.T.);
#4252=ADVANCED_FACE('',(#3771),#123,.T.);
#4253=ADVANCED_FACE('',(#3772),#124,.T.);
#4254=ADVANCED_FACE('',(#3773),#125,.T.);
#4255=ADVANCED_FACE('',(#3774,#3775),#262,.T.);
#4256=ADVANCED_FACE('',(#3776),#4071,.T.);
#4257=ADVANCED_FACE('',(#3777),#4072,.F.);
#4258=ADVANCED_FACE('',(#3778),#4073,.F.);
#4259=ADVANCED_FACE('',(#3779),#4074,.T.);
#4260=ADVANCED_FACE('',(#3780),#263,.F.);
#4261=ADVANCED_FACE('',(#3781),#4075,.F.);
#4262=ADVANCED_FACE('',(#3782),#4076,.T.);
#4263=ADVANCED_FACE('',(#3783),#4077,.T.);
#4264=ADVANCED_FACE('',(#3784),#4078,.F.);
#4265=ADVANCED_FACE('',(#3785,#3786),#4079,.T.);
#4266=ADVANCED_FACE('',(#3787),#96,.T.);
#4267=ADVANCED_FACE('',(#3788,#3789),#264,.T.);
#4268=ADVANCED_FACE('',(#3790),#4080,.T.);
#4269=ADVANCED_FACE('',(#3791),#4081,.F.);
#4270=ADVANCED_FACE('',(#3792),#4082,.F.);
#4271=ADVANCED_FACE('',(#3793),#4083,.T.);
#4272=ADVANCED_FACE('',(#3794),#4084,.T.);
#4273=ADVANCED_FACE('',(#3795),#265,.F.);
#4274=ADVANCED_FACE('',(#3796),#4085,.T.);
#4275=ADVANCED_FACE('',(#3797),#266,.F.);
#4276=ADVANCED_FACE('',(#3798),#4086,.F.);
#4277=ADVANCED_FACE('',(#3799),#267,.F.);
#4278=ADVANCED_FACE('',(#3800),#4087,.F.);
#4279=ADVANCED_FACE('',(#3801),#268,.F.);
#4280=ADVANCED_FACE('',(#3802),#4088,.T.);
#4281=ADVANCED_FACE('',(#3803),#269,.F.);
#4282=ADVANCED_FACE('',(#3804),#4089,.T.);
#4283=ADVANCED_FACE('',(#3805),#270,.F.);
#4284=ADVANCED_FACE('',(#3806),#4090,.F.);
#4285=ADVANCED_FACE('',(#3807),#271,.F.);
#4286=ADVANCED_FACE('',(#3808),#4091,.F.);
#4287=ADVANCED_FACE('',(#3809),#272,.F.);
#4288=ADVANCED_FACE('',(#3810),#4092,.T.);
#4289=ADVANCED_FACE('',(#3811),#273,.F.);
#4290=ADVANCED_FACE('',(#3812),#4093,.T.);
#4291=ADVANCED_FACE('',(#3813),#274,.F.);
#4292=ADVANCED_FACE('',(#3814),#4094,.F.);
#4293=ADVANCED_FACE('',(#3815),#275,.F.);
#4294=ADVANCED_FACE('',(#3816),#4095,.F.);
#4295=ADVANCED_FACE('',(#3817),#276,.F.);
#4296=ADVANCED_FACE('',(#3818),#4096,.T.);
#4297=ADVANCED_FACE('',(#3819),#277,.F.);
#4298=ADVANCED_FACE('',(#3820),#4097,.F.);
#4299=ADVANCED_FACE('',(#3821),#278,.F.);
#4300=ADVANCED_FACE('',(#3822),#4098,.F.);
#4301=ADVANCED_FACE('',(#3823),#279,.F.);
#4302=ADVANCED_FACE('',(#3824),#4099,.T.);
#4303=ADVANCED_FACE('',(#3825),#280,.F.);
#4304=ADVANCED_FACE('',(#3826),#4100,.T.);
#4305=ADVANCED_FACE('',(#3827),#281,.F.);
#4306=ADVANCED_FACE('',(#3828),#4101,.F.);
#4307=ADVANCED_FACE('',(#3829),#282,.F.);
#4308=ADVANCED_FACE('',(#3830),#4102,.F.);
#4309=ADVANCED_FACE('',(#3831),#283,.F.);
#4310=ADVANCED_FACE('',(#3832),#4103,.T.);
#4311=ADVANCED_FACE('',(#3833),#284,.F.);
#4312=ADVANCED_FACE('',(#3834),#4104,.T.);
#4313=ADVANCED_FACE('',(#3835),#285,.F.);
#4314=ADVANCED_FACE('',(#3836),#4105,.F.);
#4315=ADVANCED_FACE('',(#3837),#286,.F.);
#4316=ADVANCED_FACE('',(#3838),#4106,.F.);
#4317=ADVANCED_FACE('',(#3839),#287,.F.);
#4318=ADVANCED_FACE('',(#3840),#4107,.T.);
#4319=ADVANCED_FACE('',(#3841),#288,.F.);
#4320=ADVANCED_FACE('',(#3842),#4108,.T.);
#4321=ADVANCED_FACE('',(#3843),#4109,.F.);
#4322=ADVANCED_FACE('',(#3844),#4110,.F.);
#4323=ADVANCED_FACE('',(#3845),#4111,.T.);
#4324=ADVANCED_FACE('',(#3846,#3847),#289,.F.);
#4325=ADVANCED_FACE('',(#3848,#3849),#290,.F.);
#4326=ADVANCED_FACE('',(#3850,#3851),#291,.F.);
#4327=ADVANCED_FACE('',(#3852,#3853,#3854,#3855,#3856,#3857,#3858,#3859,
#3860,#3861,#3862,#3863,#3864),#4112,.T.);
#4328=ADVANCED_FACE('',(#3865,#3866),#292,.F.);
#4329=ADVANCED_FACE('',(#3867,#3868),#293,.F.);
#4330=ADVANCED_FACE('',(#3869,#3870,#3871,#3872,#3873,#3874,#3875,#3876,
#3877,#3878,#3879,#3880,#3881),#4113,.F.);
#4331=ADVANCED_FACE('',(#3882),#4114,.T.);
#4332=ADVANCED_FACE('',(#3883),#4115,.T.);
#4333=ADVANCED_FACE('',(#3884),#4116,.T.);
#4334=ADVANCED_FACE('',(#3885),#4117,.T.);
#4335=ADVANCED_FACE('',(#3886),#4118,.T.);
#4336=ADVANCED_FACE('',(#3887,#3888),#4119,.F.);
#4337=ADVANCED_FACE('',(#3889,#3890),#92,.F.);
#4338=ADVANCED_FACE('',(#3891,#3892),#294,.T.);
#4339=ADVANCED_FACE('',(#3893),#4120,.F.);
#4340=ADVANCED_FACE('',(#3894,#3895),#21,.T.);
#4341=ADVANCED_FACE('',(#3896,#3897),#4121,.T.);
#4342=ADVANCED_FACE('',(#3898),#4122,.T.);
#4343=ADVANCED_FACE('',(#3899),#4123,.T.);
#4344=ADVANCED_FACE('',(#3900),#4124,.T.);
#4345=ADVANCED_FACE('',(#3901),#4125,.T.);
#4346=ADVANCED_FACE('',(#3902),#4126,.T.);
#4347=ADVANCED_FACE('',(#3903),#4127,.T.);
#4348=ADVANCED_FACE('',(#3904),#4128,.T.);
#4349=ADVANCED_FACE('',(#3905,#3906),#15,.F.);
#4350=ADVANCED_FACE('',(#3907,#3908),#16,.T.);
#4351=ADVANCED_FACE('',(#3909,#3910),#4129,.T.);
#4352=ADVANCED_FACE('',(#3911),#4130,.F.);
#4353=ADVANCED_FACE('',(#3912),#295,.T.);
#4354=ADVANCED_FACE('',(#3913),#4131,.F.);
#4355=ADVANCED_FACE('',(#3914),#296,.T.);
#4356=ADVANCED_FACE('',(#3915),#4132,.T.);
#4357=ADVANCED_FACE('',(#3916),#297,.T.);
#4358=ADVANCED_FACE('',(#3917),#4133,.T.);
#4359=ADVANCED_FACE('',(#3918),#298,.T.);
#4360=ADVANCED_FACE('',(#3919),#4134,.F.);
#4361=ADVANCED_FACE('',(#3920),#4135,.T.);
#4362=ADVANCED_FACE('',(#3921),#4136,.F.);
#4363=ADVANCED_FACE('',(#3922),#4137,.F.);
#4364=ADVANCED_FACE('',(#3923),#4138,.T.);
#4365=ADVANCED_FACE('',(#3924),#4139,.T.);
#4366=ADVANCED_FACE('',(#3925),#4140,.T.);
#4367=ADVANCED_FACE('',(#3926),#4141,.T.);
#4368=ADVANCED_FACE('',(#3927),#4142,.F.);
#4369=ADVANCED_FACE('',(#3928,#3929),#4143,.T.);
#4370=ADVANCED_FACE('',(#3930),#4144,.T.);
#4371=ADVANCED_FACE('',(#3931),#4145,.F.);
#4372=ADVANCED_FACE('',(#3932),#299,.T.);
#4373=ADVANCED_FACE('',(#3933),#300,.T.);
#4374=ADVANCED_FACE('',(#3934),#301,.T.);
#4375=ADVANCED_FACE('',(#3935),#302,.T.);
#4376=ADVANCED_FACE('',(#3936),#4146,.F.);
#4377=ADVANCED_FACE('',(#3937),#4147,.F.);
#4378=ADVANCED_FACE('',(#3938),#4148,.T.);
#4379=ADVANCED_FACE('',(#3939),#4149,.F.);
#4380=ADVANCED_FACE('',(#3940),#4150,.T.);
#4381=ADVANCED_FACE('',(#3941),#303,.F.);
#4382=ADVANCED_FACE('',(#3942),#304,.F.);
#4383=ADVANCED_FACE('',(#3943),#305,.F.);
#4384=ADVANCED_FACE('',(#3944),#306,.F.);
#4385=ADVANCED_FACE('',(#3945,#3946,#3947,#3948,#3949,#3950,#3951,#3952,
#3953),#4151,.T.);
#4386=ADVANCED_FACE('',(#3954),#4152,.T.);
#4387=ADVANCED_FACE('',(#3955),#4153,.F.);
#4388=ADVANCED_FACE('',(#3956),#4154,.F.);
#4389=ADVANCED_FACE('',(#3957),#4155,.F.);
#4390=ADVANCED_FACE('',(#3958),#4156,.F.);
#4391=ADVANCED_FACE('',(#3959),#307,.F.);
#4392=ADVANCED_FACE('',(#3960),#4157,.T.);
#4393=ADVANCED_FACE('',(#3961),#4158,.F.);
#4394=ADVANCED_FACE('',(#3962),#4159,.T.);
#4395=ADVANCED_FACE('',(#3963),#4160,.F.);
#4396=ADVANCED_FACE('',(#3964),#4161,.F.);
#4397=ADVANCED_FACE('',(#3965),#4162,.T.);
#4398=ADVANCED_FACE('',(#3966),#4163,.T.);
#4399=ADVANCED_FACE('',(#3967),#4164,.F.);
#4400=ADVANCED_FACE('',(#3968),#4165,.F.);
#4401=ADVANCED_FACE('',(#3969),#4166,.T.);
#4402=ADVANCED_FACE('',(#3970),#4167,.T.);
#4403=ADVANCED_FACE('',(#3971),#4168,.T.);
#4404=ADVANCED_FACE('',(#3972),#4169,.T.);
#4405=ADVANCED_FACE('',(#3973),#4170,.F.);
#4406=ADVANCED_FACE('',(#3974),#4171,.F.);
#4407=ADVANCED_FACE('',(#3975),#4172,.T.);
#4408=ADVANCED_FACE('',(#3976),#4173,.T.);
#4409=ADVANCED_FACE('',(#3977),#4174,.T.);
#4410=ADVANCED_FACE('',(#3978),#4175,.F.);
#4411=ADVANCED_FACE('',(#3979),#4176,.F.);
#4412=ADVANCED_FACE('',(#3980),#4177,.T.);
#4413=ADVANCED_FACE('',(#3981),#4178,.T.);
#4414=ADVANCED_FACE('',(#3982),#4179,.F.);
#4415=ADVANCED_FACE('',(#3983),#4180,.F.);
#4416=ADVANCED_FACE('',(#3984),#4181,.T.);
#4417=ADVANCED_FACE('',(#3985),#4182,.T.);
#4418=ADVANCED_FACE('',(#3986),#4183,.T.);
#4419=ADVANCED_FACE('',(#3987),#4184,.F.);
#4420=ADVANCED_FACE('',(#3988),#4185,.F.);
#4421=ADVANCED_FACE('',(#3989),#4186,.T.);
#4422=ADVANCED_FACE('',(#3990),#4187,.T.);
#4423=ADVANCED_FACE('',(#3991),#4188,.T.);
#4424=ADVANCED_FACE('',(#3992),#4189,.F.);
#4425=ADVANCED_FACE('',(#3993),#4190,.F.);
#4426=ADVANCED_FACE('',(#3994),#4191,.T.);
#4427=ADVANCED_FACE('',(#3995),#4192,.T.);
#4428=ADVANCED_FACE('',(#3996),#4193,.T.);
#4429=ADVANCED_FACE('',(#3997),#4194,.F.);
#4430=ADVANCED_FACE('',(#3998),#4195,.F.);
#4431=ADVANCED_FACE('',(#3999),#4196,.T.);
#4432=ADVANCED_FACE('',(#4000),#4197,.T.);
#4433=ADVANCED_FACE('',(#4001),#4198,.T.);
#4434=ADVANCED_FACE('',(#4002),#4199,.F.);
#4435=ADVANCED_FACE('',(#4003),#4200,.T.);
#4436=ADVANCED_FACE('',(#4004),#308,.F.);
#4437=ADVANCED_FACE('',(#4005),#309,.F.);
#4438=ADVANCED_FACE('',(#4006),#4201,.F.);
#4439=ADVANCED_FACE('',(#4007),#310,.F.);
#4440=ADVANCED_FACE('',(#4008),#4202,.F.);
#4441=ADVANCED_FACE('',(#4009),#311,.F.);
#4442=ADVANCED_FACE('',(#4010,#4011),#4203,.F.);
#4443=ADVANCED_FACE('',(#4012),#4204,.T.);
#4444=ADVANCED_FACE('',(#4013),#4205,.F.);
#4445=ADVANCED_FACE('',(#4014),#4206,.T.);
#4446=ADVANCED_FACE('',(#4015),#4207,.F.);
#4447=ADVANCED_FACE('',(#4016,#4017,#4018,#4019,#4020,#4021),#4208,.T.);
#4448=ADVANCED_FACE('',(#4022,#4023),#17,.F.);
#4449=ADVANCED_FACE('',(#4024,#4025),#312,.F.);
#4450=ADVANCED_FACE('',(#4026,#4027),#18,.F.);
#4451=ADVANCED_FACE('',(#4028,#4029),#313,.F.);
#4452=ADVANCED_FACE('',(#4030,#4031),#19,.F.);
#4453=ADVANCED_FACE('',(#4032,#4033),#314,.F.);
#4454=ADVANCED_FACE('',(#4034),#4209,.T.);
#4455=ADVANCED_FACE('',(#4035),#4210,.T.);
#4456=ADVANCED_FACE('',(#4036),#4211,.T.);
#4457=ADVANCED_FACE('',(#4037),#4212,.F.);
#4458=ADVANCED_FACE('',(#4038,#4039),#20,.F.);
#4459=ADVANCED_FACE('',(#4040,#4041),#315,.F.);
#4460=ADVANCED_FACE('',(#4042),#4213,.T.);
#4461=ADVANCED_FACE('',(#4043),#4214,.T.);
#4462=ADVANCED_FACE('',(#4044),#4215,.F.);
#4463=ADVANCED_FACE('',(#4045),#4216,.T.);
#4464=CLOSED_SHELL('',(#4217,#4218,#4219,#4220,#4221,#4222,#4223,#4224,
#4225,#4226,#4227,#4228,#4229,#4230,#4231,#4232,#4233,#4234,#4235,#4236,
#4237,#4238,#4239,#4240,#4241,#4242,#4243,#4244,#4245,#4246,#4247,#4248,
#4249,#4250,#4251,#4252,#4253,#4254,#4255,#4256,#4257,#4258,#4259,#4260,
#4261,#4262,#4263,#4264,#4265,#4266,#4267));
#4465=CLOSED_SHELL('',(#4268,#4269,#4270,#4271,#4272,#4273,#4274,#4275,
#4276,#4277,#4278,#4279,#4280,#4281,#4282,#4283,#4284,#4285,#4286,#4287,
#4288,#4289,#4290,#4291,#4292,#4293,#4294,#4295,#4296,#4297,#4298,#4299,
#4300,#4301,#4302,#4303,#4304,#4305,#4306,#4307,#4308,#4309,#4310,#4311,
#4312,#4313,#4314,#4315,#4316,#4317,#4318,#4319,#4320,#4321,#4322,#4323,
#4324,#4325,#4326,#4327,#4328,#4329,#4330));
#4466=CLOSED_SHELL('',(#4331,#4332,#4333,#4334,#4335,#4336,#4337,#4338,
#4339,#4340,#4341,#4342,#4343,#4344,#4345,#4346,#4347,#4348,#4349,#4350));
#4467=CLOSED_SHELL('',(#4351,#4352,#4353,#4354,#4355,#4356,#4357,#4358,
#4359,#4360,#4361,#4362,#4363,#4364,#4365,#4366,#4367,#4368,#4369,#4370,
#4371,#4372,#4373,#4374,#4375,#4376,#4377,#4378,#4379,#4380,#4381,#4382,
#4383,#4384));
#4468=CLOSED_SHELL('',(#4385,#4386,#4387,#4388,#4389,#4390,#4391,#4392,
#4393,#4394,#4395,#4396,#4397,#4398,#4399,#4400,#4401,#4402,#4403,#4404,
#4405,#4406,#4407,#4408,#4409,#4410,#4411,#4412,#4413,#4414,#4415,#4416,
#4417,#4418,#4419,#4420,#4421,#4422,#4423,#4424,#4425,#4426,#4427,#4428,
#4429,#4430,#4431,#4432,#4433));
#4469=CLOSED_SHELL('',(#4434,#4435,#4436,#4437,#4438,#4439,#4440,#4441,
#4442,#4443,#4444,#4445,#4446,#4447,#4448,#4449,#4450,#4451,#4452,#4453,
#4454,#4455,#4456,#4457,#4458,#4459,#4460,#4461,#4462,#4463));
#4470=STYLED_ITEM('',(#4476),#4517);
#4471=STYLED_ITEM('',(#4477),#4518);
#4472=STYLED_ITEM('',(#4478),#4519);
#4473=STYLED_ITEM('',(#4479),#4520);
#4474=STYLED_ITEM('',(#4480),#4521);
#4475=STYLED_ITEM('',(#4481),#4522);
#4476=PRESENTATION_STYLE_ASSIGNMENT((#4482));
#4477=PRESENTATION_STYLE_ASSIGNMENT((#4483));
#4478=PRESENTATION_STYLE_ASSIGNMENT((#4484));
#4479=PRESENTATION_STYLE_ASSIGNMENT((#4485));
#4480=PRESENTATION_STYLE_ASSIGNMENT((#4486));
#4481=PRESENTATION_STYLE_ASSIGNMENT((#4487));
#4482=SURFACE_STYLE_USAGE(.BOTH.,#4488);
#4483=SURFACE_STYLE_USAGE(.BOTH.,#4489);
#4484=SURFACE_STYLE_USAGE(.BOTH.,#4490);
#4485=SURFACE_STYLE_USAGE(.BOTH.,#4491);
#4486=SURFACE_STYLE_USAGE(.BOTH.,#4492);
#4487=SURFACE_STYLE_USAGE(.BOTH.,#4493);
#4488=SURFACE_SIDE_STYLE('',(#4494));
#4489=SURFACE_SIDE_STYLE('',(#4495));
#4490=SURFACE_SIDE_STYLE('',(#4496));
#4491=SURFACE_SIDE_STYLE('',(#4497));
#4492=SURFACE_SIDE_STYLE('',(#4498));
#4493=SURFACE_SIDE_STYLE('',(#4499));
#4494=SURFACE_STYLE_FILL_AREA(#4500);
#4495=SURFACE_STYLE_FILL_AREA(#4501);
#4496=SURFACE_STYLE_FILL_AREA(#4502);
#4497=SURFACE_STYLE_FILL_AREA(#4503);
#4498=SURFACE_STYLE_FILL_AREA(#4504);
#4499=SURFACE_STYLE_FILL_AREA(#4505);
#4500=FILL_AREA_STYLE('',(#4506));
#4501=FILL_AREA_STYLE('',(#4507));
#4502=FILL_AREA_STYLE('',(#4508));
#4503=FILL_AREA_STYLE('',(#4509));
#4504=FILL_AREA_STYLE('',(#4510));
#4505=FILL_AREA_STYLE('',(#4511));
#4506=FILL_AREA_STYLE_COLOUR('',#4512);
#4507=FILL_AREA_STYLE_COLOUR('',#4513);
#4508=FILL_AREA_STYLE_COLOUR('',#4514);
#4509=FILL_AREA_STYLE_COLOUR('',#4515);
#4510=FILL_AREA_STYLE_COLOUR('',#4516);
#4511=FILL_AREA_STYLE_COLOUR('',#4512);
#4512=COLOUR_RGB('',0.501960784313726,0.501960784313726,0.501960784313726);
#4513=COLOUR_RGB('',0.8,0.8,0.8);
#4514=COLOUR_RGB('',0.603921568627451,0.647058823529412,0.686274509803922);
#4515=COLOUR_RGB('',0.301960784313725,0.301960784313725,0.301960784313725);
#4516=COLOUR_RGB('',0.647058823529412,0.647058823529412,0.647058823529412);
#4517=MANIFOLD_SOLID_BREP('Cherry profile MX keycap',#4464);
#4518=MANIFOLD_SOLID_BREP('Part 2',#4465);
#4519=MANIFOLD_SOLID_BREP('Socket button head screw M3x0.5 x 16',#4466);
#4520=MANIFOLD_SOLID_BREP('Seeed Studio XIAO RP2040',#4467);
#4521=MANIFOLD_SOLID_BREP('Custom PCB',#4468);
#4522=MANIFOLD_SOLID_BREP('Part 1',#4469);
#4523=SHAPE_DEFINITION_REPRESENTATION(#7805,#4530);
#4524=SHAPE_DEFINITION_REPRESENTATION(#7806,#4531);
#4525=SHAPE_DEFINITION_REPRESENTATION(#7810,#4532);
#4526=SHAPE_DEFINITION_REPRESENTATION(#7813,#4533);
#4527=SHAPE_DEFINITION_REPRESENTATION(#7816,#4534);
#4528=SHAPE_DEFINITION_REPRESENTATION(#7818,#4535);
#4529=SHAPE_DEFINITION_REPRESENTATION(#7821,#4536);
#4530=SHAPE_REPRESENTATION('Full Part',(#4537,#4601,#4602,#4603,#4725,#4726,
#4759,#4760,#4819,#4871,#4872,#4919,#4920,#4921,#4922),#7788);
#4531=SHAPE_REPRESENTATION('Cherry profile MX keycap',(#4537),#7789);
#4532=SHAPE_REPRESENTATION('Part 2',(#4537),#7790);
#4533=SHAPE_REPRESENTATION('Socket button head screw M3x0.5 x 16',(#4537),
#7791);
#4534=SHAPE_REPRESENTATION('Seeed Studio XIAO RP2040',(#4537),#7792);
#4535=SHAPE_REPRESENTATION('Custom PCB',(#4537),#7793);
#4536=SHAPE_REPRESENTATION('Part 1',(#4537),#7794);
#4537=AXIS2_PLACEMENT_3D('',#6142,#4923,#4924);
#4538=AXIS2_PLACEMENT_3D('',#6143,#4925,#4926);
#4539=AXIS2_PLACEMENT_3D('',#6152,#4931,#4932);
#4540=AXIS2_PLACEMENT_3D('',#6158,#4936,#4937);
#4541=AXIS2_PLACEMENT_3D('',#6164,#4941,#4942);
#4542=AXIS2_PLACEMENT_3D('',#6170,#4946,#4947);
#4543=AXIS2_PLACEMENT_3D('',#6176,#4951,#4952);
#4544=AXIS2_PLACEMENT_3D('',#6182,#4956,#4957);
#4545=AXIS2_PLACEMENT_3D('',#6188,#4961,#4962);
#4546=AXIS2_PLACEMENT_3D('',#6194,#4966,#4967);
#4547=AXIS2_PLACEMENT_3D('',#6200,#4971,#4972);
#4548=AXIS2_PLACEMENT_3D('',#6206,#4976,#4977);
#4549=AXIS2_PLACEMENT_3D('',#6212,#4981,#4982);
#4550=AXIS2_PLACEMENT_3D('',#6215,#4985,#4986);
#4551=AXIS2_PLACEMENT_3D('',#6216,#4987,#4988);
#4552=AXIS2_PLACEMENT_3D('',#6221,#4990,#4991);
#4553=AXIS2_PLACEMENT_3D('',#6225,#4993,#4994);
#4554=AXIS2_PLACEMENT_3D('',#6229,#4996,#4997);
#4555=AXIS2_PLACEMENT_3D('',#6233,#4999,#5000);
#4556=AXIS2_PLACEMENT_3D('',#6237,#5002,#5003);
#4557=AXIS2_PLACEMENT_3D('',#6240,#5005,#5006);
#4558=AXIS2_PLACEMENT_3D('',#6241,#5007,#5008);
#4559=AXIS2_PLACEMENT_3D('',#6243,#5009,#5010);
#4560=AXIS2_PLACEMENT_3D('',#6246,#5013,#5014);
#4561=AXIS2_PLACEMENT_3D('',#6248,#5016,#5017);
#4562=AXIS2_PLACEMENT_3D('',#6250,#5019,#5020);
#4563=AXIS2_PLACEMENT_3D('',#6252,#5022,#5023);
#4564=AXIS2_PLACEMENT_3D('',#6254,#5025,#5026);
#4565=AXIS2_PLACEMENT_3D('',#6256,#5028,#5029);
#4566=AXIS2_PLACEMENT_3D('',#6258,#5031,#5032);
#4567=AXIS2_PLACEMENT_3D('',#6260,#5034,#5035);
#4568=AXIS2_PLACEMENT_3D('',#6262,#5037,#5038);
#4569=AXIS2_PLACEMENT_3D('',#6264,#5040,#5041);
#4570=AXIS2_PLACEMENT_3D('',#6266,#5043,#5044);
#4571=AXIS2_PLACEMENT_3D('',#6303,#5045,#5046);
#4572=AXIS2_PLACEMENT_3D('',#6312,#5047,#5048);
#4573=AXIS2_PLACEMENT_3D('',#6335,#5049,#5050);
#4574=AXIS2_PLACEMENT_3D('',#6338,#5051,#5052);
#4575=AXIS2_PLACEMENT_3D('',#6340,#5053,#5054);
#4576=AXIS2_PLACEMENT_3D('',#6346,#5055,#5056);
#4577=AXIS2_PLACEMENT_3D('',#6347,#5057,#5058);
#4578=AXIS2_PLACEMENT_3D('',#6388,#5061,#5062);
#4579=AXIS2_PLACEMENT_3D('',#6444,#5063,#5064);
#4580=AXIS2_PLACEMENT_3D('',#6457,#5065,#5066);
#4581=AXIS2_PLACEMENT_3D('',#6458,#5067,#5068);
#4582=AXIS2_PLACEMENT_3D('',#6463,#5071,#5072);
#4583=AXIS2_PLACEMENT_3D('',#6464,#5073,#5074);
#4584=AXIS2_PLACEMENT_3D('',#6467,#5075,#5076);
#4585=AXIS2_PLACEMENT_3D('',#6468,#5077,#5078);
#4586=AXIS2_PLACEMENT_3D('',#6686,#5079,#5080);
#4587=AXIS2_PLACEMENT_3D('',#6687,#5081,#5082);
#4588=AXIS2_PLACEMENT_3D('',#6692,#5084,#5085);
#4589=AXIS2_PLACEMENT_3D('',#6707,#5087,#5088);
#4590=AXIS2_PLACEMENT_3D('',#6713,#5092,#5093);
#4591=AXIS2_PLACEMENT_3D('',#6719,#5097,#5098);
#4592=AXIS2_PLACEMENT_3D('',#6721,#5100,#5101);
#4593=AXIS2_PLACEMENT_3D('',#6723,#5103,#5104);
#4594=AXIS2_PLACEMENT_3D('',#6728,#5105,#5106);
#4595=AXIS2_PLACEMENT_3D('',#6730,#5108,#5109);
#4596=AXIS2_PLACEMENT_3D('',#6732,#5111,#5112);
#4597=AXIS2_PLACEMENT_3D('',#6733,#5113,#5114);
#4598=AXIS2_PLACEMENT_3D('',#6735,#5116,#5117);
#4599=AXIS2_PLACEMENT_3D('',#6737,#5119,#5120);
#4600=AXIS2_PLACEMENT_3D('',#6754,#5121,#5122);
#4601=AXIS2_PLACEMENT_3D('',#6755,#5123,#5124);
#4602=AXIS2_PLACEMENT_3D('',#6756,#5125,#5126);
#4603=AXIS2_PLACEMENT_3D('',#6757,#5127,#5128);
#4604=AXIS2_PLACEMENT_3D('',#6758,#5129,#5130);
#4605=AXIS2_PLACEMENT_3D('',#6767,#5135,#5136);
#4606=AXIS2_PLACEMENT_3D('',#6773,#5140,#5141);
#4607=AXIS2_PLACEMENT_3D('',#6779,#5145,#5146);
#4608=AXIS2_PLACEMENT_3D('',#6782,#5149,#5150);
#4609=AXIS2_PLACEMENT_3D('',#6791,#5155,#5156);
#4610=AXIS2_PLACEMENT_3D('',#6792,#5157,#5158);
#4611=AXIS2_PLACEMENT_3D('',#6794,#5159,#5160);
#4612=AXIS2_PLACEMENT_3D('',#6797,#5162,#5163);
#4613=AXIS2_PLACEMENT_3D('',#6803,#5167,#5168);
#4614=AXIS2_PLACEMENT_3D('',#6804,#5169,#5170);
#4615=AXIS2_PLACEMENT_3D('',#6806,#5171,#5172);
#4616=AXIS2_PLACEMENT_3D('',#6809,#5174,#5175);
#4617=AXIS2_PLACEMENT_3D('',#6815,#5179,#5180);
#4618=AXIS2_PLACEMENT_3D('',#6816,#5181,#5182);
#4619=AXIS2_PLACEMENT_3D('',#6818,#5183,#5184);
#4620=AXIS2_PLACEMENT_3D('',#6821,#5186,#5187);
#4621=AXIS2_PLACEMENT_3D('',#6827,#5191,#5192);
#4622=AXIS2_PLACEMENT_3D('',#6828,#5193,#5194);
#4623=AXIS2_PLACEMENT_3D('',#6829,#5195,#5196);
#4624=AXIS2_PLACEMENT_3D('',#6830,#5197,#5198);
#4625=AXIS2_PLACEMENT_3D('',#6839,#5203,#5204);
#4626=AXIS2_PLACEMENT_3D('',#6840,#5205,#5206);
#4627=AXIS2_PLACEMENT_3D('',#6842,#5207,#5208);
#4628=AXIS2_PLACEMENT_3D('',#6845,#5210,#5211);
#4629=AXIS2_PLACEMENT_3D('',#6851,#5215,#5216);
#4630=AXIS2_PLACEMENT_3D('',#6852,#5217,#5218);
#4631=AXIS2_PLACEMENT_3D('',#6854,#5219,#5220);
#4632=AXIS2_PLACEMENT_3D('',#6857,#5222,#5223);
#4633=AXIS2_PLACEMENT_3D('',#6863,#5227,#5228);
#4634=AXIS2_PLACEMENT_3D('',#6864,#5229,#5230);
#4635=AXIS2_PLACEMENT_3D('',#6866,#5231,#5232);
#4636=AXIS2_PLACEMENT_3D('',#6869,#5234,#5235);
#4637=AXIS2_PLACEMENT_3D('',#6875,#5239,#5240);
#4638=AXIS2_PLACEMENT_3D('',#6876,#5241,#5242);
#4639=AXIS2_PLACEMENT_3D('',#6877,#5243,#5244);
#4640=AXIS2_PLACEMENT_3D('',#6878,#5245,#5246);
#4641=AXIS2_PLACEMENT_3D('',#6887,#5251,#5252);
#4642=AXIS2_PLACEMENT_3D('',#6888,#5253,#5254);
#4643=AXIS2_PLACEMENT_3D('',#6890,#5255,#5256);
#4644=AXIS2_PLACEMENT_3D('',#6893,#5258,#5259);
#4645=AXIS2_PLACEMENT_3D('',#6899,#5263,#5264);
#4646=AXIS2_PLACEMENT_3D('',#6900,#5265,#5266);
#4647=AXIS2_PLACEMENT_3D('',#6902,#5267,#5268);
#4648=AXIS2_PLACEMENT_3D('',#6905,#5270,#5271);
#4649=AXIS2_PLACEMENT_3D('',#6911,#5275,#5276);
#4650=AXIS2_PLACEMENT_3D('',#6912,#5277,#5278);
#4651=AXIS2_PLACEMENT_3D('',#6914,#5279,#5280);
#4652=AXIS2_PLACEMENT_3D('',#6917,#5282,#5283);
#4653=AXIS2_PLACEMENT_3D('',#6923,#5287,#5288);
#4654=AXIS2_PLACEMENT_3D('',#6924,#5289,#5290);
#4655=AXIS2_PLACEMENT_3D('',#6925,#5291,#5292);
#4656=AXIS2_PLACEMENT_3D('',#6926,#5293,#5294);
#4657=AXIS2_PLACEMENT_3D('',#6935,#5299,#5300);
#4658=AXIS2_PLACEMENT_3D('',#6936,#5301,#5302);
#4659=AXIS2_PLACEMENT_3D('',#6938,#5303,#5304);
#4660=AXIS2_PLACEMENT_3D('',#6941,#5306,#5307);
#4661=AXIS2_PLACEMENT_3D('',#6947,#5311,#5312);
#4662=AXIS2_PLACEMENT_3D('',#6948,#5313,#5314);
#4663=AXIS2_PLACEMENT_3D('',#6950,#5315,#5316);
#4664=AXIS2_PLACEMENT_3D('',#6953,#5318,#5319);
#4665=AXIS2_PLACEMENT_3D('',#6959,#5323,#5324);
#4666=AXIS2_PLACEMENT_3D('',#6960,#5325,#5326);
#4667=AXIS2_PLACEMENT_3D('',#6962,#5327,#5328);
#4668=AXIS2_PLACEMENT_3D('',#6965,#5330,#5331);
#4669=AXIS2_PLACEMENT_3D('',#6971,#5335,#5336);
#4670=AXIS2_PLACEMENT_3D('',#6972,#5337,#5338);
#4671=AXIS2_PLACEMENT_3D('',#6973,#5339,#5340);
#4672=AXIS2_PLACEMENT_3D('',#6974,#5341,#5342);
#4673=AXIS2_PLACEMENT_3D('',#6983,#5347,#5348);
#4674=AXIS2_PLACEMENT_3D('',#6984,#5349,#5350);
#4675=AXIS2_PLACEMENT_3D('',#6986,#5351,#5352);
#4676=AXIS2_PLACEMENT_3D('',#6989,#5354,#5355);
#4677=AXIS2_PLACEMENT_3D('',#6995,#5359,#5360);
#4678=AXIS2_PLACEMENT_3D('',#6996,#5361,#5362);
#4679=AXIS2_PLACEMENT_3D('',#6998,#5363,#5364);
#4680=AXIS2_PLACEMENT_3D('',#7001,#5366,#5367);
#4681=AXIS2_PLACEMENT_3D('',#7007,#5371,#5372);
#4682=AXIS2_PLACEMENT_3D('',#7008,#5373,#5374);
#4683=AXIS2_PLACEMENT_3D('',#7010,#5375,#5376);
#4684=AXIS2_PLACEMENT_3D('',#7013,#5378,#5379);
#4685=AXIS2_PLACEMENT_3D('',#7019,#5383,#5384);
#4686=AXIS2_PLACEMENT_3D('',#7020,#5385,#5386);
#4687=AXIS2_PLACEMENT_3D('',#7021,#5387,#5388);
#4688=AXIS2_PLACEMENT_3D('',#7022,#5389,#5390);
#4689=AXIS2_PLACEMENT_3D('',#7031,#5395,#5396);
#4690=AXIS2_PLACEMENT_3D('',#7032,#5397,#5398);
#4691=AXIS2_PLACEMENT_3D('',#7034,#5399,#5400);
#4692=AXIS2_PLACEMENT_3D('',#7037,#5402,#5403);
#4693=AXIS2_PLACEMENT_3D('',#7043,#5407,#5408);
#4694=AXIS2_PLACEMENT_3D('',#7044,#5409,#5410);
#4695=AXIS2_PLACEMENT_3D('',#7046,#5411,#5412);
#4696=AXIS2_PLACEMENT_3D('',#7049,#5414,#5415);
#4697=AXIS2_PLACEMENT_3D('',#7055,#5419,#5420);
#4698=AXIS2_PLACEMENT_3D('',#7056,#5421,#5422);
#4699=AXIS2_PLACEMENT_3D('',#7058,#5423,#5424);
#4700=AXIS2_PLACEMENT_3D('',#7061,#5426,#5427);
#4701=AXIS2_PLACEMENT_3D('',#7067,#5431,#5432);
#4702=AXIS2_PLACEMENT_3D('',#7068,#5433,#5434);
#4703=AXIS2_PLACEMENT_3D('',#7069,#5435,#5436);
#4704=AXIS2_PLACEMENT_3D('',#7070,#5437,#5438);
#4705=AXIS2_PLACEMENT_3D('',#7079,#5443,#5444);
#4706=AXIS2_PLACEMENT_3D('',#7085,#5448,#5449);
#4707=AXIS2_PLACEMENT_3D('',#7091,#5453,#5454);
#4708=AXIS2_PLACEMENT_3D('',#7094,#5457,#5458);
#4709=AXIS2_PLACEMENT_3D('',#7095,#5459,#5460);
#4710=AXIS2_PLACEMENT_3D('',#7097,#5461,#5462);
#4711=AXIS2_PLACEMENT_3D('',#7099,#5463,#5464);
#4712=AXIS2_PLACEMENT_3D('',#7100,#5465,#5466);
#4713=AXIS2_PLACEMENT_3D('',#7102,#5467,#5468);
#4714=AXIS2_PLACEMENT_3D('',#7104,#5469,#5470);
#4715=AXIS2_PLACEMENT_3D('',#7105,#5471,#5472);
#4716=AXIS2_PLACEMENT_3D('',#7107,#5473,#5474);
#4717=AXIS2_PLACEMENT_3D('',#7109,#5475,#5476);
#4718=AXIS2_PLACEMENT_3D('',#7110,#5477,#5478);
#4719=AXIS2_PLACEMENT_3D('',#7112,#5479,#5480);
#4720=AXIS2_PLACEMENT_3D('',#7114,#5481,#5482);
#4721=AXIS2_PLACEMENT_3D('',#7115,#5483,#5484);
#4722=AXIS2_PLACEMENT_3D('',#7117,#5485,#5486);
#4723=AXIS2_PLACEMENT_3D('',#7118,#5487,#5488);
#4724=AXIS2_PLACEMENT_3D('',#7120,#5489,#5490);
#4725=AXIS2_PLACEMENT_3D('',#7121,#5491,#5492);
#4726=AXIS2_PLACEMENT_3D('',#7122,#5493,#5494);
#4727=AXIS2_PLACEMENT_3D('',#7123,#5495,#5496);
#4728=AXIS2_PLACEMENT_3D('',#7124,#5497,#5498);
#4729=AXIS2_PLACEMENT_3D('',#7130,#5501,#5502);
#4730=AXIS2_PLACEMENT_3D('',#7131,#5503,#5504);
#4731=AXIS2_PLACEMENT_3D('',#7136,#5507,#5508);
#4732=AXIS2_PLACEMENT_3D('',#7137,#5509,#5510);
#4733=AXIS2_PLACEMENT_3D('',#7142,#5513,#5514);
#4734=AXIS2_PLACEMENT_3D('',#7143,#5515,#5516);
#4735=AXIS2_PLACEMENT_3D('',#7148,#5519,#5520);
#4736=AXIS2_PLACEMENT_3D('',#7149,#5521,#5522);
#4737=AXIS2_PLACEMENT_3D('',#7154,#5525,#5526);
#4738=AXIS2_PLACEMENT_3D('',#7155,#5527,#5528);
#4739=AXIS2_PLACEMENT_3D('',#7169,#5535,#5536);
#4740=AXIS2_PLACEMENT_3D('',#7170,#5537,#5538);
#4741=AXIS2_PLACEMENT_3D('',#7172,#5539,#5540);
#4742=AXIS2_PLACEMENT_3D('',#7174,#5541,#5542);
#4743=AXIS2_PLACEMENT_3D('',#7175,#5543,#5544);
#4744=AXIS2_PLACEMENT_3D('',#7177,#5545,#5546);
#4745=AXIS2_PLACEMENT_3D('',#7178,#5547,#5548);
#4746=AXIS2_PLACEMENT_3D('',#7180,#5549,#5550);
#4747=AXIS2_PLACEMENT_3D('',#7181,#5551,#5552);
#4748=AXIS2_PLACEMENT_3D('',#7183,#5553,#5554);
#4749=AXIS2_PLACEMENT_3D('',#7184,#5555,#5556);
#4750=AXIS2_PLACEMENT_3D('',#7187,#5559,#5560);
#4751=AXIS2_PLACEMENT_3D('',#7189,#5562,#5563);
#4752=AXIS2_PLACEMENT_3D('',#7191,#5565,#5566);
#4753=AXIS2_PLACEMENT_3D('',#7193,#5568,#5569);
#4754=AXIS2_PLACEMENT_3D('',#7197,#5572,#5573);
#4755=AXIS2_PLACEMENT_3D('',#7199,#5575,#5576);
#4756=AXIS2_PLACEMENT_3D('',#7200,#5577,#5578);
#4757=AXIS2_PLACEMENT_3D('',#7201,#5579,#5580);
#4758=AXIS2_PLACEMENT_3D('',#7203,#5581,#5582);
#4759=AXIS2_PLACEMENT_3D('',#7204,#5583,#5584);
#4760=AXIS2_PLACEMENT_3D('',#7205,#5585,#5586);
#4761=AXIS2_PLACEMENT_3D('',#7206,#5587,#5588);
#4762=AXIS2_PLACEMENT_3D('',#7226,#5598,#5599);
#4763=AXIS2_PLACEMENT_3D('',#7230,#5601,#5602);
#4764=AXIS2_PLACEMENT_3D('',#7234,#5604,#5605);
#4765=AXIS2_PLACEMENT_3D('',#7238,#5607,#5608);
#4766=AXIS2_PLACEMENT_3D('',#7239,#5609,#5610);
#4767=AXIS2_PLACEMENT_3D('',#7245,#5614,#5615);
#4768=AXIS2_PLACEMENT_3D('',#7246,#5616,#5617);
#4769=AXIS2_PLACEMENT_3D('',#7249,#5619,#5620);
#4770=AXIS2_PLACEMENT_3D('',#7253,#5623,#5624);
#4771=AXIS2_PLACEMENT_3D('',#7254,#5625,#5626);
#4772=AXIS2_PLACEMENT_3D('',#7257,#5628,#5629);
#4773=AXIS2_PLACEMENT_3D('',#7262,#5633,#5634);
#4774=AXIS2_PLACEMENT_3D('',#7263,#5635,#5636);
#4775=AXIS2_PLACEMENT_3D('',#7266,#5638,#5639);
#4776=AXIS2_PLACEMENT_3D('',#7270,#5642,#5643);
#4777=AXIS2_PLACEMENT_3D('',#7271,#5644,#5645);
#4778=AXIS2_PLACEMENT_3D('',#7272,#5646,#5647);
#4779=AXIS2_PLACEMENT_3D('',#7273,#5648,#5649);
#4780=AXIS2_PLACEMENT_3D('',#7279,#5653,#5654);
#4781=AXIS2_PLACEMENT_3D('',#7283,#5657,#5658);
#4782=AXIS2_PLACEMENT_3D('',#7287,#5661,#5662);
#4783=AXIS2_PLACEMENT_3D('',#7289,#5664,#5665);
#4784=AXIS2_PLACEMENT_3D('',#7290,#5666,#5667);
#4785=AXIS2_PLACEMENT_3D('',#7299,#5672,#5673);
#4786=AXIS2_PLACEMENT_3D('',#7300,#5674,#5675);
#4787=AXIS2_PLACEMENT_3D('',#7304,#5677,#5678);
#4788=AXIS2_PLACEMENT_3D('',#7308,#5680,#5681);
#4789=AXIS2_PLACEMENT_3D('',#7309,#5682,#5683);
#4790=AXIS2_PLACEMENT_3D('',#7310,#5684,#5685);
#4791=AXIS2_PLACEMENT_3D('',#7316,#5689,#5690);
#4792=AXIS2_PLACEMENT_3D('',#7320,#5692,#5693);
#4793=AXIS2_PLACEMENT_3D('',#7324,#5695,#5696);
#4794=AXIS2_PLACEMENT_3D('',#7328,#5698,#5699);
#4795=AXIS2_PLACEMENT_3D('',#7332,#5701,#5702);
#4796=AXIS2_PLACEMENT_3D('',#7333,#5703,#5704);
#4797=AXIS2_PLACEMENT_3D('',#7337,#5706,#5707);
#4798=AXIS2_PLACEMENT_3D('',#7338,#5708,#5709);
#4799=AXIS2_PLACEMENT_3D('',#7342,#5711,#5712);
#4800=AXIS2_PLACEMENT_3D('',#7343,#5713,#5714);
#4801=AXIS2_PLACEMENT_3D('',#7346,#5717,#5718);
#4802=AXIS2_PLACEMENT_3D('',#7349,#5721,#5722);
#4803=AXIS2_PLACEMENT_3D('',#7350,#5723,#5724);
#4804=AXIS2_PLACEMENT_3D('',#7351,#5725,#5726);
#4805=AXIS2_PLACEMENT_3D('',#7352,#5727,#5728);
#4806=AXIS2_PLACEMENT_3D('',#7353,#5729,#5730);
#4807=AXIS2_PLACEMENT_3D('',#7359,#5734,#5735);
#4808=AXIS2_PLACEMENT_3D('',#7363,#5737,#5738);
#4809=AXIS2_PLACEMENT_3D('',#7364,#5739,#5740);
#4810=AXIS2_PLACEMENT_3D('',#7368,#5742,#5743);
#4811=AXIS2_PLACEMENT_3D('',#7372,#5745,#5746);
#4812=AXIS2_PLACEMENT_3D('',#7373,#5747,#5748);
#4813=AXIS2_PLACEMENT_3D('',#7376,#5751,#5752);
#4814=AXIS2_PLACEMENT_3D('',#7379,#5755,#5756);
#4815=AXIS2_PLACEMENT_3D('',#7382,#5759,#5760);
#4816=AXIS2_PLACEMENT_3D('',#7383,#5761,#5762);
#4817=AXIS2_PLACEMENT_3D('',#7384,#5763,#5764);
#4818=AXIS2_PLACEMENT_3D('',#7385,#5765,#5766);
#4819=AXIS2_PLACEMENT_3D('',#7386,#5767,#5768);
#4820=AXIS2_PLACEMENT_3D('',#7387,#5769,#5770);
#4821=AXIS2_PLACEMENT_3D('',#7439,#5796,#5797);
#4822=AXIS2_PLACEMENT_3D('',#7466,#5811,#5812);
#4823=AXIS2_PLACEMENT_3D('',#7472,#5816,#5817);
#4824=AXIS2_PLACEMENT_3D('',#7476,#5820,#5821);
#4825=AXIS2_PLACEMENT_3D('',#7480,#5824,#5825);
#4826=AXIS2_PLACEMENT_3D('',#7484,#5828,#5829);
#4827=AXIS2_PLACEMENT_3D('',#7488,#5832,#5833);
#4828=AXIS2_PLACEMENT_3D('',#7489,#5834,#5835);
#4829=AXIS2_PLACEMENT_3D('',#7492,#5837,#5838);
#4830=AXIS2_PLACEMENT_3D('',#7494,#5840,#5841);
#4831=AXIS2_PLACEMENT_3D('',#7495,#5842,#5843);
#4832=AXIS2_PLACEMENT_3D('',#7501,#5847,#5848);
#4833=AXIS2_PLACEMENT_3D('',#7505,#5851,#5852);
#4834=AXIS2_PLACEMENT_3D('',#7509,#5855,#5856);
#4835=AXIS2_PLACEMENT_3D('',#7511,#5858,#5859);
#4836=AXIS2_PLACEMENT_3D('',#7512,#5860,#5861);
#4837=AXIS2_PLACEMENT_3D('',#7518,#5865,#5866);
#4838=AXIS2_PLACEMENT_3D('',#7522,#5869,#5870);
#4839=AXIS2_PLACEMENT_3D('',#7526,#5873,#5874);
#4840=AXIS2_PLACEMENT_3D('',#7528,#5876,#5877);
#4841=AXIS2_PLACEMENT_3D('',#7529,#5878,#5879);
#4842=AXIS2_PLACEMENT_3D('',#7535,#5883,#5884);
#4843=AXIS2_PLACEMENT_3D('',#7539,#5887,#5888);
#4844=AXIS2_PLACEMENT_3D('',#7543,#5891,#5892);
#4845=AXIS2_PLACEMENT_3D('',#7545,#5894,#5895);
#4846=AXIS2_PLACEMENT_3D('',#7546,#5896,#5897);
#4847=AXIS2_PLACEMENT_3D('',#7552,#5901,#5902);
#4848=AXIS2_PLACEMENT_3D('',#7556,#5905,#5906);
#4849=AXIS2_PLACEMENT_3D('',#7560,#5909,#5910);
#4850=AXIS2_PLACEMENT_3D('',#7562,#5912,#5913);
#4851=AXIS2_PLACEMENT_3D('',#7563,#5914,#5915);
#4852=AXIS2_PLACEMENT_3D('',#7569,#5919,#5920);
#4853=AXIS2_PLACEMENT_3D('',#7573,#5923,#5924);
#4854=AXIS2_PLACEMENT_3D('',#7577,#5927,#5928);
#4855=AXIS2_PLACEMENT_3D('',#7579,#5930,#5931);
#4856=AXIS2_PLACEMENT_3D('',#7580,#5932,#5933);
#4857=AXIS2_PLACEMENT_3D('',#7586,#5937,#5938);
#4858=AXIS2_PLACEMENT_3D('',#7590,#5941,#5942);
#4859=AXIS2_PLACEMENT_3D('',#7594,#5945,#5946);
#4860=AXIS2_PLACEMENT_3D('',#7596,#5948,#5949);
#4861=AXIS2_PLACEMENT_3D('',#7597,#5950,#5951);
#4862=AXIS2_PLACEMENT_3D('',#7603,#5955,#5956);
#4863=AXIS2_PLACEMENT_3D('',#7607,#5959,#5960);
#4864=AXIS2_PLACEMENT_3D('',#7611,#5963,#5964);
#4865=AXIS2_PLACEMENT_3D('',#7613,#5966,#5967);
#4866=AXIS2_PLACEMENT_3D('',#7614,#5968,#5969);
#4867=AXIS2_PLACEMENT_3D('',#7620,#5973,#5974);
#4868=AXIS2_PLACEMENT_3D('',#7624,#5977,#5978);
#4869=AXIS2_PLACEMENT_3D('',#7628,#5981,#5982);
#4870=AXIS2_PLACEMENT_3D('',#7630,#5984,#5985);
#4871=AXIS2_PLACEMENT_3D('',#7631,#5986,#5987);
#4872=AXIS2_PLACEMENT_3D('',#7632,#5988,#5989);
#4873=AXIS2_PLACEMENT_3D('',#7633,#5990,#5991);
#4874=AXIS2_PLACEMENT_3D('',#7650,#6000,#6001);
#4875=AXIS2_PLACEMENT_3D('',#7659,#6006,#6007);
#4876=AXIS2_PLACEMENT_3D('',#7660,#6008,#6009);
#4877=AXIS2_PLACEMENT_3D('',#7662,#6010,#6011);
#4878=AXIS2_PLACEMENT_3D('',#7665,#6013,#6014);
#4879=AXIS2_PLACEMENT_3D('',#7666,#6015,#6016);
#4880=AXIS2_PLACEMENT_3D('',#7671,#6018,#6019);
#4881=AXIS2_PLACEMENT_3D('',#7674,#6021,#6022);
#4882=AXIS2_PLACEMENT_3D('',#7680,#6026,#6027);
#4883=AXIS2_PLACEMENT_3D('',#7681,#6028,#6029);
#4884=AXIS2_PLACEMENT_3D('',#7683,#6030,#6031);
#4885=AXIS2_PLACEMENT_3D('',#7686,#6033,#6034);
#4886=AXIS2_PLACEMENT_3D('',#7692,#6038,#6039);
#4887=AXIS2_PLACEMENT_3D('',#7693,#6040,#6041);
#4888=AXIS2_PLACEMENT_3D('',#7694,#6042,#6043);
#4889=AXIS2_PLACEMENT_3D('',#7695,#6044,#6045);
#4890=AXIS2_PLACEMENT_3D('',#7705,#6051,#6052);
#4891=AXIS2_PLACEMENT_3D('',#7711,#6056,#6057);
#4892=AXIS2_PLACEMENT_3D('',#7717,#6061,#6062);
#4893=AXIS2_PLACEMENT_3D('',#7720,#6065,#6066);
#4894=AXIS2_PLACEMENT_3D('',#7721,#6067,#6068);
#4895=AXIS2_PLACEMENT_3D('',#7732,#6075,#6076);
#4896=AXIS2_PLACEMENT_3D('',#7734,#6077,#6078);
#4897=AXIS2_PLACEMENT_3D('',#7736,#6079,#6080);
#4898=AXIS2_PLACEMENT_3D('',#7738,#6081,#6082);
#4899=AXIS2_PLACEMENT_3D('',#7740,#6083,#6084);
#4900=AXIS2_PLACEMENT_3D('',#7742,#6085,#6086);
#4901=AXIS2_PLACEMENT_3D('',#7744,#6087,#6088);
#4902=AXIS2_PLACEMENT_3D('',#7745,#6089,#6090);
#4903=AXIS2_PLACEMENT_3D('',#7747,#6091,#6092);
#4904=AXIS2_PLACEMENT_3D('',#7749,#6093,#6094);
#4905=AXIS2_PLACEMENT_3D('',#7750,#6095,#6096);
#4906=AXIS2_PLACEMENT_3D('',#7752,#6097,#6098);
#4907=AXIS2_PLACEMENT_3D('',#7754,#6099,#6100);
#4908=AXIS2_PLACEMENT_3D('',#7755,#6101,#6102);
#4909=AXIS2_PLACEMENT_3D('',#7761,#6106,#6107);
#4910=AXIS2_PLACEMENT_3D('',#7763,#6109,#6110);
#4911=AXIS2_PLACEMENT_3D('',#7765,#6112,#6113);
#4912=AXIS2_PLACEMENT_3D('',#7766,#6114,#6115);
#4913=AXIS2_PLACEMENT_3D('',#7768,#6116,#6117);
#4914=AXIS2_PLACEMENT_3D('',#7770,#6118,#6119);
#4915=AXIS2_PLACEMENT_3D('',#7771,#6120,#6121);
#4916=AXIS2_PLACEMENT_3D('',#7778,#6126,#6127);
#4917=AXIS2_PLACEMENT_3D('',#7781,#6130,#6131);
#4918=AXIS2_PLACEMENT_3D('',#7782,#6132,#6133);
#4919=AXIS2_PLACEMENT_3D('',#7783,#6134,#6135);
#4920=AXIS2_PLACEMENT_3D('',#7784,#6136,#6137);
#4921=AXIS2_PLACEMENT_3D('',#7785,#6138,#6139);
#4922=AXIS2_PLACEMENT_3D('',#7786,#6140,#6141);
#4923=DIRECTION('',(0.,0.,1.));
#4924=DIRECTION('',(1.,0.,0.));
#4925=DIRECTION('',(0.707106781186548,0.,0.707106781186548));
#4926=DIRECTION('',(1.73472347597681E-15,1.,-1.73472347597681E-15));
#4927=DIRECTION('',(-0.577350269189622,0.577350269189624,0.577350269189632));
#4928=DIRECTION('',(-3.46944695195361E-15,-1.,0.));
#4929=DIRECTION('',(0.577350269189624,0.577350269189622,-0.577350269189631));
#4930=DIRECTION('',(3.46944695195361E-15,1.,0.));
#4931=DIRECTION('',(0.,-0.707106781186548,-0.707106781186548));
#4932=DIRECTION('',(-1.,0.,0.));
#4933=DIRECTION('',(0.577350269189623,0.577350269189623,-0.577350269189631));
#4934=DIRECTION('',(-1.,0.,0.));
#4935=DIRECTION('',(1.,0.,0.));
#4936=DIRECTION('',(0.,-0.707106781186548,0.707106781186548));
#4937=DIRECTION('',(1.,0.,0.));
#4938=DIRECTION('',(-0.577350269189623,0.577350269189623,0.577350269189631));
#4939=DIRECTION('',(-1.,0.,0.));
#4940=DIRECTION('',(1.,0.,0.));
#4941=DIRECTION('',(0.707106781186548,0.,0.707106781186548));
#4942=DIRECTION('',(0.,1.,0.));
#4943=DIRECTION('',(0.577350269189623,0.577350269189623,-0.577350269189631));
#4944=DIRECTION('',(0.,1.,0.));
#4945=DIRECTION('',(0.,-1.,0.));
#4946=DIRECTION('',(0.707106781186548,0.,0.707106781186548));
#4947=DIRECTION('',(0.,1.,0.));
#4948=DIRECTION('',(-0.577350269189623,0.577350269189623,0.577350269189631));
#4949=DIRECTION('',(0.,-1.,0.));
#4950=DIRECTION('',(0.,1.,0.));
#4951=DIRECTION('',(0.,-0.707106781186548,-0.707106781186548));
#4952=DIRECTION('',(-1.,0.,0.));
#4953=DIRECTION('',(-0.577350269189623,0.577350269189623,-0.577350269189631));
#4954=DIRECTION('',(-1.,0.,0.));
#4955=DIRECTION('',(1.,0.,0.));
#4956=DIRECTION('',(0.,-0.707106781186548,0.707106781186548));
#4957=DIRECTION('',(1.,0.,0.));
#4958=DIRECTION('',(0.577350269189623,0.577350269189623,0.577350269189631));
#4959=DIRECTION('',(-1.,0.,0.));
#4960=DIRECTION('',(1.,0.,0.));
#4961=DIRECTION('',(0.707106781186548,0.,-0.707106781186548));
#4962=DIRECTION('',(0.,-1.,0.));
#4963=DIRECTION('',(-0.577350269189623,0.577350269189623,-0.577350269189631));
#4964=DIRECTION('',(0.,-1.,0.));
#4965=DIRECTION('',(0.,1.,0.));
#4966=DIRECTION('',(0.707106781186548,0.,-0.707106781186548));
#4967=DIRECTION('',(0.,-1.,0.));
#4968=DIRECTION('',(0.577350269189623,0.577350269189623,0.577350269189631));
#4969=DIRECTION('',(0.,1.,0.));
#4970=DIRECTION('',(0.,-1.,0.));
#4971=DIRECTION('',(0.,-0.707106781186548,-0.707106781186548));
#4972=DIRECTION('',(-1.,0.,0.));
#4973=DIRECTION('',(-0.577350269189623,0.577350269189623,-0.577350269189631));
#4974=DIRECTION('',(-1.,0.,0.));
#4975=DIRECTION('',(1.,0.,0.));
#4976=DIRECTION('',(0.,-0.707106781186548,0.707106781186548));
#4977=DIRECTION('',(1.,0.,0.));
#4978=DIRECTION('',(0.577350269189623,0.577350269189623,0.577350269189631));
#4979=DIRECTION('',(-1.,0.,0.));
#4980=DIRECTION('',(1.,0.,0.));
#4981=DIRECTION('',(0.707106781186548,0.,-0.707106781186548));
#4982=DIRECTION('',(0.,-1.,0.));
#4983=DIRECTION('',(0.,1.,0.));
#4984=DIRECTION('',(0.,-1.,0.));
#4985=DIRECTION('',(0.,-1.,0.));
#4986=DIRECTION('',(1.,0.,0.));
#4987=DIRECTION('',(0.,1.,0.));
#4988=DIRECTION('',(-1.,0.,0.));
#4989=DIRECTION('',(0.,-1.,0.));
#4990=DIRECTION('',(0.,1.,0.));
#4991=DIRECTION('',(-1.,0.,0.));
#4992=DIRECTION('',(0.,-1.,0.));
#4993=DIRECTION('',(0.,1.,0.));
#4994=DIRECTION('',(-1.,0.,0.));
#4995=DIRECTION('',(0.,-1.,0.));
#4996=DIRECTION('',(0.,1.,0.));
#4997=DIRECTION('',(-1.,0.,0.));
#4998=DIRECTION('',(0.,-1.,0.));
#4999=DIRECTION('',(0.,1.,0.));
#5000=DIRECTION('',(-1.,0.,0.));
#5001=DIRECTION('',(0.,-1.,0.));
#5002=DIRECTION('',(0.,1.,0.));
#5003=DIRECTION('',(-1.,0.,0.));
#5004=DIRECTION('',(0.,-1.,0.));
#5005=DIRECTION('',(0.,0.,-1.));
#5006=DIRECTION('',(0.,1.,0.));
#5007=DIRECTION('',(0.,0.,-1.));
#5008=DIRECTION('',(0.,1.,0.));
#5009=DIRECTION('',(-1.,0.,0.));
#5010=DIRECTION('',(0.,-1.,0.));
#5011=DIRECTION('',(0.,0.,-1.));
#5012=DIRECTION('',(0.,0.,-1.));
#5013=DIRECTION('',(0.,1.,0.));
#5014=DIRECTION('',(-1.,0.,0.));
#5015=DIRECTION('',(0.,0.,-1.));
#5016=DIRECTION('',(-1.,0.,0.));
#5017=DIRECTION('',(0.,-1.,0.));
#5018=DIRECTION('',(0.,0.,-1.));
#5019=DIRECTION('',(0.,1.,0.));
#5020=DIRECTION('',(-1.,0.,0.));
#5021=DIRECTION('',(0.,0.,-1.));
#5022=DIRECTION('',(-1.,0.,0.));
#5023=DIRECTION('',(0.,-1.,0.));
#5024=DIRECTION('',(0.,0.,-1.));
#5025=DIRECTION('',(0.,1.,0.));
#5026=DIRECTION('',(-1.,0.,0.));
#5027=DIRECTION('',(0.,0.,-1.));
#5028=DIRECTION('',(-1.,0.,0.));
#5029=DIRECTION('',(0.,-1.,0.));
#5030=DIRECTION('',(0.,0.,-1.));
#5031=DIRECTION('',(0.,1.,0.));
#5032=DIRECTION('',(-1.,0.,0.));
#5033=DIRECTION('',(0.,0.,-1.));
#5034=DIRECTION('',(-1.,0.,0.));
#5035=DIRECTION('',(0.,-1.,0.));
#5036=DIRECTION('',(0.,0.,-1.));
#5037=DIRECTION('',(0.,1.,0.));
#5038=DIRECTION('',(-1.,0.,0.));
#5039=DIRECTION('',(0.,0.,-1.));
#5040=DIRECTION('',(-1.,0.,0.));
#5041=DIRECTION('',(0.,-1.,0.));
#5042=DIRECTION('',(0.,0.,-1.));
#5043=DIRECTION('',(0.,1.,0.));
#5044=DIRECTION('',(-1.,0.,0.));
#5045=DIRECTION('',(2.1622247005199E-15,-1.,-3.38852997183947E-16));
#5046=DIRECTION('',(1.,2.16840434497101E-15,0.));
#5047=DIRECTION('',(-0.991734968258719,0.0434588465969785,0.12071901832494));
#5048=DIRECTION('',(-0.120833179335395,0.,-0.99267282765859));
#5049=DIRECTION('',(-1.,0.,0.));
#5050=DIRECTION('',(0.,-1.,0.));
#5051=DIRECTION('',(-5.20417042793042E-17,0.940887411868723,-0.338719468272752));
#5052=DIRECTION('',(0.128339979678103,-0.335918336264478,-0.93310648962352));
#5053=DIRECTION('',(-0.991734968258719,-0.0434588465969785,-0.12071901832494));
#5054=DIRECTION('',(0.120833179335393,0.,-0.99267282765859));
#5055=DIRECTION('',(0.,-1.,0.));
#5056=DIRECTION('',(1.,0.,0.));
#5057=DIRECTION('',(8.64889880207956E-15,-1.,-1.35541198873578E-15));
#5058=DIRECTION('',(1.,8.67361737988403E-15,0.));
#5059=DIRECTION('',(0.,1.,0.));
#5060=DIRECTION('',(0.,-1.,0.));
#5061=DIRECTION('',(0.,-1.,0.));
#5062=DIRECTION('',(1.,0.,0.));
#5063=DIRECTION('',(-0.993113144139524,1.64537373142969E-15,0.117159220453661));
#5064=DIRECTION('',(-0.117159220453661,0.,-0.993113144139524));
#5065=DIRECTION('',(0.,-1.,0.));
#5066=DIRECTION('',(1.,0.,0.));
#5067=DIRECTION('',(4.02880496766727E-13,-1.,4.55784452449568E-14));
#5068=DIRECTION('',(1.,3.98986399474667E-13,0.));
#5069=DIRECTION('',(0.,1.,0.));
#5070=DIRECTION('',(0.,-1.,0.));
#5071=DIRECTION('',(0.,-1.,0.));
#5072=DIRECTION('',(1.,0.,0.));
#5073=DIRECTION('',(-0.993113144139524,-7.35552446582159E-15,-0.117159220453661));
#5074=DIRECTION('',(0.117159220453661,0.,-0.993113144139524));
#5075=DIRECTION('',(0.,-1.,0.));
#5076=DIRECTION('',(1.,0.,0.));
#5077=DIRECTION('',(0.,1.,0.));
#5078=DIRECTION('',(1.,0.,0.));
#5079=DIRECTION('',(0.,-1.,0.));
#5080=DIRECTION('',(1.,0.,0.));
#5081=DIRECTION('',(0.,-0.940887411868727,0.338719468272742));
#5082=DIRECTION('',(0.,-0.338719468272742,-0.940887411868727));
#5083=DIRECTION('',(0.,1.,0.));
#5084=DIRECTION('',(0.,-1.,0.));
#5085=DIRECTION('',(1.,0.,0.));
#5086=DIRECTION('',(0.,1.,0.));
#5087=DIRECTION('',(0.957826285221151,0.,-0.287347885566346));
#5088=DIRECTION('',(0.287347885566346,0.,0.957826285221151));
#5089=DIRECTION('',(0.271651774856252,0.325982129827502,0.905505916187506));
#5090=DIRECTION('',(0.,-1.,0.));
#5091=DIRECTION('',(-0.287347885566346,0.,-0.957826285221151));
#5092=DIRECTION('',(0.957826285221151,0.,0.287347885566346));
#5093=DIRECTION('',(-0.287347885566346,0.,0.957826285221151));
#5094=DIRECTION('',(0.,1.,0.));
#5095=DIRECTION('',(-0.271651774856252,0.325982129827502,0.905505916187506));
#5096=DIRECTION('',(0.287347885566346,0.,-0.957826285221151));
#5097=DIRECTION('',(0.,-0.940887411868727,0.338719468272742));
#5098=DIRECTION('',(0.,-0.338719468272742,-0.940887411868727));
#5099=DIRECTION('',(1.,0.,0.));
#5100=DIRECTION('',(0.,-1.,0.));
#5101=DIRECTION('',(1.,0.,0.));
#5102=DIRECTION('',(-1.,0.,0.));
#5103=DIRECTION('',(0.,-1.,0.));
#5104=DIRECTION('',(1.,0.,0.));
#5105=DIRECTION('',(0.957826285221151,0.,-0.287347885566346));
#5106=DIRECTION('',(0.287347885566346,0.,0.957826285221151));
#5107=DIRECTION('',(1.91682152041636E-16,-1.,0.));
#5108=DIRECTION('',(0.957826285221151,0.,0.287347885566346));
#5109=DIRECTION('',(-0.287347885566346,0.,0.957826285221151));
#5110=DIRECTION('',(-1.91682152041636E-16,1.,0.));
#5111=DIRECTION('',(0.,-0.940887411868727,0.338719468272742));
#5112=DIRECTION('',(0.,-0.338719468272742,-0.940887411868727));
#5113=DIRECTION('',(-1.70002900645727E-16,0.94088741186872,-0.338719468272761));
#5114=DIRECTION('',(-2.39667062514975E-5,-0.33871946817548,-0.940887411598496));
#5115=DIRECTION('',(1.,0.,0.));
#5116=DIRECTION('',(0.,-1.,0.));
#5117=DIRECTION('',(1.,0.,0.));
#5118=DIRECTION('',(-1.,0.,0.));
#5119=DIRECTION('',(0.,0.,-1.));
#5120=DIRECTION('',(0.,1.,0.));
#5121=DIRECTION('',(0.,0.,-1.));
#5122=DIRECTION('',(0.,1.,0.));
#5123=DIRECTION('',(0.,0.,1.));
#5124=DIRECTION('',(1.,0.,0.));
#5125=DIRECTION('',(0.,0.,1.));
#5126=DIRECTION('',(1.,0.,0.));
#5127=DIRECTION('',(0.,0.,1.));
#5128=DIRECTION('',(1.,0.,0.));
#5129=DIRECTION('',(0.,-1.,0.));
#5130=DIRECTION('',(0.,0.,-1.));
#5131=DIRECTION('',(1.,0.,0.));
#5132=DIRECTION('',(0.,0.,1.));
#5133=DIRECTION('',(1.,0.,0.));
#5134=DIRECTION('',(0.,0.,1.));
#5135=DIRECTION('',(1.,0.,0.));
#5136=DIRECTION('',(0.,0.,-1.));
#5137=DIRECTION('',(0.,1.,0.));
#5138=DIRECTION('',(0.,1.,0.));
#5139=DIRECTION('',(0.,0.,1.));
#5140=DIRECTION('',(2.95272081017329E-16,-1.,0.));
#5141=DIRECTION('',(1.,2.95272081017329E-16,0.));
#5142=DIRECTION('',(1.,2.95272081017329E-16,0.));
#5143=DIRECTION('',(1.,2.95272081017329E-16,0.));
#5144=DIRECTION('',(0.,0.,1.));
#5145=DIRECTION('',(1.,2.89120579329468E-16,0.));
#5146=DIRECTION('',(-2.89120579329468E-16,1.,0.));
#5147=DIRECTION('',(-2.89120579329468E-16,1.,0.));
#5148=DIRECTION('',(-2.89120579329468E-16,1.,0.));
#5149=DIRECTION('',(0.,-1.,0.));
#5150=DIRECTION('',(0.,0.,-1.));
#5151=DIRECTION('',(1.,0.,0.));
#5152=DIRECTION('',(0.,0.,1.));
#5153=DIRECTION('',(1.,0.,0.));
#5154=DIRECTION('',(0.,0.,1.));
#5155=DIRECTION('',(0.,0.,1.));
#5156=DIRECTION('',(1.,0.,0.));
#5157=DIRECTION('',(0.,0.,1.));
#5158=DIRECTION('',(1.,0.,0.));
#5159=DIRECTION('',(0.,0.,1.));
#5160=DIRECTION('',(1.,0.,0.));
#5161=DIRECTION('',(0.,0.,1.));
#5162=DIRECTION('',(-1.,-2.66880534765662E-16,0.));
#5163=DIRECTION('',(2.66880534765662E-16,-1.,0.));
#5164=DIRECTION('',(2.66880534765662E-16,-1.,0.));
#5165=DIRECTION('',(2.66880534765662E-16,-1.,0.));
#5166=DIRECTION('',(0.,0.,1.));
#5167=DIRECTION('',(0.,0.,1.));
#5168=DIRECTION('',(1.,0.,0.));
#5169=DIRECTION('',(0.,0.,1.));
#5170=DIRECTION('',(1.,0.,0.));
#5171=DIRECTION('',(0.,0.,1.));
#5172=DIRECTION('',(1.,0.,0.));
#5173=DIRECTION('',(0.,0.,1.));
#5174=DIRECTION('',(0.,-1.,0.));
#5175=DIRECTION('',(0.,0.,-1.));
#5176=DIRECTION('',(1.,0.,0.));
#5177=DIRECTION('',(1.,0.,0.));
#5178=DIRECTION('',(0.,0.,1.));
#5179=DIRECTION('',(0.,0.,1.));
#5180=DIRECTION('',(1.,0.,0.));
#5181=DIRECTION('',(0.,0.,1.));
#5182=DIRECTION('',(1.,0.,0.));
#5183=DIRECTION('',(0.,0.,1.));
#5184=DIRECTION('',(1.,0.,0.));
#5185=DIRECTION('',(0.,0.,1.));
#5186=DIRECTION('',(-1.,-2.66880534765662E-16,0.));
#5187=DIRECTION('',(2.66880534765662E-16,-1.,0.));
#5188=DIRECTION('',(2.66880534765662E-16,-1.,0.));
#5189=DIRECTION('',(2.66880534765662E-16,-1.,0.));
#5190=DIRECTION('',(0.,0.,1.));
#5191=DIRECTION('',(0.,0.,1.));
#5192=DIRECTION('',(1.,0.,0.));
#5193=DIRECTION('',(0.,0.,1.));
#5194=DIRECTION('',(1.,0.,0.));
#5195=DIRECTION('',(0.,0.,1.));
#5196=DIRECTION('',(1.,0.,0.));
#5197=DIRECTION('',(0.,-1.,0.));
#5198=DIRECTION('',(0.,0.,-1.));
#5199=DIRECTION('',(1.,0.,0.));
#5200=DIRECTION('',(0.,0.,1.));
#5201=DIRECTION('',(1.,0.,0.));
#5202=DIRECTION('',(0.,0.,1.));
#5203=DIRECTION('',(0.,0.,1.));
#5204=DIRECTION('',(1.,0.,0.));
#5205=DIRECTION('',(0.,0.,1.));
#5206=DIRECTION('',(1.,0.,0.));
#5207=DIRECTION('',(0.,0.,1.));
#5208=DIRECTION('',(1.,0.,0.));
#5209=DIRECTION('',(0.,0.,1.));
#5210=DIRECTION('',(-1.,0.,0.));
#5211=DIRECTION('',(0.,0.,1.));
#5212=DIRECTION('',(0.,-1.,0.));
#5213=DIRECTION('',(0.,-1.,0.));
#5214=DIRECTION('',(0.,0.,1.));
#5215=DIRECTION('',(0.,0.,1.));
#5216=DIRECTION('',(1.,0.,0.));
#5217=DIRECTION('',(0.,0.,1.));
#5218=DIRECTION('',(1.,0.,0.));
#5219=DIRECTION('',(0.,0.,1.));
#5220=DIRECTION('',(1.,0.,0.));
#5221=DIRECTION('',(0.,0.,1.));
#5222=DIRECTION('',(0.,-1.,0.));
#5223=DIRECTION('',(0.,0.,-1.));
#5224=DIRECTION('',(1.,0.,0.));
#5225=DIRECTION('',(1.,0.,0.));
#5226=DIRECTION('',(0.,0.,1.));
#5227=DIRECTION('',(0.,0.,1.));
#5228=DIRECTION('',(1.,0.,0.));
#5229=DIRECTION('',(0.,0.,1.));
#5230=DIRECTION('',(1.,0.,0.));
#5231=DIRECTION('',(0.,0.,1.));
#5232=DIRECTION('',(1.,0.,0.));
#5233=DIRECTION('',(0.,0.,1.));
#5234=DIRECTION('',(-1.,-2.66880534765662E-16,0.));
#5235=DIRECTION('',(2.66880534765662E-16,-1.,0.));
#5236=DIRECTION('',(2.66880534765662E-16,-1.,0.));
#5237=DIRECTION('',(2.66880534765662E-16,-1.,0.));
#5238=DIRECTION('',(0.,0.,1.));
#5239=DIRECTION('',(0.,0.,1.));
#5240=DIRECTION('',(1.,0.,0.));
#5241=DIRECTION('',(0.,0.,1.));
#5242=DIRECTION('',(1.,0.,0.));
#5243=DIRECTION('',(0.,0.,1.));
#5244=DIRECTION('',(1.,0.,0.));
#5245=DIRECTION('',(0.,-1.,0.));
#5246=DIRECTION('',(0.,0.,-1.));
#5247=DIRECTION('',(1.,0.,0.));
#5248=DIRECTION('',(0.,0.,1.));
#5249=DIRECTION('',(1.,0.,0.));
#5250=DIRECTION('',(0.,0.,1.));
#5251=DIRECTION('',(0.,0.,1.));
#5252=DIRECTION('',(1.,0.,0.));
#5253=DIRECTION('',(0.,0.,1.));
#5254=DIRECTION('',(1.,0.,0.));
#5255=DIRECTION('',(0.,0.,1.));
#5256=DIRECTION('',(1.,0.,0.));
#5257=DIRECTION('',(0.,0.,1.));
#5258=DIRECTION('',(-1.,0.,0.));
#5259=DIRECTION('',(0.,0.,1.));
#5260=DIRECTION('',(0.,-1.,0.));
#5261=DIRECTION('',(0.,-1.,0.));
#5262=DIRECTION('',(0.,0.,1.));
#5263=DIRECTION('',(0.,0.,1.));
#5264=DIRECTION('',(1.,0.,0.));
#5265=DIRECTION('',(0.,0.,1.));
#5266=DIRECTION('',(1.,0.,0.));
#5267=DIRECTION('',(0.,0.,1.));
#5268=DIRECTION('',(1.,0.,0.));
#5269=DIRECTION('',(0.,0.,1.));
#5270=DIRECTION('',(0.,-1.,0.));
#5271=DIRECTION('',(0.,0.,-1.));
#5272=DIRECTION('',(1.,0.,0.));
#5273=DIRECTION('',(1.,0.,0.));
#5274=DIRECTION('',(0.,0.,1.));
#5275=DIRECTION('',(0.,0.,1.));
#5276=DIRECTION('',(1.,0.,0.));
#5277=DIRECTION('',(0.,0.,1.));
#5278=DIRECTION('',(1.,0.,0.));
#5279=DIRECTION('',(0.,0.,1.));
#5280=DIRECTION('',(1.,0.,0.));
#5281=DIRECTION('',(0.,0.,1.));
#5282=DIRECTION('',(-1.,0.,0.));
#5283=DIRECTION('',(0.,0.,1.));
#5284=DIRECTION('',(0.,-1.,0.));
#5285=DIRECTION('',(0.,-1.,0.));
#5286=DIRECTION('',(0.,0.,1.));
#5287=DIRECTION('',(0.,0.,1.));
#5288=DIRECTION('',(1.,0.,0.));
#5289=DIRECTION('',(0.,0.,1.));
#5290=DIRECTION('',(1.,0.,0.));
#5291=DIRECTION('',(0.,0.,1.));
#5292=DIRECTION('',(1.,0.,0.));
#5293=DIRECTION('',(-1.,-2.66880534765662E-16,0.));
#5294=DIRECTION('',(2.66880534765662E-16,-1.,0.));
#5295=DIRECTION('',(2.66880534765662E-16,-1.,0.));
#5296=DIRECTION('',(0.,0.,1.));
#5297=DIRECTION('',(2.66880534765662E-16,-1.,0.));
#5298=DIRECTION('',(0.,0.,1.));
#5299=DIRECTION('',(0.,0.,1.));
#5300=DIRECTION('',(1.,0.,0.));
#5301=DIRECTION('',(0.,0.,1.));
#5302=DIRECTION('',(1.,0.,0.));
#5303=DIRECTION('',(0.,0.,1.));
#5304=DIRECTION('',(1.,0.,0.));
#5305=DIRECTION('',(0.,0.,1.));
#5306=DIRECTION('',(0.,-1.,0.));
#5307=DIRECTION('',(0.,0.,-1.));
#5308=DIRECTION('',(1.,0.,0.));
#5309=DIRECTION('',(1.,0.,0.));
#5310=DIRECTION('',(0.,0.,1.));
#5311=DIRECTION('',(0.,0.,1.));
#5312=DIRECTION('',(1.,0.,0.));
#5313=DIRECTION('',(0.,0.,1.));
#5314=DIRECTION('',(1.,0.,0.));
#5315=DIRECTION('',(0.,0.,1.));
#5316=DIRECTION('',(1.,0.,0.));
#5317=DIRECTION('',(0.,0.,1.));
#5318=DIRECTION('',(-1.,-2.66880534765662E-16,0.));
#5319=DIRECTION('',(2.66880534765662E-16,-1.,0.));
#5320=DIRECTION('',(2.66880534765662E-16,-1.,0.));
#5321=DIRECTION('',(2.66880534765662E-16,-1.,0.));
#5322=DIRECTION('',(0.,0.,1.));
#5323=DIRECTION('',(0.,0.,1.));
#5324=DIRECTION('',(1.,0.,0.));
#5325=DIRECTION('',(0.,0.,1.));
#5326=DIRECTION('',(1.,0.,0.));
#5327=DIRECTION('',(0.,0.,1.));
#5328=DIRECTION('',(1.,0.,0.));
#5329=DIRECTION('',(0.,0.,1.));
#5330=DIRECTION('',(0.,-1.,0.));
#5331=DIRECTION('',(0.,0.,-1.));
#5332=DIRECTION('',(1.,0.,0.));
#5333=DIRECTION('',(1.,0.,0.));
#5334=DIRECTION('',(0.,0.,1.));
#5335=DIRECTION('',(0.,0.,1.));
#5336=DIRECTION('',(1.,0.,0.));
#5337=DIRECTION('',(0.,0.,1.));
#5338=DIRECTION('',(1.,0.,0.));
#5339=DIRECTION('',(0.,0.,1.));
#5340=DIRECTION('',(1.,0.,0.));
#5341=DIRECTION('',(-1.,0.,0.));
#5342=DIRECTION('',(0.,0.,1.));
#5343=DIRECTION('',(0.,-1.,0.));
#5344=DIRECTION('',(0.,0.,1.));
#5345=DIRECTION('',(0.,-1.,0.));
#5346=DIRECTION('',(0.,0.,1.));
#5347=DIRECTION('',(0.,0.,1.));
#5348=DIRECTION('',(1.,0.,0.));
#5349=DIRECTION('',(0.,0.,1.));
#5350=DIRECTION('',(1.,0.,0.));
#5351=DIRECTION('',(0.,0.,1.));
#5352=DIRECTION('',(1.,0.,0.));
#5353=DIRECTION('',(0.,0.,1.));
#5354=DIRECTION('',(0.,-1.,0.));
#5355=DIRECTION('',(0.,0.,-1.));
#5356=DIRECTION('',(1.,0.,0.));
#5357=DIRECTION('',(1.,0.,0.));
#5358=DIRECTION('',(0.,0.,1.));
#5359=DIRECTION('',(0.,0.,1.));
#5360=DIRECTION('',(1.,0.,0.));
#5361=DIRECTION('',(0.,0.,1.));
#5362=DIRECTION('',(1.,0.,0.));
#5363=DIRECTION('',(0.,0.,1.));
#5364=DIRECTION('',(1.,0.,0.));
#5365=DIRECTION('',(0.,0.,1.));
#5366=DIRECTION('',(-1.,-2.66880534765662E-16,0.));
#5367=DIRECTION('',(2.66880534765662E-16,-1.,0.));
#5368=DIRECTION('',(2.66880534765662E-16,-1.,0.));
#5369=DIRECTION('',(2.66880534765662E-16,-1.,0.));
#5370=DIRECTION('',(0.,0.,1.));
#5371=DIRECTION('',(0.,0.,1.));
#5372=DIRECTION('',(1.,0.,0.));
#5373=DIRECTION('',(0.,0.,1.));
#5374=DIRECTION('',(1.,0.,0.));
#5375=DIRECTION('',(0.,0.,1.));
#5376=DIRECTION('',(1.,0.,0.));
#5377=DIRECTION('',(0.,0.,1.));
#5378=DIRECTION('',(0.,-1.,0.));
#5379=DIRECTION('',(0.,0.,-1.));
#5380=DIRECTION('',(1.,0.,0.));
#5381=DIRECTION('',(1.,0.,0.));
#5382=DIRECTION('',(0.,0.,1.));
#5383=DIRECTION('',(0.,0.,1.));
#5384=DIRECTION('',(1.,0.,0.));
#5385=DIRECTION('',(0.,0.,1.));
#5386=DIRECTION('',(1.,0.,0.));
#5387=DIRECTION('',(0.,0.,1.));
#5388=DIRECTION('',(1.,0.,0.));
#5389=DIRECTION('',(-1.,0.,0.));
#5390=DIRECTION('',(0.,0.,1.));
#5391=DIRECTION('',(0.,-1.,0.));
#5392=DIRECTION('',(0.,0.,1.));
#5393=DIRECTION('',(0.,-1.,0.));
#5394=DIRECTION('',(0.,0.,1.));
#5395=DIRECTION('',(0.,0.,1.));
#5396=DIRECTION('',(1.,0.,0.));
#5397=DIRECTION('',(0.,0.,1.));
#5398=DIRECTION('',(1.,0.,0.));
#5399=DIRECTION('',(0.,0.,1.));
#5400=DIRECTION('',(1.,0.,0.));
#5401=DIRECTION('',(0.,0.,1.));
#5402=DIRECTION('',(0.,-1.,0.));
#5403=DIRECTION('',(0.,0.,-1.));
#5404=DIRECTION('',(1.,0.,0.));
#5405=DIRECTION('',(1.,0.,0.));
#5406=DIRECTION('',(0.,0.,1.));
#5407=DIRECTION('',(0.,0.,1.));
#5408=DIRECTION('',(1.,0.,0.));
#5409=DIRECTION('',(0.,0.,1.));
#5410=DIRECTION('',(1.,0.,0.));
#5411=DIRECTION('',(0.,0.,1.));
#5412=DIRECTION('',(1.,0.,0.));
#5413=DIRECTION('',(0.,0.,1.));
#5414=DIRECTION('',(-1.,0.,0.));
#5415=DIRECTION('',(0.,0.,1.));
#5416=DIRECTION('',(0.,-1.,0.));
#5417=DIRECTION('',(0.,-1.,0.));
#5418=DIRECTION('',(0.,0.,1.));
#5419=DIRECTION('',(0.,0.,1.));
#5420=DIRECTION('',(1.,0.,0.));
#5421=DIRECTION('',(0.,0.,1.));
#5422=DIRECTION('',(1.,0.,0.));
#5423=DIRECTION('',(0.,0.,1.));
#5424=DIRECTION('',(1.,0.,0.));
#5425=DIRECTION('',(0.,0.,1.));
#5426=DIRECTION('',(0.,-1.,0.));
#5427=DIRECTION('',(0.,0.,-1.));
#5428=DIRECTION('',(1.,0.,0.));
#5429=DIRECTION('',(1.,0.,0.));
#5430=DIRECTION('',(0.,0.,1.));
#5431=DIRECTION('',(0.,0.,1.));
#5432=DIRECTION('',(1.,0.,0.));
#5433=DIRECTION('',(0.,0.,1.));
#5434=DIRECTION('',(1.,0.,0.));
#5435=DIRECTION('',(0.,0.,1.));
#5436=DIRECTION('',(1.,0.,0.));
#5437=DIRECTION('',(1.,0.,0.));
#5438=DIRECTION('',(0.,0.,-1.));
#5439=DIRECTION('',(0.,-1.,0.));
#5440=DIRECTION('',(0.,0.,-1.));
#5441=DIRECTION('',(0.,-1.,0.));
#5442=DIRECTION('',(0.,0.,-1.));
#5443=DIRECTION('',(0.,1.,0.));
#5444=DIRECTION('',(0.,0.,1.));
#5445=DIRECTION('',(0.,0.,-1.));
#5446=DIRECTION('',(1.,0.,0.));
#5447=DIRECTION('',(1.,0.,0.));
#5448=DIRECTION('',(1.,6.12323399573677E-17,0.));
#5449=DIRECTION('',(-6.12323399573677E-17,1.,0.));
#5450=DIRECTION('',(0.,0.,-1.));
#5451=DIRECTION('',(6.12323399573677E-17,-1.,0.));
#5452=DIRECTION('',(6.12323399573677E-17,-1.,0.));
#5453=DIRECTION('',(0.,1.,0.));
#5454=DIRECTION('',(0.,0.,1.));
#5455=DIRECTION('',(1.,0.,0.));
#5456=DIRECTION('',(1.,0.,0.));
#5457=DIRECTION('',(0.,0.,-1.));
#5458=DIRECTION('',(-1.,0.,0.));
#5459=DIRECTION('',(0.,0.,1.));
#5460=DIRECTION('',(1.,0.,0.));
#5461=DIRECTION('',(0.,0.,-1.));
#5462=DIRECTION('',(-1.,0.,0.));
#5463=DIRECTION('',(0.,0.,-1.));
#5464=DIRECTION('',(-1.,0.,0.));
#5465=DIRECTION('',(0.,0.,1.));
#5466=DIRECTION('',(1.,0.,0.));
#5467=DIRECTION('',(0.,0.,-1.));
#5468=DIRECTION('',(-1.,0.,0.));
#5469=DIRECTION('',(0.,0.,-1.));
#5470=DIRECTION('',(-1.,0.,0.));
#5471=DIRECTION('',(0.,0.,1.));
#5472=DIRECTION('',(1.,0.,0.));
#5473=DIRECTION('',(0.,0.,-1.));
#5474=DIRECTION('',(-1.,0.,0.));
#5475=DIRECTION('',(0.,0.,1.));
#5476=DIRECTION('',(1.,0.,0.));
#5477=DIRECTION('',(0.,0.,-1.));
#5478=DIRECTION('',(-1.,0.,0.));
#5479=DIRECTION('',(0.,0.,1.));
#5480=DIRECTION('',(1.,0.,0.));
#5481=DIRECTION('',(0.,0.,-1.));
#5482=DIRECTION('',(-1.,0.,0.));
#5483=DIRECTION('',(0.,0.,1.));
#5484=DIRECTION('',(1.,0.,0.));
#5485=DIRECTION('',(0.,0.,1.));
#5486=DIRECTION('',(1.,0.,0.));
#5487=DIRECTION('',(0.,0.,1.));
#5488=DIRECTION('',(1.,0.,0.));
#5489=DIRECTION('',(0.,0.,1.));
#5490=DIRECTION('',(1.,0.,0.));
#5491=DIRECTION('',(0.,0.,1.));
#5492=DIRECTION('',(1.,0.,0.));
#5493=DIRECTION('',(0.,0.,1.));
#5494=DIRECTION('',(1.,0.,0.));
#5495=DIRECTION('',(0.,0.,1.));
#5496=DIRECTION('',(1.,0.,0.));
#5497=DIRECTION('',(2.15648373013998E-16,0.,1.));
#5498=DIRECTION('',(1.,0.,-2.15648373013998E-16));
#5499=DIRECTION('',(0.,-1.,0.));
#5500=DIRECTION('',(0.866025403784439,-0.5,0.));
#5501=DIRECTION('',(0.,0.,1.));
#5502=DIRECTION('',(1.,0.,0.));
#5503=DIRECTION('',(2.15648373013998E-16,0.,1.));
#5504=DIRECTION('',(1.,0.,-2.15648373013998E-16));
#5505=DIRECTION('',(0.866025403784439,-0.5,0.));
#5506=DIRECTION('',(0.866025403784438,0.5,0.));
#5507=DIRECTION('',(0.,0.,1.));
#5508=DIRECTION('',(1.,0.,0.));
#5509=DIRECTION('',(2.15648373013998E-16,0.,1.));
#5510=DIRECTION('',(1.,0.,-2.15648373013998E-16));
#5511=DIRECTION('',(0.866025403784438,0.5,0.));
#5512=DIRECTION('',(-6.10330130122145E-16,1.,0.));
#5513=DIRECTION('',(0.,0.,1.));
#5514=DIRECTION('',(1.,0.,0.));
#5515=DIRECTION('',(2.15648373013998E-16,0.,1.));
#5516=DIRECTION('',(1.,0.,-2.15648373013998E-16));
#5517=DIRECTION('',(-6.10330130122145E-16,1.,0.));
#5518=DIRECTION('',(-0.866025403784439,0.5,0.));
#5519=DIRECTION('',(0.,0.,1.));
#5520=DIRECTION('',(1.,0.,0.));
#5521=DIRECTION('',(2.15648373013998E-16,0.,1.));
#5522=DIRECTION('',(1.,0.,-2.15648373013998E-16));
#5523=DIRECTION('',(-0.866025403784439,0.5,0.));
#5524=DIRECTION('',(-0.866025403784439,-0.5,0.));
#5525=DIRECTION('',(0.,0.,-1.));
#5526=DIRECTION('',(-1.,0.,0.));
#5527=DIRECTION('',(0.,0.,-1.));
#5528=DIRECTION('',(-1.,0.,0.));
#5529=DIRECTION('',(0.866025403784439,-0.5,0.));
#5530=DIRECTION('',(0.,-1.,0.));
#5531=DIRECTION('',(-0.866025403784439,-0.5,0.));
#5532=DIRECTION('',(-0.866025403784439,0.5,0.));
#5533=DIRECTION('',(-6.10330130122145E-16,1.,0.));
#5534=DIRECTION('',(0.866025403784438,0.5,0.));
#5535=DIRECTION('',(0.,0.,-1.));
#5536=DIRECTION('',(-1.,0.,0.));
#5537=DIRECTION('',(0.,0.,-1.));
#5538=DIRECTION('',(-1.,0.,0.));
#5539=DIRECTION('',(0.,0.,-1.));
#5540=DIRECTION('',(-1.,0.,0.));
#5541=DIRECTION('',(0.,0.,-1.));
#5542=DIRECTION('',(-1.,0.,0.));
#5543=DIRECTION('',(0.,0.,1.));
#5544=DIRECTION('',(1.,0.,0.));
#5545=DIRECTION('',(0.,0.,1.));
#5546=DIRECTION('',(1.,0.,0.));
#5547=DIRECTION('',(0.,0.,1.));
#5548=DIRECTION('',(1.,0.,0.));
#5549=DIRECTION('',(0.,0.,-1.));
#5550=DIRECTION('',(-1.,0.,0.));
#5551=DIRECTION('',(0.,0.,-1.));
#5552=DIRECTION('',(-1.,0.,0.));
#5553=DIRECTION('',(0.,0.,-1.));
#5554=DIRECTION('',(-1.,0.,0.));
#5555=DIRECTION('',(-0.5,-0.866025403784439,0.));
#5556=DIRECTION('',(0.866025403784439,-0.5,0.));
#5557=DIRECTION('',(0.,0.,1.));
#5558=DIRECTION('',(0.,0.,1.));
#5559=DIRECTION('',(0.5,-0.866025403784438,0.));
#5560=DIRECTION('',(0.866025403784438,0.5,0.));
#5561=DIRECTION('',(0.,0.,1.));
#5562=DIRECTION('',(1.,6.10330130122145E-16,0.));
#5563=DIRECTION('',(-6.10330130122145E-16,1.,0.));
#5564=DIRECTION('',(0.,0.,1.));
#5565=DIRECTION('',(0.5,0.866025403784439,0.));
#5566=DIRECTION('',(-0.866025403784439,0.5,0.));
#5567=DIRECTION('',(0.,0.,1.));
#5568=DIRECTION('',(-0.5,0.866025403784439,0.));
#5569=DIRECTION('',(-0.866025403784439,-0.5,0.));
#5570=DIRECTION('',(0.,0.,1.));
#5571=DIRECTION('',(-0.866025403784439,-0.5,0.));
#5572=DIRECTION('',(-1.,0.,0.));
#5573=DIRECTION('',(0.,0.,1.));
#5574=DIRECTION('',(0.,-1.,0.));
#5575=DIRECTION('',(0.,0.,1.));
#5576=DIRECTION('',(1.,0.,0.));
#5577=DIRECTION('',(2.15648373013998E-16,0.,1.));
#5578=DIRECTION('',(1.,0.,-2.15648373013998E-16));
#5579=DIRECTION('',(2.15648373013998E-16,0.,1.));
#5580=DIRECTION('',(1.,0.,-2.15648373013998E-16));
#5581=DIRECTION('',(0.,0.,1.));
#5582=DIRECTION('',(1.,0.,0.));
#5583=DIRECTION('',(0.,0.,1.));
#5584=DIRECTION('',(1.,0.,0.));
#5585=DIRECTION('',(0.,0.,1.));
#5586=DIRECTION('',(1.,0.,0.));
#5587=DIRECTION('',(-1.22464679914735E-16,-1.7703529602173E-32,-1.));
#5588=DIRECTION('',(-1.,-2.89120579329468E-16,1.22464679914735E-16));
#5589=DIRECTION('',(-1.,-2.89120579329468E-16,1.22464679914735E-16));
#5590=DIRECTION('',(-2.89120579329468E-16,1.,1.7703529602173E-32));
#5591=DIRECTION('',(-1.,-2.89120579329468E-16,1.22464679914735E-16));
#5592=DIRECTION('',(-2.89120579329468E-16,1.,1.7703529602173E-32));
#5593=DIRECTION('',(-1.,-2.89120579329468E-16,1.22464679914735E-16));
#5594=DIRECTION('',(-2.89120579329468E-16,1.,1.7703529602173E-32));
#5595=DIRECTION('',(1.,2.89120579329468E-16,-1.22464679914735E-16));
#5596=DIRECTION('',(-2.98196113209766E-17,1.,-1.40516804465678E-32));
#5597=DIRECTION('',(-1.,-2.89120579329468E-16,1.22464679914735E-16));
#5598=DIRECTION('',(-1.22464679914735E-16,-1.7703529602173E-32,-1.));
#5599=DIRECTION('',(-1.,-2.89120579329468E-16,1.22464679914735E-16));
#5600=DIRECTION('',(-2.89120579329468E-16,1.,1.7703529602173E-32));
#5601=DIRECTION('',(-1.22464679914735E-16,-1.7703529602173E-32,-1.));
#5602=DIRECTION('',(-1.,-2.89120579329468E-16,1.22464679914735E-16));
#5603=DIRECTION('',(-1.,-2.89120579329468E-16,1.22464679914735E-16));
#5604=DIRECTION('',(-1.22464679914735E-16,-1.7703529602173E-32,-1.));
#5605=DIRECTION('',(-1.,-2.89120579329468E-16,1.22464679914735E-16));
#5606=DIRECTION('',(-2.89120579329468E-16,1.,1.7703529602173E-32));
#5607=DIRECTION('',(-1.22464679914735E-16,-1.7703529602173E-32,-1.));
#5608=DIRECTION('',(-1.,-2.89120579329468E-16,1.22464679914735E-16));
#5609=DIRECTION('',(-2.89120579329468E-16,1.,1.7703529602173E-32));
#5610=DIRECTION('',(-1.22464679914735E-16,-1.7703529602173E-32,-1.));
#5611=DIRECTION('',(-1.,-2.89120579329468E-16,1.22464679914735E-16));
#5612=DIRECTION('',(1.22464679914735E-16,1.7703529602173E-32,1.));
#5613=DIRECTION('',(1.22464679914735E-16,1.7703529602173E-32,1.));
#5614=DIRECTION('',(1.22464679914735E-16,1.7703529602173E-32,1.));
#5615=DIRECTION('',(1.,2.89120579329468E-16,-1.22464679914735E-16));
#5616=DIRECTION('',(-1.22464679914735E-16,-1.7703529602173E-32,-1.));
#5617=DIRECTION('',(-1.,-2.89120579329468E-16,1.22464679914735E-16));
#5618=DIRECTION('',(1.22464679914735E-16,1.7703529602173E-32,1.));
#5619=DIRECTION('',(1.,2.89120579329468E-16,-1.22464679914735E-16));
#5620=DIRECTION('',(-1.22464679914735E-16,-1.7703529602173E-32,-1.));
#5621=DIRECTION('',(-2.89120579329468E-16,1.,1.7703529602173E-32));
#5622=DIRECTION('',(1.22464679914735E-16,1.7703529602173E-32,1.));
#5623=DIRECTION('',(1.22464679914735E-16,1.7703529602173E-32,1.));
#5624=DIRECTION('',(1.,2.89120579329468E-16,-1.22464679914735E-16));
#5625=DIRECTION('',(-1.22464679914735E-16,-1.7703529602173E-32,-1.));
#5626=DIRECTION('',(-1.,-2.89120579329468E-16,1.22464679914735E-16));
#5627=DIRECTION('',(1.22464679914735E-16,1.7703529602173E-32,1.));
#5628=DIRECTION('',(-2.89120579329468E-16,1.,1.7703529602173E-32));
#5629=DIRECTION('',(-1.22464679914735E-16,-1.7703529602173E-32,-1.));
#5630=DIRECTION('',(-1.,-2.89120579329468E-16,1.22464679914735E-16));
#5631=DIRECTION('',(1.22464679914735E-16,1.7703529602173E-32,1.));
#5632=DIRECTION('',(-1.,-2.89120579329468E-16,1.22464679914735E-16));
#5633=DIRECTION('',(1.22464679914735E-16,1.7703529602173E-32,1.));
#5634=DIRECTION('',(1.,2.89120579329468E-16,-1.22464679914735E-16));
#5635=DIRECTION('',(-1.22464679914735E-16,-1.7703529602173E-32,-1.));
#5636=DIRECTION('',(-1.,-2.89120579329468E-16,1.22464679914735E-16));
#5637=DIRECTION('',(1.22464679914735E-16,1.7703529602173E-32,1.));
#5638=DIRECTION('',(1.,2.89120579329468E-16,-1.22464679914735E-16));
#5639=DIRECTION('',(-1.22464679914735E-16,-1.7703529602173E-32,-1.));
#5640=DIRECTION('',(-2.89120579329468E-16,1.,1.7703529602173E-32));
#5641=DIRECTION('',(1.22464679914735E-16,1.7703529602173E-32,1.));
#5642=DIRECTION('',(1.22464679914735E-16,1.7703529602173E-32,1.));
#5643=DIRECTION('',(1.,2.89120579329468E-16,-1.22464679914735E-16));
#5644=DIRECTION('',(-1.22464679914735E-16,-1.7703529602173E-32,-1.));
#5645=DIRECTION('',(-1.,-2.89120579329468E-16,1.22464679914735E-16));
#5646=DIRECTION('',(-1.22464679914735E-16,-1.7703529602173E-32,-1.));
#5647=DIRECTION('',(-1.,-2.89120579329468E-16,1.22464679914735E-16));
#5648=DIRECTION('',(1.,2.89120579329468E-16,-1.22464679914735E-16));
#5649=DIRECTION('',(-1.22464679914735E-16,-1.7703529602173E-32,-1.));
#5650=DIRECTION('',(1.22464679914735E-16,1.7703529602173E-32,1.));
#5651=DIRECTION('',(-2.89120579329468E-16,1.,1.7703529602173E-32));
#5652=DIRECTION('',(1.22464679914735E-16,1.7703529602173E-32,1.));
#5653=DIRECTION('',(-2.89120579329468E-16,1.,1.7703529602173E-32));
#5654=DIRECTION('',(-1.22464679914735E-16,-1.7703529602173E-32,-1.));
#5655=DIRECTION('',(1.22464679914735E-16,1.7703529602173E-32,1.));
#5656=DIRECTION('',(-1.,-2.89120579329468E-16,1.22464679914735E-16));
#5657=DIRECTION('',(1.,2.89120579329468E-16,-1.22464679914735E-16));
#5658=DIRECTION('',(-1.22464679914735E-16,-1.7703529602173E-32,-1.));
#5659=DIRECTION('',(1.22464679914735E-16,1.7703529602173E-32,1.));
#5660=DIRECTION('',(-2.89120579329468E-16,1.,1.7703529602173E-32));
#5661=DIRECTION('',(-2.89120579329468E-16,1.,1.7703529602173E-32));
#5662=DIRECTION('',(-1.22464679914735E-16,-1.7703529602173E-32,-1.));
#5663=DIRECTION('',(-1.,-2.89120579329468E-16,1.22464679914735E-16));
#5664=DIRECTION('',(-1.22464679914735E-16,-1.7703529602173E-32,-1.));
#5665=DIRECTION('',(-1.,-2.89120579329468E-16,1.22464679914735E-16));
#5666=DIRECTION('',(1.,2.98196113209766E-17,-1.22464679914735E-16));
#5667=DIRECTION('',(2.98196113209766E-17,-1.,1.40516804465678E-32));
#5668=DIRECTION('',(1.22464679914735E-16,1.7703529602173E-32,1.));
#5669=DIRECTION('',(-2.98196113209766E-17,1.,-1.40516804465678E-32));
#5670=DIRECTION('',(1.22464679914735E-16,1.7703529602173E-32,1.));
#5671=DIRECTION('',(-2.98196113209766E-17,1.,-1.40516804465678E-32));
#5672=DIRECTION('',(2.89120579329468E-16,-1.,-1.7703529602173E-32));
#5673=DIRECTION('',(1.22464679914735E-16,1.7703529602173E-32,1.));
#5674=DIRECTION('',(2.89120579329468E-16,-1.,-1.7703529602173E-32));
#5675=DIRECTION('',(1.22464679914735E-16,1.7703529602173E-32,1.));
#5676=DIRECTION('',(1.22464679914735E-16,1.7703529602173E-32,1.));
#5677=DIRECTION('',(2.89120579329468E-16,-1.,-1.7703529602173E-32));
#5678=DIRECTION('',(1.22464679914735E-16,1.7703529602173E-32,1.));
#5679=DIRECTION('',(1.,2.89120579329468E-16,-1.22464679914735E-16));
#5680=DIRECTION('',(2.89120579329468E-16,-1.,-1.7703529602173E-32));
#5681=DIRECTION('',(1.22464679914735E-16,1.7703529602173E-32,1.));
#5682=DIRECTION('',(2.89120579329468E-16,-1.,-1.7703529602173E-32));
#5683=DIRECTION('',(1.22464679914735E-16,1.7703529602173E-32,1.));
#5684=DIRECTION('',(1.,2.89120579329468E-16,-1.22464679914735E-16));
#5685=DIRECTION('',(-1.22464679914735E-16,-1.7703529602173E-32,-1.));
#5686=DIRECTION('',(-2.89120579329468E-16,1.,1.7703529602173E-32));
#5687=DIRECTION('',(1.22464679914735E-16,1.7703529602173E-32,1.));
#5688=DIRECTION('',(-2.89120579329468E-16,1.,1.7703529602173E-32));
#5689=DIRECTION('',(-2.89120579329468E-16,1.,1.7703529602173E-32));
#5690=DIRECTION('',(-1.22464679914735E-16,-1.7703529602173E-32,-1.));
#5691=DIRECTION('',(1.22464679914735E-16,1.7703529602173E-32,1.));
#5692=DIRECTION('',(-2.89120579329468E-16,1.,1.7703529602173E-32));
#5693=DIRECTION('',(-1.22464679914735E-16,-1.7703529602173E-32,-1.));
#5694=DIRECTION('',(-1.,-2.89120579329468E-16,1.22464679914735E-16));
#5695=DIRECTION('',(-2.89120579329468E-16,1.,1.7703529602173E-32));
#5696=DIRECTION('',(-1.22464679914735E-16,-1.7703529602173E-32,-1.));
#5697=DIRECTION('',(1.22464679914735E-16,1.7703529602173E-32,1.));
#5698=DIRECTION('',(-2.89120579329468E-16,1.,1.7703529602173E-32));
#5699=DIRECTION('',(-1.22464679914735E-16,-1.7703529602173E-32,-1.));
#5700=DIRECTION('',(-1.,-2.89120579329468E-16,1.22464679914735E-16));
#5701=DIRECTION('',(-2.89120579329468E-16,1.,1.7703529602173E-32));
#5702=DIRECTION('',(-1.22464679914735E-16,-1.7703529602173E-32,-1.));
#5703=DIRECTION('',(-2.89120579329468E-16,1.,1.7703529602173E-32));
#5704=DIRECTION('',(-1.22464679914735E-16,-1.7703529602173E-32,-1.));
#5705=DIRECTION('',(-1.,-2.89120579329468E-16,1.22464679914735E-16));
#5706=DIRECTION('',(-2.89120579329468E-16,1.,1.7703529602173E-32));
#5707=DIRECTION('',(-1.22464679914735E-16,-1.7703529602173E-32,-1.));
#5708=DIRECTION('',(-2.89120579329468E-16,1.,1.7703529602173E-32));
#5709=DIRECTION('',(-1.22464679914735E-16,-1.7703529602173E-32,-1.));
#5710=DIRECTION('',(-1.,-2.89120579329468E-16,1.22464679914735E-16));
#5711=DIRECTION('',(-2.89120579329468E-16,1.,1.7703529602173E-32));
#5712=DIRECTION('',(-1.22464679914735E-16,-1.7703529602173E-32,-1.));
#5713=DIRECTION('',(-1.22464679914735E-16,-1.7703529602173E-32,-1.));
#5714=DIRECTION('',(-1.,-2.89120579329468E-16,1.22464679914735E-16));
#5715=DIRECTION('',(-2.98196113209766E-17,1.,-1.40516804465678E-32));
#5716=DIRECTION('',(-2.89120579329468E-16,1.,1.7703529602173E-32));
#5717=DIRECTION('',(-1.22464679914735E-16,-1.7703529602173E-32,-1.));
#5718=DIRECTION('',(-1.,-2.89120579329468E-16,1.22464679914735E-16));
#5719=DIRECTION('',(-2.98196113209766E-17,1.,-1.40516804465678E-32));
#5720=DIRECTION('',(-2.89120579329468E-16,1.,1.7703529602173E-32));
#5721=DIRECTION('',(-2.89120579329468E-16,1.,1.7703529602173E-32));
#5722=DIRECTION('',(-1.22464679914735E-16,-1.7703529602173E-32,-1.));
#5723=DIRECTION('',(2.98196113209766E-17,-1.,1.40516804465678E-32));
#5724=DIRECTION('',(-1.,-2.98196113209766E-17,1.22464679914735E-16));
#5725=DIRECTION('',(-2.98196113209766E-17,1.,-1.40516804465678E-32));
#5726=DIRECTION('',(1.,2.98196113209766E-17,-1.22464679914735E-16));
#5727=DIRECTION('',(2.89120579329468E-16,-1.,-1.7703529602173E-32));
#5728=DIRECTION('',(1.22464679914735E-16,1.7703529602173E-32,1.));
#5729=DIRECTION('',(1.,2.98196113209766E-17,-1.22464679914735E-16));
#5730=DIRECTION('',(2.98196113209766E-17,-1.,1.40516804465678E-32));
#5731=DIRECTION('',(2.98196113209766E-17,-1.,1.40516804465678E-32));
#5732=DIRECTION('',(1.22464679914735E-16,1.7703529602173E-32,1.));
#5733=DIRECTION('',(2.98196113209766E-17,-1.,1.40516804465678E-32));
#5734=DIRECTION('',(2.89120579329468E-16,-1.,-1.7703529602173E-32));
#5735=DIRECTION('',(1.22464679914735E-16,1.7703529602173E-32,1.));
#5736=DIRECTION('',(1.,2.89120579329468E-16,-1.22464679914735E-16));
#5737=DIRECTION('',(2.89120579329468E-16,-1.,-1.7703529602173E-32));
#5738=DIRECTION('',(1.22464679914735E-16,1.7703529602173E-32,1.));
#5739=DIRECTION('',(2.89120579329468E-16,-1.,-1.7703529602173E-32));
#5740=DIRECTION('',(1.22464679914735E-16,1.7703529602173E-32,1.));
#5741=DIRECTION('',(1.,2.89120579329468E-16,-1.22464679914735E-16));
#5742=DIRECTION('',(2.89120579329468E-16,-1.,-1.7703529602173E-32));
#5743=DIRECTION('',(1.22464679914735E-16,1.7703529602173E-32,1.));
#5744=DIRECTION('',(1.22464679914735E-16,1.7703529602173E-32,1.));
#5745=DIRECTION('',(2.89120579329468E-16,-1.,-1.7703529602173E-32));
#5746=DIRECTION('',(1.22464679914735E-16,1.7703529602173E-32,1.));
#5747=DIRECTION('',(1.,2.89120579329468E-16,-1.22464679914735E-16));
#5748=DIRECTION('',(-1.22464679914735E-16,-1.7703529602173E-32,-1.));
#5749=DIRECTION('',(-2.89120579329468E-16,1.,1.7703529602173E-32));
#5750=DIRECTION('',(-2.89120579329468E-16,1.,1.7703529602173E-32));
#5751=DIRECTION('',(-1.22464679914735E-16,-1.7703529602173E-32,-1.));
#5752=DIRECTION('',(-1.,-2.89120579329468E-16,1.22464679914735E-16));
#5753=DIRECTION('',(-2.89120579329468E-16,1.,1.7703529602173E-32));
#5754=DIRECTION('',(-2.89120579329468E-16,1.,1.7703529602173E-32));
#5755=DIRECTION('',(-1.22464679914735E-16,-1.7703529602173E-32,-1.));
#5756=DIRECTION('',(-1.,-2.89120579329468E-16,1.22464679914735E-16));
#5757=DIRECTION('',(-2.89120579329468E-16,1.,1.7703529602173E-32));
#5758=DIRECTION('',(-2.89120579329468E-16,1.,1.7703529602173E-32));
#5759=DIRECTION('',(-2.89120579329468E-16,1.,1.7703529602173E-32));
#5760=DIRECTION('',(-1.22464679914735E-16,-1.7703529602173E-32,-1.));
#5761=DIRECTION('',(2.98196113209766E-17,-1.,1.40516804465678E-32));
#5762=DIRECTION('',(-1.,-2.98196113209766E-17,1.22464679914735E-16));
#5763=DIRECTION('',(-2.98196113209766E-17,1.,-1.40516804465678E-32));
#5764=DIRECTION('',(1.,2.98196113209766E-17,-1.22464679914735E-16));
#5765=DIRECTION('',(2.89120579329468E-16,-1.,-1.7703529602173E-32));
#5766=DIRECTION('',(1.22464679914735E-16,1.7703529602173E-32,1.));
#5767=DIRECTION('',(0.,0.,1.));
#5768=DIRECTION('',(-4.16333634234434E-16,1.,0.));
#5769=DIRECTION('',(1.22464679914735E-16,1.7703529602173E-32,1.));
#5770=DIRECTION('',(1.,-2.16805708609117E-48,-1.22464679914735E-16));
#5771=DIRECTION('',(1.24174908802921E-16,-1.,2.49648914218189E-33));
#5772=DIRECTION('',(1.,3.02770877484874E-50,-1.22464679914735E-16));
#5773=DIRECTION('',(2.16805708609117E-48,-1.,1.7703529602173E-32));
#5774=DIRECTION('',(1.,3.02770877484874E-50,-1.22464679914735E-16));
#5775=DIRECTION('',(1.24174908802921E-16,-1.,2.4964891421819E-33));
#5776=DIRECTION('',(1.,3.02770877484874E-50,-1.22464679914735E-16));
#5777=DIRECTION('',(2.16805708609117E-48,-1.,1.7703529602173E-32));
#5778=DIRECTION('',(1.,3.02770877484874E-50,-1.22464679914735E-16));
#5779=DIRECTION('',(2.16805708609117E-48,-1.,1.7703529602173E-32));
#5780=DIRECTION('',(1.,3.02770877484874E-50,-1.22464679914735E-16));
#5781=DIRECTION('',(2.16805708609117E-48,-1.,1.7703529602173E-32));
#5782=DIRECTION('',(1.,3.02770877484874E-50,-1.22464679914735E-16));
#5783=DIRECTION('',(2.16805708609117E-48,-1.,1.7703529602173E-32));
#5784=DIRECTION('',(1.,3.02770877484878E-50,-1.22464679914735E-16));
#5785=DIRECTION('',(2.16805708609117E-48,-1.,1.7703529602173E-32));
#5786=DIRECTION('',(1.,3.02770877484878E-50,-1.22464679914735E-16));
#5787=DIRECTION('',(2.16805708609117E-48,-1.,1.7703529602173E-32));
#5788=DIRECTION('',(1.,3.02770877484865E-50,-1.22464679914735E-16));
#5789=DIRECTION('',(2.16805708609117E-48,-1.,1.7703529602173E-32));
#5790=DIRECTION('',(1.,3.02770877484878E-50,-1.22464679914735E-16));
#5791=DIRECTION('',(1.,0.,-1.22464679914735E-16));
#5792=DIRECTION('',(4.21860739770914E-51,-1.,1.7703529602173E-32));
#5793=DIRECTION('',(1.,-4.36425699611789E-64,-1.22464679914735E-16));
#5794=DIRECTION('',(9.30246942514244E-49,1.,-1.7703529602173E-32));
#5795=DIRECTION('',(-1.,0.,1.22464679914735E-16));
#5796=DIRECTION('',(1.22464679914735E-16,1.7703529602173E-32,1.));
#5797=DIRECTION('',(1.,0.,-1.22464679914735E-16));
#5798=DIRECTION('',(2.16805708609117E-48,-1.,1.7703529602173E-32));
#5799=DIRECTION('',(1.24174908802921E-16,-1.,2.49648914218189E-33));
#5800=DIRECTION('',(1.,3.02770877484878E-50,-1.22464679914735E-16));
#5801=DIRECTION('',(2.16805708609117E-48,-1.,1.7703529602173E-32));
#5802=DIRECTION('',(1.,3.02770877484878E-50,-1.22464679914735E-16));
#5803=DIRECTION('',(2.16805708609117E-48,-1.,1.7703529602173E-32));
#5804=DIRECTION('',(1.,-3.00916497050555E-49,-1.22464679914735E-16));
#5805=DIRECTION('',(2.16805708609117E-48,-1.,1.7703529602173E-32));
#5806=DIRECTION('',(1.,-3.00916497050555E-49,-1.22464679914735E-16));
#5807=DIRECTION('',(2.16805708609117E-48,-1.,1.7703529602173E-32));
#5808=DIRECTION('',(1.,3.45566317344468E-50,-1.22464679914735E-16));
#5809=DIRECTION('',(2.16805708609117E-48,-1.,1.7703529602173E-32));
#5810=DIRECTION('',(1.,3.45566317344468E-50,-1.22464679914735E-16));
#5811=DIRECTION('',(-2.16805708609117E-48,1.,-1.7703529602173E-32));
#5812=DIRECTION('',(0.,1.7703529602173E-32,1.));
#5813=DIRECTION('',(1.,0.,-1.22464679914735E-16));
#5814=DIRECTION('',(-1.22464679914735E-16,-1.7703529602173E-32,-1.));
#5815=DIRECTION('',(-1.22464679914735E-16,-1.7703529602173E-32,-1.));
#5816=DIRECTION('',(1.,-2.16383847869345E-48,-1.22464679914735E-16));
#5817=DIRECTION('',(-1.22464679914735E-16,0.,-1.));
#5818=DIRECTION('',(4.21860739770914E-51,-1.,1.7703529602173E-32));
#5819=DIRECTION('',(-1.22464679914735E-16,-1.7703529602173E-32,-1.));
#5820=DIRECTION('',(-2.16805708609117E-48,1.,-1.7703529602173E-32));
#5821=DIRECTION('',(0.,1.7703529602173E-32,1.));
#5822=DIRECTION('',(1.,-4.36425699611789E-64,-1.22464679914735E-16));
#5823=DIRECTION('',(-1.22464679914735E-16,-1.7703529602173E-32,-1.));
#5824=DIRECTION('',(-1.,3.09830402860541E-48,1.22464679914735E-16));
#5825=DIRECTION('',(1.22464679914735E-16,0.,1.));
#5826=DIRECTION('',(9.30246942514244E-49,1.,-1.7703529602173E-32));
#5827=DIRECTION('',(-1.22464679914735E-16,-1.7703529602173E-32,-1.));
#5828=DIRECTION('',(2.16805708609117E-48,-1.,1.7703529602173E-32));
#5829=DIRECTION('',(0.,-1.7703529602173E-32,-1.));
#5830=DIRECTION('',(-1.,0.,1.22464679914735E-16));
#5831=DIRECTION('',(-1.22464679914735E-16,-1.7703529602173E-32,-1.));
#5832=DIRECTION('',(-1.22464679914735E-16,-1.7703529602173E-32,-1.));
#5833=DIRECTION('',(-1.,0.,1.22464679914735E-16));
#5834=DIRECTION('',(1.22464679914735E-16,1.7703529602173E-32,1.));
#5835=DIRECTION('',(1.,0.,-1.22464679914735E-16));
#5836=DIRECTION('',(-1.22464679914735E-16,-1.7703529602173E-32,-1.));
#5837=DIRECTION('',(1.,0.,-1.22464679914735E-16));
#5838=DIRECTION('',(-1.22464679914735E-16,0.,-1.));
#5839=DIRECTION('',(2.16805708609117E-48,-1.,1.7703529602173E-32));
#5840=DIRECTION('',(1.22464679914735E-16,1.7703529602173E-32,1.));
#5841=DIRECTION('',(1.,-2.16805708609117E-48,-1.22464679914735E-16));
#5842=DIRECTION('',(-2.19833417383965E-48,1.,-1.7703529602173E-32));
#5843=DIRECTION('',(0.,1.7703529602173E-32,1.));
#5844=DIRECTION('',(-1.22464679914735E-16,-1.7703529602173E-32,-1.));
#5845=DIRECTION('',(1.,3.02770877484878E-50,-1.22464679914735E-16));
#5846=DIRECTION('',(-1.22464679914735E-16,-1.7703529602173E-32,-1.));
#5847=DIRECTION('',(1.,1.24174908802921E-16,-1.22464679914735E-16));
#5848=DIRECTION('',(-1.24174908802921E-16,1.,0.));
#5849=DIRECTION('',(-1.22464679914735E-16,-1.7703529602173E-32,-1.));
#5850=DIRECTION('',(1.24174908802921E-16,-1.,2.49648914218189E-33));
#5851=DIRECTION('',(-2.19833417383965E-48,1.,-1.7703529602173E-32));
#5852=DIRECTION('',(0.,1.7703529602173E-32,1.));
#5853=DIRECTION('',(-1.22464679914735E-16,-1.7703529602173E-32,-1.));
#5854=DIRECTION('',(1.,3.02770877484878E-50,-1.22464679914735E-16));
#5855=DIRECTION('',(1.,0.,-1.22464679914735E-16));
#5856=DIRECTION('',(-1.22464679914735E-16,0.,-1.));
#5857=DIRECTION('',(2.16805708609117E-48,-1.,1.7703529602173E-32));
#5858=DIRECTION('',(1.22464679914735E-16,1.7703529602173E-32,1.));
#5859=DIRECTION('',(1.,-2.16805708609117E-48,-1.22464679914735E-16));
#5860=DIRECTION('',(1.,0.,-1.22464679914735E-16));
#5861=DIRECTION('',(-1.22464679914735E-16,0.,-1.));
#5862=DIRECTION('',(-1.22464679914735E-16,-1.7703529602173E-32,-1.));
#5863=DIRECTION('',(2.16805708609117E-48,-1.,1.7703529602173E-32));
#5864=DIRECTION('',(-1.22464679914735E-16,-1.7703529602173E-32,-1.));
#5865=DIRECTION('',(-2.19833417383965E-48,1.,-1.7703529602173E-32));
#5866=DIRECTION('',(0.,1.7703529602173E-32,1.));
#5867=DIRECTION('',(-1.22464679914735E-16,-1.7703529602173E-32,-1.));
#5868=DIRECTION('',(1.,3.02770877484878E-50,-1.22464679914735E-16));
#5869=DIRECTION('',(1.,0.,-1.22464679914735E-16));
#5870=DIRECTION('',(-1.22464679914735E-16,0.,-1.));
#5871=DIRECTION('',(-1.22464679914735E-16,-1.7703529602173E-32,-1.));
#5872=DIRECTION('',(2.16805708609117E-48,-1.,1.7703529602173E-32));
#5873=DIRECTION('',(-2.19833417383965E-48,1.,-1.7703529602173E-32));
#5874=DIRECTION('',(0.,1.7703529602173E-32,1.));
#5875=DIRECTION('',(1.,3.02770877484865E-50,-1.22464679914735E-16));
#5876=DIRECTION('',(1.22464679914735E-16,1.7703529602173E-32,1.));
#5877=DIRECTION('',(1.,-2.16805708609117E-48,-1.22464679914735E-16));
#5878=DIRECTION('',(-1.86714058904061E-48,1.,-1.7703529602173E-32));
#5879=DIRECTION('',(0.,1.7703529602173E-32,1.));
#5880=DIRECTION('',(-1.22464679914735E-16,-1.7703529602173E-32,-1.));
#5881=DIRECTION('',(1.,-3.00916497050555E-49,-1.22464679914735E-16));
#5882=DIRECTION('',(-1.22464679914735E-16,-1.7703529602173E-32,-1.));
#5883=DIRECTION('',(1.,0.,-1.22464679914735E-16));
#5884=DIRECTION('',(-1.22464679914735E-16,0.,-1.));
#5885=DIRECTION('',(-1.22464679914735E-16,-1.7703529602173E-32,-1.));
#5886=DIRECTION('',(2.16805708609117E-48,-1.,1.7703529602173E-32));
#5887=DIRECTION('',(-1.86714058904061E-48,1.,-1.7703529602173E-32));
#5888=DIRECTION('',(0.,1.7703529602173E-32,1.));
#5889=DIRECTION('',(-1.22464679914735E-16,-1.7703529602173E-32,-1.));
#5890=DIRECTION('',(1.,-3.00916497050555E-49,-1.22464679914735E-16));
#5891=DIRECTION('',(1.,0.,-1.22464679914735E-16));
#5892=DIRECTION('',(-1.22464679914735E-16,0.,-1.));
#5893=DIRECTION('',(2.16805708609117E-48,-1.,1.7703529602173E-32));
#5894=DIRECTION('',(1.22464679914735E-16,1.7703529602173E-32,1.));
#5895=DIRECTION('',(1.,-2.16805708609117E-48,-1.22464679914735E-16));
#5896=DIRECTION('',(-2.20261371782561E-48,1.,-1.7703529602173E-32));
#5897=DIRECTION('',(0.,1.7703529602173E-32,1.));
#5898=DIRECTION('',(-1.22464679914735E-16,-1.7703529602173E-32,-1.));
#5899=DIRECTION('',(1.,3.45566317344468E-50,-1.22464679914735E-16));
#5900=DIRECTION('',(-1.22464679914735E-16,-1.7703529602173E-32,-1.));
#5901=DIRECTION('',(1.,0.,-1.22464679914735E-16));
#5902=DIRECTION('',(-1.22464679914735E-16,0.,-1.));
#5903=DIRECTION('',(-1.22464679914735E-16,-1.7703529602173E-32,-1.));
#5904=DIRECTION('',(2.16805708609117E-48,-1.,1.7703529602173E-32));
#5905=DIRECTION('',(-2.20261371782561E-48,1.,-1.7703529602173E-32));
#5906=DIRECTION('',(0.,1.7703529602173E-32,1.));
#5907=DIRECTION('',(-1.22464679914735E-16,-1.7703529602173E-32,-1.));
#5908=DIRECTION('',(1.,3.45566317344468E-50,-1.22464679914735E-16));
#5909=DIRECTION('',(1.,0.,-1.22464679914735E-16));
#5910=DIRECTION('',(-1.22464679914735E-16,0.,-1.));
#5911=DIRECTION('',(2.16805708609117E-48,-1.,1.7703529602173E-32));
#5912=DIRECTION('',(1.22464679914735E-16,1.7703529602173E-32,1.));
#5913=DIRECTION('',(1.,-2.16805708609117E-48,-1.22464679914735E-16));
#5914=DIRECTION('',(1.,0.,-1.22464679914735E-16));
#5915=DIRECTION('',(-1.22464679914735E-16,0.,-1.));
#5916=DIRECTION('',(-1.22464679914735E-16,-1.7703529602173E-32,-1.));
#5917=DIRECTION('',(2.16805708609117E-48,-1.,1.7703529602173E-32));
#5918=DIRECTION('',(-1.22464679914735E-16,-1.7703529602173E-32,-1.));
#5919=DIRECTION('',(-2.19833417383965E-48,1.,-1.7703529602173E-32));
#5920=DIRECTION('',(0.,1.7703529602173E-32,1.));
#5921=DIRECTION('',(-1.22464679914735E-16,-1.7703529602173E-32,-1.));
#5922=DIRECTION('',(1.,3.02770877484878E-50,-1.22464679914735E-16));
#5923=DIRECTION('',(1.,0.,-1.22464679914735E-16));
#5924=DIRECTION('',(-1.22464679914735E-16,0.,-1.));
#5925=DIRECTION('',(-1.22464679914735E-16,-1.7703529602173E-32,-1.));
#5926=DIRECTION('',(2.16805708609117E-48,-1.,1.7703529602173E-32));
#5927=DIRECTION('',(-2.19833417383965E-48,1.,-1.7703529602173E-32));
#5928=DIRECTION('',(0.,1.7703529602173E-32,1.));
#5929=DIRECTION('',(1.,3.02770877484878E-50,-1.22464679914735E-16));
#5930=DIRECTION('',(1.22464679914735E-16,1.7703529602173E-32,1.));
#5931=DIRECTION('',(1.,-2.16805708609117E-48,-1.22464679914735E-16));
#5932=DIRECTION('',(1.,0.,-1.22464679914735E-16));
#5933=DIRECTION('',(-1.22464679914735E-16,0.,-1.));
#5934=DIRECTION('',(-1.22464679914735E-16,-1.7703529602173E-32,-1.));
#5935=DIRECTION('',(2.16805708609117E-48,-1.,1.7703529602173E-32));
#5936=DIRECTION('',(-1.22464679914735E-16,-1.7703529602173E-32,-1.));
#5937=DIRECTION('',(-2.19833417383965E-48,1.,-1.7703529602173E-32));
#5938=DIRECTION('',(0.,1.7703529602173E-32,1.));
#5939=DIRECTION('',(-1.22464679914735E-16,-1.7703529602173E-32,-1.));
#5940=DIRECTION('',(1.,3.02770877484874E-50,-1.22464679914735E-16));
#5941=DIRECTION('',(1.,0.,-1.22464679914735E-16));
#5942=DIRECTION('',(-1.22464679914735E-16,0.,-1.));
#5943=DIRECTION('',(-1.22464679914735E-16,-1.7703529602173E-32,-1.));
#5944=DIRECTION('',(2.16805708609117E-48,-1.,1.7703529602173E-32));
#5945=DIRECTION('',(-2.19833417383965E-48,1.,-1.7703529602173E-32));
#5946=DIRECTION('',(0.,1.7703529602173E-32,1.));
#5947=DIRECTION('',(1.,3.02770877484874E-50,-1.22464679914735E-16));
#5948=DIRECTION('',(1.22464679914735E-16,1.7703529602173E-32,1.));
#5949=DIRECTION('',(1.,-2.16805708609117E-48,-1.22464679914735E-16));
#5950=DIRECTION('',(1.,1.24174908802921E-16,-1.22464679914735E-16));
#5951=DIRECTION('',(-1.24174908802921E-16,1.,0.));
#5952=DIRECTION('',(-1.22464679914735E-16,-1.7703529602173E-32,-1.));
#5953=DIRECTION('',(1.24174908802921E-16,-1.,2.4964891421819E-33));
#5954=DIRECTION('',(-1.22464679914735E-16,-1.7703529602173E-32,-1.));
#5955=DIRECTION('',(-2.19833417383965E-48,1.,-1.7703529602173E-32));
#5956=DIRECTION('',(0.,1.7703529602173E-32,1.));
#5957=DIRECTION('',(-1.22464679914735E-16,-1.7703529602173E-32,-1.));
#5958=DIRECTION('',(1.,3.02770877484874E-50,-1.22464679914735E-16));
#5959=DIRECTION('',(1.,0.,-1.22464679914735E-16));
#5960=DIRECTION('',(-1.22464679914735E-16,0.,-1.));
#5961=DIRECTION('',(-1.22464679914735E-16,-1.7703529602173E-32,-1.));
#5962=DIRECTION('',(2.16805708609117E-48,-1.,1.7703529602173E-32));
#5963=DIRECTION('',(-2.19833417383965E-48,1.,-1.7703529602173E-32));
#5964=DIRECTION('',(0.,1.7703529602173E-32,1.));
#5965=DIRECTION('',(1.,3.02770877484874E-50,-1.22464679914735E-16));
#5966=DIRECTION('',(1.22464679914735E-16,1.7703529602173E-32,1.));
#5967=DIRECTION('',(1.,-2.16805708609117E-48,-1.22464679914735E-16));
#5968=DIRECTION('',(1.,1.24174908802921E-16,-1.22464679914735E-16));
#5969=DIRECTION('',(-1.24174908802921E-16,1.,0.));
#5970=DIRECTION('',(-1.22464679914735E-16,-1.7703529602173E-32,-1.));
#5971=DIRECTION('',(1.24174908802921E-16,-1.,2.49648914218189E-33));
#5972=DIRECTION('',(-1.22464679914735E-16,-1.7703529602173E-32,-1.));
#5973=DIRECTION('',(-2.19833417383965E-48,1.,-1.7703529602173E-32));
#5974=DIRECTION('',(0.,1.7703529602173E-32,1.));
#5975=DIRECTION('',(-1.22464679914735E-16,-1.7703529602173E-32,-1.));
#5976=DIRECTION('',(1.,3.02770877484874E-50,-1.22464679914735E-16));
#5977=DIRECTION('',(1.,0.,-1.22464679914735E-16));
#5978=DIRECTION('',(-1.22464679914735E-16,0.,-1.));
#5979=DIRECTION('',(-1.22464679914735E-16,-1.7703529602173E-32,-1.));
#5980=DIRECTION('',(2.16805708609117E-48,-1.,1.7703529602173E-32));
#5981=DIRECTION('',(-2.19833417383965E-48,1.,-1.7703529602173E-32));
#5982=DIRECTION('',(0.,1.7703529602173E-32,1.));
#5983=DIRECTION('',(1.,3.02770877484874E-50,-1.22464679914735E-16));
#5984=DIRECTION('',(1.22464679914735E-16,1.7703529602173E-32,1.));
#5985=DIRECTION('',(1.,-2.16805708609117E-48,-1.22464679914735E-16));
#5986=DIRECTION('',(0.,0.,1.));
#5987=DIRECTION('',(-4.71844785465692E-16,1.,0.));
#5988=DIRECTION('',(0.,0.,1.));
#5989=DIRECTION('',(1.,0.,0.));
#5990=DIRECTION('',(-1.,0.,0.));
#5991=DIRECTION('',(0.,0.,1.));
#5992=DIRECTION('',(0.,0.,1.));
#5993=DIRECTION('',(-6.12323399573677E-17,1.,-1.0842021724855E-16));
#5994=DIRECTION('',(0.,-1.92747052886312E-16,1.));
#5995=DIRECTION('',(0.,-1.,0.));
#5996=DIRECTION('',(0.,0.,1.));
#5997=DIRECTION('',(0.,-1.,0.));
#5998=DIRECTION('',(0.,0.,1.));
#5999=DIRECTION('',(0.,-1.,0.));
#6000=DIRECTION('',(6.12323399573677E-17,-1.,0.));
#6001=DIRECTION('',(1.,6.12323399573677E-17,0.));
#6002=DIRECTION('',(-1.,-6.12323399573677E-17,0.));
#6003=DIRECTION('',(0.,0.,1.));
#6004=DIRECTION('',(-1.,-6.12323399573677E-17,0.));
#6005=DIRECTION('',(0.,0.,1.));
#6006=DIRECTION('',(-1.,-6.12323399573677E-17,0.));
#6007=DIRECTION('',(6.12323399573677E-17,-1.,0.));
#6008=DIRECTION('',(1.,0.,0.));
#6009=DIRECTION('',(0.,0.,-1.));
#6010=DIRECTION('',(-1.,-6.12323399573677E-17,0.));
#6011=DIRECTION('',(6.12323399573677E-17,-1.,0.));
#6012=DIRECTION('',(-1.,-6.12323399573677E-17,0.));
#6013=DIRECTION('',(-1.,-6.12323399573677E-17,0.));
#6014=DIRECTION('',(6.12323399573677E-17,-1.,0.));
#6015=DIRECTION('',(1.,0.,0.));
#6016=DIRECTION('',(0.,0.,-1.));
#6017=DIRECTION('',(-1.,-6.12323399573677E-17,0.));
#6018=DIRECTION('',(-1.,-6.12323399573677E-17,0.));
#6019=DIRECTION('',(6.12323399573677E-17,-1.,0.));
#6020=DIRECTION('',(-1.,-6.12323399573677E-17,0.));
#6021=DIRECTION('',(6.12323399573677E-17,-1.,0.));
#6022=DIRECTION('',(1.,6.12323399573677E-17,0.));
#6023=DIRECTION('',(0.,0.,1.));
#6024=DIRECTION('',(0.,0.,1.));
#6025=DIRECTION('',(-1.,-6.12323399573677E-17,0.));
#6026=DIRECTION('',(-1.,-6.12323399573677E-17,0.));
#6027=DIRECTION('',(6.12323399573677E-17,-1.,0.));
#6028=DIRECTION('',(1.,0.,0.));
#6029=DIRECTION('',(0.,0.,-1.));
#6030=DIRECTION('',(-1.,-6.12323399573677E-17,0.));
#6031=DIRECTION('',(6.12323399573677E-17,-1.,0.));
#6032=DIRECTION('',(-1.,-6.12323399573677E-17,0.));
#6033=DIRECTION('',(0.,0.,1.));
#6034=DIRECTION('',(1.,0.,0.));
#6035=DIRECTION('',(0.,1.,0.));
#6036=DIRECTION('',(-6.12323399573677E-17,1.,0.));
#6037=DIRECTION('',(-1.,-6.12323399573677E-17,0.));
#6038=DIRECTION('',(-1.,-6.12323399573677E-17,0.));
#6039=DIRECTION('',(6.12323399573677E-17,-1.,0.));
#6040=DIRECTION('',(1.,0.,0.));
#6041=DIRECTION('',(0.,0.,-1.));
#6042=DIRECTION('',(-1.,-6.12323399573677E-17,0.));
#6043=DIRECTION('',(6.12323399573677E-17,-1.,0.));
#6044=DIRECTION('',(1.,6.12323399573677E-17,0.));
#6045=DIRECTION('',(-6.12323399573677E-17,1.,0.));
#6046=DIRECTION('',(6.12323399573677E-17,-1.,0.));
#6047=DIRECTION('',(0.,0.,-1.));
#6048=DIRECTION('',(6.12323399573677E-17,-1.,0.));
#6049=DIRECTION('',(0.,0.,-1.));
#6050=DIRECTION('',(-6.12323399573677E-17,1.,-1.0842021724855E-16));
#6051=DIRECTION('',(0.,1.,0.));
#6052=DIRECTION('',(0.,0.,1.));
#6053=DIRECTION('',(1.,0.,0.));
#6054=DIRECTION('',(0.,0.,-1.));
#6055=DIRECTION('',(1.,0.,0.));
#6056=DIRECTION('',(0.,1.,0.));
#6057=DIRECTION('',(0.,0.,1.));
#6058=DIRECTION('',(1.,0.,0.));
#6059=DIRECTION('',(1.,0.,0.));
#6060=DIRECTION('',(0.,0.,-1.));
#6061=DIRECTION('',(1.,0.,0.));
#6062=DIRECTION('',(0.,0.,-1.));
#6063=DIRECTION('',(0.,-1.,0.));
#6064=DIRECTION('',(0.,-1.,0.));
#6065=DIRECTION('',(0.,0.,1.));
#6066=DIRECTION('',(1.,0.,0.));
#6067=DIRECTION('',(0.,0.,1.));
#6068=DIRECTION('',(1.,0.,0.));
#6069=DIRECTION('',(-1.,0.,0.));
#6070=DIRECTION('',(-1.,0.,0.));
#6071=DIRECTION('',(0.,-1.,0.));
#6072=DIRECTION('',(1.,1.86845119739E-16,0.));
#6073=DIRECTION('',(-1.,0.,0.));
#6074=DIRECTION('',(0.,1.,0.));
#6075=DIRECTION('',(0.,0.,1.));
#6076=DIRECTION('',(1.,0.,0.));
#6077=DIRECTION('',(0.,0.,1.));
#6078=DIRECTION('',(1.,0.,0.));
#6079=DIRECTION('',(0.,0.,1.));
#6080=DIRECTION('',(1.,0.,0.));
#6081=DIRECTION('',(0.,0.,1.));
#6082=DIRECTION('',(1.,0.,0.));
#6083=DIRECTION('',(0.,0.,1.));
#6084=DIRECTION('',(1.,0.,0.));
#6085=DIRECTION('',(0.,0.,-1.));
#6086=DIRECTION('',(-1.,0.,0.));
#6087=DIRECTION('',(0.,0.,-1.));
#6088=DIRECTION('',(-1.,0.,0.));
#6089=DIRECTION('',(0.,0.,1.));
#6090=DIRECTION('',(1.,0.,0.));
#6091=DIRECTION('',(0.,0.,-1.));
#6092=DIRECTION('',(-1.,0.,0.));
#6093=DIRECTION('',(0.,0.,-1.));
#6094=DIRECTION('',(-1.,0.,0.));
#6095=DIRECTION('',(0.,0.,1.));
#6096=DIRECTION('',(1.,0.,0.));
#6097=DIRECTION('',(0.,0.,-1.));
#6098=DIRECTION('',(-1.,0.,0.));
#6099=DIRECTION('',(0.,0.,-1.));
#6100=DIRECTION('',(-1.,0.,0.));
#6101=DIRECTION('',(0.,0.,1.));
#6102=DIRECTION('',(1.,0.,0.));
#6103=DIRECTION('',(1.,0.,0.));
#6104=DIRECTION('',(1.,1.86845119739E-16,0.));
#6105=DIRECTION('',(0.,-1.,0.));
#6106=DIRECTION('',(0.,-1.,0.));
#6107=DIRECTION('',(0.,0.,-1.));
#6108=DIRECTION('',(0.,0.,1.));
#6109=DIRECTION('',(-1.,0.,0.));
#6110=DIRECTION('',(0.,0.,1.));
#6111=DIRECTION('',(0.,0.,1.));
#6112=DIRECTION('',(1.86845119739E-16,-1.,0.));
#6113=DIRECTION('',(1.,1.86845119739E-16,0.));
#6114=DIRECTION('',(0.,0.,1.));
#6115=DIRECTION('',(1.,0.,0.));
#6116=DIRECTION('',(0.,0.,-1.));
#6117=DIRECTION('',(-1.,0.,0.));
#6118=DIRECTION('',(0.,0.,-1.));
#6119=DIRECTION('',(-1.,0.,0.));
#6120=DIRECTION('',(-6.6388236008149E-33,1.0842021724855E-16,1.));
#6121=DIRECTION('',(0.,-1.,1.0842021724855E-16));
#6122=DIRECTION('',(1.,0.,0.));
#6123=DIRECTION('',(-6.12323399573677E-17,1.,-1.0842021724855E-16));
#6124=DIRECTION('',(-6.12323399573677E-17,1.,-1.0842021724855E-16));
#6125=DIRECTION('',(1.,0.,0.));
#6126=DIRECTION('',(1.,0.,0.));
#6127=DIRECTION('',(0.,1.,0.));
#6128=DIRECTION('',(0.,-1.92747052886312E-16,1.));
#6129=DIRECTION('',(0.,0.,1.));
#6130=DIRECTION('',(0.,1.,0.));
#6131=DIRECTION('',(0.,0.,1.));
#6132=DIRECTION('',(0.,1.,1.92747052886312E-16));
#6133=DIRECTION('',(0.,-1.92747052886312E-16,1.));
#6134=DIRECTION('',(0.,0.,1.));
#6135=DIRECTION('',(1.,0.,0.));
#6136=DIRECTION('',(0.,0.,1.));
#6137=DIRECTION('',(1.,0.,0.));
#6138=DIRECTION('',(0.,0.,1.));
#6139=DIRECTION('',(1.,0.,0.));
#6140=DIRECTION('',(0.,0.,1.));
#6141=DIRECTION('',(1.,0.,0.));
#6142=CARTESIAN_POINT('',(0.,0.,0.));
#6143=CARTESIAN_POINT('',(0.01135,-3.93782229046733E-17,0.001));
#6144=CARTESIAN_POINT('',(0.0140973778277574,0.00549475565551496,-0.00174737782775749));
#6145=CARTESIAN_POINT('',(0.01135,0.00824213348327241,0.001));
#6146=CARTESIAN_POINT('',(0.01105,0.0085421334832724,0.0013));
#6147=CARTESIAN_POINT('',(0.01105,-3.83373888190872E-17,0.0013));
#6148=CARTESIAN_POINT('',(0.01105,0.0095421334832724,0.0013));
#6149=CARTESIAN_POINT('',(0.0080692888389092,0.00656142232218161,0.00428071116109083));
#6150=CARTESIAN_POINT('',(0.01135,0.0098421334832724,0.001));
#6151=CARTESIAN_POINT('',(0.01135,-3.93782229046733E-17,0.001));
#6152=CARTESIAN_POINT('',(0.,0.0095421334832724,0.0013));
#6153=CARTESIAN_POINT('',(0.00656928883890922,0.00656142232218163,0.00428071116109081));
#6154=CARTESIAN_POINT('',(0.00955,0.0095421334832724,0.0013));
#6155=CARTESIAN_POINT('',(0.00985,0.0098421334832724,0.001));
#6156=CARTESIAN_POINT('',(0.00955,0.0098421334832724,0.001));
#6157=CARTESIAN_POINT('',(0.01105,0.0095421334832724,0.0013));
#6158=CARTESIAN_POINT('',(0.,0.00824213348327241,0.001));
#6159=CARTESIAN_POINT('',(0.00656666666666669,0.0115254668166057,0.00428333333333334));
#6160=CARTESIAN_POINT('',(0.00985,0.00824213348327241,0.001));
#6161=CARTESIAN_POINT('',(0.00955,0.0085421334832724,0.0013));
#6162=CARTESIAN_POINT('',(0.,0.0085421334832724,0.0013));
#6163=CARTESIAN_POINT('',(0.,0.00824213348327241,0.001));
#6164=CARTESIAN_POINT('',(0.00985,0.,0.001));
#6165=CARTESIAN_POINT('',(0.00606928883890923,0.00756142232218164,0.00478071116109082));
#6166=CARTESIAN_POINT('',(0.00955,0.0110421334832724,0.0013));
#6167=CARTESIAN_POINT('',(0.00985,0.0113421334832724,0.001));
#6168=CARTESIAN_POINT('',(0.00985,0.,0.001));
#6169=CARTESIAN_POINT('',(0.00955,0.,0.0013));
#6170=CARTESIAN_POINT('',(0.00985,0.,0.001));
#6171=CARTESIAN_POINT('',(0.00656666666666669,0.0100254668166057,0.00428333333333334));
#6172=CARTESIAN_POINT('',(0.00985,0.00674213348327241,0.001));
#6173=CARTESIAN_POINT('',(0.00955,0.0070421334832724,0.0013));
#6174=CARTESIAN_POINT('',(0.00955,0.,0.0013));
#6175=CARTESIAN_POINT('',(0.00985,0.,0.001));
#6176=CARTESIAN_POINT('',(0.,0.0110421334832724,0.0013));
#6177=CARTESIAN_POINT('',(0.0057,0.0138921334832724,-0.00155));
#6178=CARTESIAN_POINT('',(0.00855,0.0110421334832724,0.0013));
#6179=CARTESIAN_POINT('',(0.00825,0.0113421334832724,0.001));
#6180=CARTESIAN_POINT('',(0.00855,0.0113421334832724,0.001));
#6181=CARTESIAN_POINT('',(0.00955,0.0110421334832724,0.0013));
#6182=CARTESIAN_POINT('',(0.,0.00674213348327241,0.001));
#6183=CARTESIAN_POINT('',(0.00620262217224255,0.00469475565551496,-0.00104737782775748));
#6184=CARTESIAN_POINT('',(0.00825,0.00674213348327241,0.001));
#6185=CARTESIAN_POINT('',(0.00855,0.0070421334832724,0.0013));
#6186=CARTESIAN_POINT('',(0.,0.0070421334832724,0.0013));
#6187=CARTESIAN_POINT('',(0.,0.00674213348327241,0.001));
#6188=CARTESIAN_POINT('',(0.00855,0.,0.0013));
#6189=CARTESIAN_POINT('',(0.0057,0.0123921334832724,-0.00155));
#6190=CARTESIAN_POINT('',(0.00855,0.0095421334832724,0.0013));
#6191=CARTESIAN_POINT('',(0.00825,0.0098421334832724,0.001));
#6192=CARTESIAN_POINT('',(0.00825,0.0095421334832724,0.001));
#6193=CARTESIAN_POINT('',(0.00855,0.0110421334832724,0.0013));
#6194=CARTESIAN_POINT('',(0.00855,0.,0.0013));
#6195=CARTESIAN_POINT('',(0.00570262217224255,0.00569475565551496,-0.00154737782775748));
#6196=CARTESIAN_POINT('',(0.00825,0.00824213348327241,0.001));
#6197=CARTESIAN_POINT('',(0.00855,0.0085421334832724,0.0013));
#6198=CARTESIAN_POINT('',(0.00855,0.0085421334832724,0.0013));
#6199=CARTESIAN_POINT('',(0.00825,0.0070421334832724,0.001));
#6200=CARTESIAN_POINT('',(0.,0.0095421334832724,0.0013));
#6201=CARTESIAN_POINT('',(0.0047,0.0118921334832724,-0.00105));
#6202=CARTESIAN_POINT('',(0.00705,0.0095421334832724,0.0013));
#6203=CARTESIAN_POINT('',(0.00675,0.0098421334832724,0.001));
#6204=CARTESIAN_POINT('',(0.00705,0.0098421334832724,0.001));
#6205=CARTESIAN_POINT('',(0.00855,0.0095421334832724,0.0013));
#6206=CARTESIAN_POINT('',(0.,0.00824213348327241,0.001));
#6207=CARTESIAN_POINT('',(0.00420262217224255,0.00569475565551496,-0.00154737782775748));
#6208=CARTESIAN_POINT('',(0.00675,0.00824213348327241,0.001));
#6209=CARTESIAN_POINT('',(0.00705,0.0085421334832724,0.0013));
#6210=CARTESIAN_POINT('',(0.,0.0085421334832724,0.0013));
#6211=CARTESIAN_POINT('',(0.,0.00824213348327241,0.001));
#6212=CARTESIAN_POINT('',(0.00705,0.,0.0013));
#6213=CARTESIAN_POINT('',(0.00705,0.0095421334832724,0.0013));
#6214=CARTESIAN_POINT('',(0.00675,0.0085421334832724,0.001));
#6215=CARTESIAN_POINT('',(0.00905,0.0181,0.0463525));
#6216=CARTESIAN_POINT('',(0.00905,0.0085421334832724,0.0463525));
#6217=CARTESIAN_POINT('',(0.01105,0.0085421334832724,0.0080521833400819));
#6218=CARTESIAN_POINT('',(0.00955,0.0085421334832724,0.00800325937844402));
#6219=CARTESIAN_POINT('',(0.00955,0.0181,0.00800325937844402));
#6220=CARTESIAN_POINT('',(0.00955,0.0070421334832724,0.00800325937844401));
#6221=CARTESIAN_POINT('',(0.00905,0.0070421334832724,0.0463525));
#6222=CARTESIAN_POINT('',(0.00855,0.0070421334832724,0.00800325937844402));
#6223=CARTESIAN_POINT('',(0.00855,0.0181,0.00800325937844402));
#6224=CARTESIAN_POINT('',(0.00855,0.0085421334832724,0.00800325937844401));
#6225=CARTESIAN_POINT('',(0.00905,0.0085421334832724,0.0463525));
#6226=CARTESIAN_POINT('',(0.00705,0.0085421334832724,0.00805218334008191));
#6227=CARTESIAN_POINT('',(0.00705,0.0181,0.00805218334008191));
#6228=CARTESIAN_POINT('',(0.00705,0.0095421334832724,0.0080521833400819));
#6229=CARTESIAN_POINT('',(0.00905,0.0095421334832724,0.0463525));
#6230=CARTESIAN_POINT('',(0.00855,0.0095421334832724,0.00800325937844402));
#6231=CARTESIAN_POINT('',(0.00855,0.0181,0.00800325937844402));
#6232=CARTESIAN_POINT('',(0.00855,0.0110421334832724,0.00800325937844401));
#6233=CARTESIAN_POINT('',(0.00905,0.0110421334832724,0.0463525));
#6234=CARTESIAN_POINT('',(0.00955,0.0110421334832724,0.00800325937844402));
#6235=CARTESIAN_POINT('',(0.00955,0.0181,0.00800325937844402));
#6236=CARTESIAN_POINT('',(0.00955,0.0095421334832724,0.00800325937844401));
#6237=CARTESIAN_POINT('',(0.00905,0.0095421334832724,0.0463525));
#6238=CARTESIAN_POINT('',(0.01105,0.0095421334832724,0.0080521833400819));
#6239=CARTESIAN_POINT('',(0.01105,0.0181,0.00805218334008191));
#6240=CARTESIAN_POINT('',(0.,0.,0.001));
#6241=CARTESIAN_POINT('',(0.00905,0.0090421334832724,0.001));
#6242=CARTESIAN_POINT('',(0.00905,0.0120421334832724,0.001));
#6243=CARTESIAN_POINT('',(0.01105,-3.83373888190872E-17,0.0102355717955513));
#6244=CARTESIAN_POINT('',(0.01105,0.0095421334832724,0.0102355717955513));
#6245=CARTESIAN_POINT('',(0.01105,0.0085421334832724,0.0102355717955513));
#6246=CARTESIAN_POINT('',(0.,0.0095421334832724,0.0102355717955513));
#6247=CARTESIAN_POINT('',(0.00955,0.0095421334832724,0.0102355717955513));
#6248=CARTESIAN_POINT('',(0.00955,0.,0.0102355717955513));
#6249=CARTESIAN_POINT('',(0.00955,0.0110421334832724,0.0102355717955513));
#6250=CARTESIAN_POINT('',(0.,0.0110421334832724,0.0102355717955513));
#6251=CARTESIAN_POINT('',(0.00855,0.0110421334832724,0.0102355717955513));
#6252=CARTESIAN_POINT('',(0.00855,0.,0.0102355717955513));
#6253=CARTESIAN_POINT('',(0.00855,0.0095421334832724,0.0102355717955513));
#6254=CARTESIAN_POINT('',(0.,0.0095421334832724,0.0102355717955513));
#6255=CARTESIAN_POINT('',(0.00705,0.0095421334832724,0.0102355717955513));
#6256=CARTESIAN_POINT('',(0.00705,0.,0.0102355717955513));
#6257=CARTESIAN_POINT('',(0.00705,0.0085421334832724,0.0102355717955513));
#6258=CARTESIAN_POINT('',(0.,0.0085421334832724,0.0102355717955513));
#6259=CARTESIAN_POINT('',(0.00855,0.0085421334832724,0.0102355717955513));
#6260=CARTESIAN_POINT('',(0.00855,0.,0.0102355717955513));
#6261=CARTESIAN_POINT('',(0.00855,0.0070421334832724,0.0102355717955513));
#6262=CARTESIAN_POINT('',(0.,0.0070421334832724,0.0102355717955513));
#6263=CARTESIAN_POINT('',(0.00955,0.0070421334832724,0.0102355717955513));
#6264=CARTESIAN_POINT('',(0.00955,0.,0.0102355717955513));
#6265=CARTESIAN_POINT('',(0.00955,0.0085421334832724,0.0102355717955513));
#6266=CARTESIAN_POINT('',(0.,0.0085421334832724,0.0102355717955513));
#6267=CARTESIAN_POINT('',(0.0045969952585423,0.00379939454373219,0.00977002461871183));
#6268=CARTESIAN_POINT('',(0.00458483315224109,0.00351774181874665,0.009771505052074));
#6269=CARTESIAN_POINT('',(0.00454866198680814,0.0034230395789847,0.00950844327495749));
#6270=CARTESIAN_POINT('',(0.00442545808489416,0.0038069930798419,0.00979090499489278));
#6271=CARTESIAN_POINT('',(0.00437820407012192,0.003532365901655,0.00979671448758888));
#6272=CARTESIAN_POINT('',(0.00432781207480033,0.00343526395445949,0.00954239987349857));
#6273=CARTESIAN_POINT('',(0.00425478579012622,0.00384987895887277,0.00981297214259679));
#6274=CARTESIAN_POINT('',(0.0041706150233223,0.00358694726272102,0.0098238744044209));
#6275=CARTESIAN_POINT('',(0.00410707837785531,0.00349172301221084,0.00957473461909973));
#6276=CARTESIAN_POINT('',(0.00402251071603562,0.00396338543993935,0.00984445687896632));
#6277=CARTESIAN_POINT('',(0.00388821514756923,0.00372358567948877,0.00986291437864703));
#6278=CARTESIAN_POINT('',(0.00380508834030192,0.00363757058960511,0.00961537789785219));
#6279=CARTESIAN_POINT('',(0.00394966005652707,0.00400879299518033,0.00985458150143458));
#6280=CARTESIAN_POINT('',(0.00379908875384635,0.00377774629813297,0.009875593722824));
#6281=CARTESIAN_POINT('',(0.00371008992218768,0.00369558987432477,0.00962752215604846));
#6282=CARTESIAN_POINT('',(0.00381295212969033,0.00411453046756745,0.00987394668615552));
#6283=CARTESIAN_POINT('',(0.00363088037410989,0.00390288883571718,0.00990005599977659));
#6284=CARTESIAN_POINT('',(0.00353124325871139,0.00383016294407879,0.00964886355377809));
#6285=CARTESIAN_POINT('',(0.00374921411179321,0.00417508992376519,0.00988317459794641));
#6286=CARTESIAN_POINT('',(0.00355168680580648,0.00397441647269793,0.00991186370645209));
#6287=CARTESIAN_POINT('',(0.00344754230581401,0.00390700217734729,0.00965801808232119));
#6288=CARTESIAN_POINT('',(0.00357948313358018,0.00437113380934793,0.00990811385181321));
#6289=CARTESIAN_POINT('',(0.00333760371030208,0.00420631779077147,0.00994433079595443));
#6290=CARTESIAN_POINT('',(0.00322370922076809,0.00415518940520515,0.00967971072847313));
#6291=CARTESIAN_POINT('',(0.00349090331267875,0.00452575756458754,0.00992165187607653));
#6292=CARTESIAN_POINT('',(0.00322238047950393,0.00438975868136502,0.00996259737925322));
#6293=CARTESIAN_POINT('',(0.00310547470814759,0.00435024958495481,0.00968693830920986));
#6294=CARTESIAN_POINT('',(0.00337405205265438,0.00485352265244386,0.00993967443116523));
#6295=CARTESIAN_POINT('',(0.0030606132354902,0.00478060262445957,0.00998850004342723));
#6296=CARTESIAN_POINT('',(0.00294652396454031,0.00476316257238174,0.00968675258883618));
#6297=CARTESIAN_POINT('',(0.00334430107345237,0.00503046600802322,0.00994437239077527));
#6298=CARTESIAN_POINT('',(0.00301274409842782,0.00499454401581978,0.00999633233466276));
#6299=CARTESIAN_POINT('',(0.00290368091409125,0.00498565313107834,0.00967893638030417));
#6300=CARTESIAN_POINT('',(0.00334430106915043,0.00520597465472891,0.00994437239144945));
#6301=CARTESIAN_POINT('',(0.00299952136079648,0.00520597465472891,0.0099984045359883));
#6302=CARTESIAN_POINT('',(0.00289924043980954,0.00520597465472891,0.00966413479936515));
#6303=CARTESIAN_POINT('',(0.003282370953898,0.00520597465472891,0.0095491956451386));
#6304=CARTESIAN_POINT('',(0.00334430106915042,0.00520597465472891,0.00994437239144944));
#6305=CARTESIAN_POINT('',(0.00289924043980954,0.0052059746547289,0.00966413479936514));
#6306=CARTESIAN_POINT('',(0.00289924043980954,0.00520597465472891,0.00966413479936515));
#6307=CARTESIAN_POINT('',(0.00290812138837295,0.00476533160742777,0.00969373796124319));
#6308=CARTESIAN_POINT('',(0.00323832077934801,0.00387305253791881,0.00969545071210226));
#6309=CARTESIAN_POINT('',(0.00410696216279251,0.00344748832993427,0.00957635647203965));
#6310=CARTESIAN_POINT('',(0.00454866198680814,0.0034230395789847,0.00950844327495749));
#6311=CARTESIAN_POINT('',(0.00454866198680814,0.0034230395789847,0.00950844327495749));
#6312=CARTESIAN_POINT('',(0.00454866198680814,0.00379939454373219,0.00937295548764839));
#6313=CARTESIAN_POINT('',(0.0045969952585423,0.00379939454373219,0.00977002461871183));
#6314=CARTESIAN_POINT('',(0.00334430106915029,0.0052059746547289,0.00994437239144945));
#6315=CARTESIAN_POINT('',(0.00334430106915029,0.00484912887184634,0.00994437239144945));
#6316=CARTESIAN_POINT('',(0.00358612351414054,0.00415411093315809,0.00990501675417103));
#6317=CARTESIAN_POINT('',(0.00424485384385767,0.0038149932342798,0.00981288906057669));
#6318=CARTESIAN_POINT('',(0.00459699525854233,0.0037993945437322,0.00977002461871182));
#6319=CARTESIAN_POINT('',(0.00905,0.00332383333702647,0.00923287038062908));
#6320=CARTESIAN_POINT('',(0.00905,0.00337608560998595,0.00937801558329432));
#6321=CARTESIAN_POINT('',(0.00905,0.00354686641198502,0.0095));
#6322=CARTESIAN_POINT('',(0.00905,0.00370113056817876,0.0095));
#6323=CARTESIAN_POINT('',(0.0105542516186796,0.00332383333698447,0.00923287038051233));
#6324=CARTESIAN_POINT('',(0.0105476316992612,0.0033760856125746,0.00937801559048941));
#6325=CARTESIAN_POINT('',(0.010540223983153,0.00354686640422145,0.00950000000001145));
#6326=CARTESIAN_POINT('',(0.010537981592673,0.00370113056818267,0.0095));
#6327=CARTESIAN_POINT('',(0.0120584652042766,0.0033566696411136,0.00932408233642668));
#6328=CARTESIAN_POINT('',(0.0120452252638216,0.00340881026233886,0.00946891739538488));
#6329=CARTESIAN_POINT('',(0.0120304099285509,0.0035796529767106,0.00959049969695983));
#6330=CARTESIAN_POINT('',(0.0120259254827945,0.00373396485750198,0.00959022702782217));
#6331=CARTESIAN_POINT('',(0.0135516956029211,0.00342210334848541,0.0095058426346817));
#6332=CARTESIAN_POINT('',(0.0135318658859287,0.00347402090741801,0.00965005807616114));
#6333=CARTESIAN_POINT('',(0.0135096722381529,0.00364498719302199,0.00977083622028029));
#6334=CARTESIAN_POINT('',(0.0135030047414577,0.00379939454373218,0.00977002461871183));
#6335=CARTESIAN_POINT('',(0.00905,0.00370113056817876,0.0091));
#6336=CARTESIAN_POINT('',(0.00905,0.00332477560343127,0.00923548778730909));
#6337=CARTESIAN_POINT('',(0.00905,0.00370113056817876,0.0095));
#6338=CARTESIAN_POINT('',(0.00904915924177067,0.0152070869682262,0.0422419082450718));
#6339=CARTESIAN_POINT('',(0.0135513380131919,0.0034230395789847,0.00950844327495749));
#6340=CARTESIAN_POINT('',(0.0135513380131919,0.00379939454373219,0.0093729554876484));
#6341=CARTESIAN_POINT('',(0.0135030047414577,0.00379939454373219,0.00977002461871183));
#6342=CARTESIAN_POINT('',(0.00904999999999999,0.00370113056817876,0.00949999999999999));
#6343=CARTESIAN_POINT('',(0.0105361488986365,0.00370113056817876,0.00949999999999999));
#6344=CARTESIAN_POINT('',(0.0120241278122986,0.00373388522669657,0.00959000820623727));
#6345=CARTESIAN_POINT('',(0.0135030047414577,0.0037993945437322,0.00977002461871182));
#6346=CARTESIAN_POINT('',(0.003282370953898,0.0181,0.0095491956451386));
#6347=CARTESIAN_POINT('',(0.003282370953898,0.0163046317434116,0.0095491956451386));
#6348=CARTESIAN_POINT('',(0.00334430106915042,0.0163046317434116,0.00994437239144944));
#6349=CARTESIAN_POINT('',(0.00289924043980943,0.0163046317434116,0.00966413479936477));
#6350=CARTESIAN_POINT('',(0.00289924043980954,0.,0.00966413479936514));
#6351=CARTESIAN_POINT('',(0.00334430106915042,0.0181,0.00994437239144944));
#6352=CARTESIAN_POINT('',(0.0147525348626306,0.0052059746547289,0.00994387653456693));
#6353=CARTESIAN_POINT('',(0.0148396617710733,0.0052059746547289,0.00995753062613941));
#6354=CARTESIAN_POINT('',(0.014943852510161,0.0052059746547289,0.00994185986414717));
#6355=CARTESIAN_POINT('',(0.0151145761445803,0.0052059746547289,0.00983544723460839));
#6356=CARTESIAN_POINT('',(0.0151754182584558,0.0052059746547289,0.00974860580514729));
#6357=CARTESIAN_POINT('',(0.0152007595601905,0.0052059746547289,0.00966413479936514));
#6358=CARTESIAN_POINT('',(0.0147526754299044,0.00485470553779784,0.00994389856357014));
#6359=CARTESIAN_POINT('',(0.0148359311599657,0.00483469573465162,0.00995694598334275));
#6360=CARTESIAN_POINT('',(0.0149337736789555,0.00481189339647749,0.00994358003841521));
#6361=CARTESIAN_POINT('',(0.0150985321980533,0.0047773721468761,0.00985000565314965));
#6362=CARTESIAN_POINT('',(0.0151610924454713,0.00476679150412579,0.00977257625637562));
#6363=CARTESIAN_POINT('',(0.0151918534823547,0.00476408479382558,0.0096938217254841));
#6364=CARTESIAN_POINT('',(0.0146335872362225,0.00450672235921518,0.0099247200592715));
#6365=CARTESIAN_POINT('',(0.0147064769251875,0.00446876063310903,0.00993580135898132));
#6366=CARTESIAN_POINT('',(0.0147911207424497,0.0044265229877287,0.00992281681249033));
#6367=CARTESIAN_POINT('',(0.0149374745654451,0.00435899699423786,0.00983755236251833));
#6368=CARTESIAN_POINT('',(0.0149960265753743,0.00433523551952838,0.00976750641497129));
#6369=CARTESIAN_POINT('',(0.0150289083325811,0.00432508896072685,0.00969445747124853));
#6370=CARTESIAN_POINT('',(0.0141787525426857,0.00398000084578471,0.00985790464004587));
#6371=CARTESIAN_POINT('',(0.014221552173672,0.00391474360153309,0.009863824978657));
#6372=CARTESIAN_POINT('',(0.0142713630519856,0.00384322373134374,0.00984823041298799));
#6373=CARTESIAN_POINT('',(0.0143621087173324,0.00372500840417828,0.0097673142763866));
#6374=CARTESIAN_POINT('',(0.0144015611075658,0.00368033273160829,0.00970370130339336));
#6375=CARTESIAN_POINT('',(0.0144276231647927,0.00365703076945785,0.00963627230050445));
#6376=CARTESIAN_POINT('',(0.0138517855104599,0.00381757898874387,0.00981247881142792));
#6377=CARTESIAN_POINT('',(0.0138755315156974,0.00374332945277081,0.00981540163132575));
#6378=CARTESIAN_POINT('',(0.0139045146593168,0.00366216855341443,0.00979675569987135));
#6379=CARTESIAN_POINT('',(0.0139594007697503,0.00352724043487728,0.0097111487282945));
#6380=CARTESIAN_POINT('',(0.0139842844573978,0.00347565572345181,0.00964593064858874));
#6381=CARTESIAN_POINT('',(0.014001523841174,0.00344795804036278,0.00957766122322995));
#6382=CARTESIAN_POINT('',(0.0135028836692329,0.00380219836086529,0.00977000988118559));
#6383=CARTESIAN_POINT('',(0.0135062175570985,0.00372499145452175,0.00977041569895265));
#6384=CARTESIAN_POINT('',(0.0135127159058145,0.0036400756704344,0.00974759992674505));
#6385=CARTESIAN_POINT('',(0.0135305051033387,0.00350080130166757,0.00965159628145574));
#6386=CARTESIAN_POINT('',(0.0135414227397569,0.00344899944483083,0.00958055401341898));
#6387=CARTESIAN_POINT('',(0.0135513380131919,0.0034230395789847,0.00950844327495749));
#6388=CARTESIAN_POINT('',(0.014817629046102,0.0052059746547289,0.0095491956451386));
#6389=CARTESIAN_POINT('',(0.0152007595601905,0.00520597465472891,0.00966413479936514));
#6390=CARTESIAN_POINT('',(0.0147556989308496,0.0052059746547289,0.00994437239144944));
#6391=CARTESIAN_POINT('',(0.0135030047414577,0.00379939454373219,0.00977002461871183));
#6392=CARTESIAN_POINT('',(0.0136776807092743,0.00380713210669539,0.00979128706486395));
#6393=CARTESIAN_POINT('',(0.0138480774211128,0.00385071003617177,0.00981334587892653));
#6394=CARTESIAN_POINT('',(0.0140810877997799,0.00396543727589208,0.00984495207571393));
#6395=CARTESIAN_POINT('',(0.0141555845276426,0.0040123514218759,0.0098553156184039));
#6396=CARTESIAN_POINT('',(0.0142914106016735,0.00411843932341533,0.00987457412615417));
#6397=CARTESIAN_POINT('',(0.0143537530509135,0.00417804202042381,0.00988360560776332));
#6398=CARTESIAN_POINT('',(0.0145242147848619,0.0043763964717507,0.00990866756969782));
#6399=CARTESIAN_POINT('',(0.0146103617854972,0.00452799085147523,0.00992184495230348));
#6400=CARTESIAN_POINT('',(0.0147272020984876,0.004858384369657,0.00993986995597815));
#6401=CARTESIAN_POINT('',(0.0147556989308496,0.00503020554237486,0.00994437239144944));
#6402=CARTESIAN_POINT('',(0.0147556989308496,0.0052059746547289,0.00994437239144944));
#6403=CARTESIAN_POINT('',(0.0135513380131919,0.0034230395789847,0.00950844327495749));
#6404=CARTESIAN_POINT('',(0.014001523841174,0.00344795804036278,0.00957766122322995));
#6405=CARTESIAN_POINT('',(0.0148598428356094,0.00387609831309052,0.00969498829739595));
#6406=CARTESIAN_POINT('',(0.0151918534823547,0.00476408479382558,0.0096938217254841));
#6407=CARTESIAN_POINT('',(0.0152007595601905,0.0052059746547289,0.00966413479936514));
#6408=CARTESIAN_POINT('',(0.00334430106915042,0.0163046317434116,0.00994437239144944));
#6409=CARTESIAN_POINT('',(0.00299952136079648,0.0163046317434116,0.00999840453598827));
#6410=CARTESIAN_POINT('',(0.00289924043980954,0.0163046317434116,0.00966413479936514));
#6411=CARTESIAN_POINT('',(0.00334430108480581,0.0164884663326402,0.00994437238899601));
#6412=CARTESIAN_POINT('',(0.00300071712494079,0.0165345375276062,0.00999821714165732));
#6413=CARTESIAN_POINT('',(0.00289963597743656,0.0165411760938449,0.00966545325812188));
#6414=CARTESIAN_POINT('',(0.00338072589894207,0.0166726979508147,0.00993861376039933));
#6415=CARTESIAN_POINT('',(0.0030464963644947,0.0167655752425226,0.00999061640009887));
#6416=CARTESIAN_POINT('',(0.00294691852964649,0.0167782577546902,0.00965761492433597));
#6417=CARTESIAN_POINT('',(0.00348580820410109,0.0169271306401053,0.00992246044715532));
#6418=CARTESIAN_POINT('',(0.00317628648692479,0.0170846961209159,0.00996972718605782));
#6419=CARTESIAN_POINT('',(0.00308261716134452,0.0171056656831233,0.00963339769041688));
#6420=CARTESIAN_POINT('',(0.00352866896599812,0.0170075081192018,0.00991592110409871));
#6421=CARTESIAN_POINT('',(0.00322920341933475,0.0171858990147339,0.0099612825505268));
#6422=CARTESIAN_POINT('',(0.00313790534219431,0.0172090946527909,0.00962339765200925));
#6423=CARTESIAN_POINT('',(0.00362994084588465,0.017159476258156,0.00990071901758211));
#6424=CARTESIAN_POINT('',(0.00335401537148944,0.0173778993552299,0.00994172905150464));
#6425=CARTESIAN_POINT('',(0.00326842497497417,0.0174046384573038,0.00959976010946315));
#6426=CARTESIAN_POINT('',(0.00368872849781815,0.0172311254545435,0.00989200462507587));
#6427=CARTESIAN_POINT('',(0.00342654597312314,0.0174689122807771,0.00993052895896081));
#6428=CARTESIAN_POINT('',(0.00334414003038802,0.0174968285289605,0.00958603633279815));
#6429=CARTESIAN_POINT('',(0.00388110553479859,0.017423434960189,0.00986406235630943));
#6430=CARTESIAN_POINT('',(0.00366455823271827,0.0177154818786026,0.00989462224985547));
#6431=CARTESIAN_POINT('',(0.0035917625795615,0.017744258182047,0.0095414740053628));
#6432=CARTESIAN_POINT('',(0.00403586304857257,0.0175263985038156,0.00984231804042812));
#6433=CARTESIAN_POINT('',(0.00385694880740524,0.0178498426119875,0.00986669959041443));
#6434=CARTESIAN_POINT('',(0.00379077553193757,0.0178767137591657,0.00950607763270305));
#6435=CARTESIAN_POINT('',(0.00436880079161339,0.0176638171321613,0.00979813869987442));
#6436=CARTESIAN_POINT('',(0.00427273338890649,0.0180366171959815,0.00981023442716844));
#6437=CARTESIAN_POINT('',(0.00421861989056791,0.0180534727941556,0.00943256145046952));
#6438=CARTESIAN_POINT('',(0.00455103302208585,0.0176999999902841,0.00977519282167771));
#6439=CARTESIAN_POINT('',(0.00450307833349774,0.0180906143634086,0.00978085011753381));
#6440=CARTESIAN_POINT('',(0.00445266275721508,0.0181,0.00939358569915502));
#6441=CARTESIAN_POINT('',(0.00473238982823149,0.0177,0.00975379785559819));
#6442=CARTESIAN_POINT('',(0.00473238982823149,0.0181,0.00975379785559819));
#6443=CARTESIAN_POINT('',(0.00468552614005002,0.0181,0.00935655259794238));
#6444=CARTESIAN_POINT('',(0.00468552614005002,0.0177,0.00935655259794239));
#6445=CARTESIAN_POINT('',(0.00473238982823149,0.0177,0.0097537978555982));
#6446=CARTESIAN_POINT('',(0.00468552614005001,0.0181,0.00935655259794234));
#6447=CARTESIAN_POINT('',(0.00468552614005002,0.0181,0.00935655259794238));
#6448=CARTESIAN_POINT('',(0.00421979937438014,0.0181,0.00943061880036766));
#6449=CARTESIAN_POINT('',(0.00329344631550317,0.0177197499378396,0.00959366918868293));
#6450=CARTESIAN_POINT('',(0.00290003151506359,0.0167777204442781,0.00966677171687862));
#6451=CARTESIAN_POINT('',(0.00289924043980954,0.0163046317434116,0.00966413479936514));
#6452=CARTESIAN_POINT('',(0.00473238982823155,0.0177,0.00975379785559818));
#6453=CARTESIAN_POINT('',(0.00436268813463684,0.0177,0.00979741218340923));
#6454=CARTESIAN_POINT('',(0.00364688270273997,0.0173970667548004,0.00989526410621709));
#6455=CARTESIAN_POINT('',(0.00334444196033124,0.0166762351145985,0.00994435031169107));
#6456=CARTESIAN_POINT('',(0.00334430106915029,0.0163046317434116,0.00994437239144945));
#6457=CARTESIAN_POINT('',(0.014817629046102,0.0181,0.0095491956451386));
#6458=CARTESIAN_POINT('',(0.014817629046102,0.0163046317434115,0.0095491956451386));
#6459=CARTESIAN_POINT('',(0.0152007595601906,0.0163046317434116,0.00966413479936479));
#6460=CARTESIAN_POINT('',(0.0147556989308496,0.0163046317434115,0.00994437239144944));
#6461=CARTESIAN_POINT('',(0.0147556989308496,0.0181,0.00994437239144944));
#6462=CARTESIAN_POINT('',(0.0152007595601905,0.00532688612695745,0.00966413479936514));
#6463=CARTESIAN_POINT('',(0.00905,0.0177,0.0463525));
#6464=CARTESIAN_POINT('',(0.01341447385995,0.0177,0.00935655259794239));
#6465=CARTESIAN_POINT('',(0.0133676101717685,0.0177,0.0097537978555982));
#6466=CARTESIAN_POINT('',(0.01341447385995,0.0181,0.00935655259794233));
#6467=CARTESIAN_POINT('',(0.00905,0.0181,0.0463525));
#6468=CARTESIAN_POINT('',(0.00905,0.0177,0.0463525));
#6469=CARTESIAN_POINT('',(0.0133676101717685,0.0176964528163949,0.0097537978555982));
#6470=CARTESIAN_POINT('',(0.0133676101717685,0.0177913249178206,0.0097537978555982));
#6471=CARTESIAN_POINT('',(0.0133720044700232,0.0179023683106754,0.00971654909840161));
#6472=CARTESIAN_POINT('',(0.0133903246009036,0.0180603709184617,0.0095612564743195));
#6473=CARTESIAN_POINT('',(0.0134033587185041,0.0181,0.00945077132888041));
#6474=CARTESIAN_POINT('',(0.01341447385995,0.0181,0.00935655259794239));
#6475=CARTESIAN_POINT('',(0.013728382087853,0.0176965366520118,0.00979635872258259));
#6476=CARTESIAN_POINT('',(0.0137523536308841,0.0177891657398373,0.00979918668623903));
#6477=CARTESIAN_POINT('',(0.013784917606331,0.0178964970850055,0.00976741437243334));
#6478=CARTESIAN_POINT('',(0.0138436239034027,0.018052882409715,0.00962589786819719));
#6479=CARTESIAN_POINT('',(0.0138670899162484,0.018095507883602,0.00952228905040217));
#6480=CARTESIAN_POINT('',(0.0138788595886956,0.0181,0.00943040553088159));
#6481=CARTESIAN_POINT('',(0.0140876492082515,0.0175494867491173,0.00984502132305472));
#6482=CARTESIAN_POINT('',(0.0141337873412628,0.0176306427366227,0.00985127684151998));
#6483=CARTESIAN_POINT('',(0.0141915217698349,0.0177238744187833,0.00982521127652455));
#6484=CARTESIAN_POINT('',(0.0142892359626974,0.0178624837849819,0.00969719372372523));
#6485=CARTESIAN_POINT('',(0.0143254582611173,0.0179027549219034,0.00960038942326759));
#6486=CARTESIAN_POINT('',(0.0143415238743944,0.0179103431306162,0.00951147513834795));
#6487=CARTESIAN_POINT('',(0.0146005397811162,0.0170376664346049,0.00991947346375773));
#6488=CARTESIAN_POINT('',(0.0146780663221355,0.017084391827389,0.00993117736009907));
#6489=CARTESIAN_POINT('',(0.0147712610239998,0.0171375515604884,0.00991331810324193));
#6490=CARTESIAN_POINT('',(0.014924764962546,0.0172183727880935,0.00980344842052104));
#6491=CARTESIAN_POINT('',(0.0149798860108969,0.0172434282802073,0.00971544919216062));
#6492=CARTESIAN_POINT('',(0.0150032107114667,0.0172501677670469,0.00963054673472432));
#6493=CARTESIAN_POINT('',(0.0147524536657781,0.0166746037214244,0.00994386380980614));
#6494=CARTESIAN_POINT('',(0.0148392502140355,0.0166982697548082,0.00995746612893069));
#6495=CARTESIAN_POINT('',(0.014942881809456,0.0167252409749228,0.00994204059804475));
#6496=CARTESIAN_POINT('',(0.0151131151330863,0.0167660874649235,0.00983678271601639));
#6497=CARTESIAN_POINT('',(0.0151741298886289,0.0167786127215417,0.00975076933455528));
#6498=CARTESIAN_POINT('',(0.0151999616262782,0.0167818224211021,0.00966679457907267));
#6499=CARTESIAN_POINT('',(0.0147524407466452,0.0163046317434116,0.00994386178518231));
#6500=CARTESIAN_POINT('',(0.0148395833410855,0.0163046317434116,0.00995751833498556));
#6501=CARTESIAN_POINT('',(0.0149437838353051,0.0163046317434116,0.00994188656423249));
#6502=CARTESIAN_POINT('',(0.0151145526062444,0.0163046317434116,0.0098354780026286));
#6503=CARTESIAN_POINT('',(0.0151754136961041,0.0163046317434116,0.00974862101298623));
#6504=CARTESIAN_POINT('',(0.0152007595601905,0.0163046317434116,0.00966413479936513));
#6505=CARTESIAN_POINT('',(0.0152007595601905,0.0163046317434116,0.00966413479936513));
#6506=CARTESIAN_POINT('',(0.0151999616262782,0.0167818224211021,0.00966679457907267));
#6507=CARTESIAN_POINT('',(0.0148053239783741,0.0177195996871121,0.00959342181809514));
#6508=CARTESIAN_POINT('',(0.0138788595886956,0.0181,0.00943040553088159));
#6509=CARTESIAN_POINT('',(0.01341447385995,0.0181,0.00935655259794239));
#6510=CARTESIAN_POINT('',(0.0147556989308496,0.0163046317434115,0.00994437239144944));
#6511=CARTESIAN_POINT('',(0.0147556989308495,0.0164893710773489,0.00994437239144943));
#6512=CARTESIAN_POINT('',(0.0147190018322447,0.0166728694599418,0.00993857297081427));
#6513=CARTESIAN_POINT('',(0.0145805257235926,0.0170091292202707,0.00991728422348047));
#6514=CARTESIAN_POINT('',(0.0144772011363455,0.017164717016269,0.00990158759127924));
#6515=CARTESIAN_POINT('',(0.0142849634364661,0.0173576346297968,0.00987365535125849));
#6516=CARTESIAN_POINT('',(0.01421345560129,0.0174164253676592,0.00986344310271301));
#6517=CARTESIAN_POINT('',(0.0140627192096037,0.0175171592146853,0.00984243025033217));
#6518=CARTESIAN_POINT('',(0.01398301837384,0.0175597817223656,0.00983155695271136));
#6519=CARTESIAN_POINT('',(0.0137307591253423,0.0176641928333956,0.00979807440445414));
#6520=CARTESIAN_POINT('',(0.013551050857206,0.0177,0.00977543866040697));
#6521=CARTESIAN_POINT('',(0.0133676101717685,0.0177,0.0097537978555982));
#6522=CARTESIAN_POINT('',(-3.46954455782581E-5,0.000342117937963307,-0.000115651485260859));
#6523=CARTESIAN_POINT('',(-3.44578544608799E-5,0.000342403047304161,-0.000114859514869599));
#6524=CARTESIAN_POINT('',(-3.42202633435017E-5,0.000342688156645015,-0.000114067544478338));
#6525=CARTESIAN_POINT('',(-3.39826722261235E-5,0.000342973265985869,-0.000113275574087077));
#6526=CARTESIAN_POINT('',(0.000966017327773876,0.00154297326598587,0.00322005775924625));
#6527=CARTESIAN_POINT('',(0.00184707797498245,0.0039433796969364,0.00615692658327483));
#6528=CARTESIAN_POINT('',(0.00284707797498244,0.00514337969693639,0.00949025991660816));
#6529=CARTESIAN_POINT('',(0.00287053479772768,0.00517152788423068,0.00956844932575896));
#6530=CARTESIAN_POINT('',(0.00289399162047292,0.00519967607152496,0.00964663873490976));
#6531=CARTESIAN_POINT('',(0.00291744844321816,0.00522782425881925,0.00972482814406056));
#6532=CARTESIAN_POINT('',(-7.1277335213569E-7,-8.55328022557407E-7,-2.37591117378462E-6));
#6533=CARTESIAN_POINT('',(-4.75182234757488E-7,-5.70218681703564E-7,-1.58394078252395E-6));
#6534=CARTESIAN_POINT('',(-2.37591117379286E-7,-2.85109340849722E-7,-7.91970391263275E-7));
#6535=CARTESIAN_POINT('',(-1.0842021724855E-18,4.11996825544491E-18,-2.60208521396521E-18));
#6536=CARTESIAN_POINT('',(0.000999999999999999,0.0012,0.00333333333333333));
#6537=CARTESIAN_POINT('',(0.002,0.0024,0.00666666666666666));
#6538=CARTESIAN_POINT('',(0.003,0.0036,0.00999999999999999));
#6539=CARTESIAN_POINT('',(0.00302345682274524,0.00362814818729429,0.0100781894091508));
#6540=CARTESIAN_POINT('',(0.00304691364549048,0.00365629637458858,0.0101563788183016));
#6541=CARTESIAN_POINT('',(0.00307037046823572,0.00368444456188286,0.0102345682274524));
#6542=CARTESIAN_POINT('',(0.000348435068510202,-3.42370267841832E-5,-9.51028521783008E-5));
#6543=CARTESIAN_POINT('',(0.000348672659627581,-3.39519174433294E-5,-9.43108817870402E-5));
#6544=CARTESIAN_POINT('',(0.000348910250744959,-3.36668081024755E-5,-9.35189113957795E-5));
#6545=CARTESIAN_POINT('',(0.000349147841862337,-3.33816987616217E-5,-9.27269410045188E-5));
#6546=CARTESIAN_POINT('',(0.00134914784186234,0.00116661830123838,0.00324060639232881));
#6547=CARTESIAN_POINT('',(0.00357116528838052,0.00224978235557269,0.00624939543214634));
#6548=CARTESIAN_POINT('',(0.00457116528838052,0.00344978235557269,0.00958272876547967));
#6549=CARTESIAN_POINT('',(0.00459462211112576,0.00347793054286697,0.00966091817463047));
#6550=CARTESIAN_POINT('',(0.004618078933871,0.00350607873016126,0.00973910758378127));
#6551=CARTESIAN_POINT('',(0.00464153575661624,0.00353422691745555,0.00981729699293206));
#6552=CARTESIAN_POINT('',(0.00454866198680814,0.0034230395789847,0.00950844327495749));
#6553=CARTESIAN_POINT('',(0.003547644696155,0.00224479285836259,0.00623553571767387));
#6554=CARTESIAN_POINT('',(0.00138268683398867,0.00117782940767979,0.00327174835466607));
#6555=CARTESIAN_POINT('',(0.000377304759079608,0.,0.));
#6556=CARTESIAN_POINT('',(0.000377304759079608,2.49303241034321E-18,-1.40653791358517E-19));
#6557=CARTESIAN_POINT('',(-7.36571191058219E-20,0.000384266966544817,0.));
#6558=CARTESIAN_POINT('',(0.000986019921302322,0.00159727321640458,0.00328673307100775));
#6559=CARTESIAN_POINT('',(0.00185842071915727,0.00395699098994619,0.00619473573052424));
#6560=CARTESIAN_POINT('',(0.00284707797498244,0.00514337969693639,0.00949025991660816));
#6561=CARTESIAN_POINT('',(0.00286446546325815,0.00516424468286723,0.00954821821086049));
#6562=CARTESIAN_POINT('',(0.00288185295153384,0.00518510966879807,0.00960617650511281));
#6563=CARTESIAN_POINT('',(0.00289924043980954,0.0052059746547289,0.00966413479936514));
#6564=CARTESIAN_POINT('',(-1.86001484040112E-19,0.000384266966544817,1.79006020459538E-20));
#6565=CARTESIAN_POINT('',(0.000377304759079608,3.60266573377377E-18,-4.72805684787347E-19));
#6566=CARTESIAN_POINT('',(0.000175433725895005,3.6080711237084E-18,-4.72805684787347E-19));
#6567=CARTESIAN_POINT('',(-2.94724089859068E-19,0.000182414792797491,-9.03942973397949E-21));
#6568=CARTESIAN_POINT('',(-3.05338006692311E-19,0.000384266966544817,-9.03942973397949E-21));
#6569=CARTESIAN_POINT('',(0.0133962446574773,0.0181,0.00941565709984026));
#6570=CARTESIAN_POINT('',(0.014407301025605,0.0181,0.00611004610941291));
#6571=CARTESIAN_POINT('',(0.0167235865774164,0.0181,0.00319600387409061));
#6572=CARTESIAN_POINT('',(0.0177168694859116,0.0181,-0.000114939154226536));
#6573=CARTESIAN_POINT('',(0.0177227936384473,0.0181,-0.000134686329345726));
#6574=CARTESIAN_POINT('',(0.0177287177909831,0.0181,-0.000154433504464917));
#6575=CARTESIAN_POINT('',(0.0177346419435188,0.0181,-0.000174180679584108));
#6576=CARTESIAN_POINT('',(0.0151201512745145,0.0181,0.00993282908495145));
#6577=CARTESIAN_POINT('',(0.0161134341830097,0.0181,0.0066218860566343));
#6578=CARTESIAN_POINT('',(0.0171067170915048,0.0181,0.00331094302831715));
#6579=CARTESIAN_POINT('',(0.0181,0.0181,2.60208521396521E-18));
#6580=CARTESIAN_POINT('',(0.0181059241525357,0.0181,-1.97471751191881E-5));
#6581=CARTESIAN_POINT('',(0.0181118483050715,0.0181,-3.94943502383788E-5));
#6582=CARTESIAN_POINT('',(0.0181177724576072,0.0181,-5.92415253575695E-5));
#6583=CARTESIAN_POINT('',(0.0151201512745146,0.0163001886525391,0.00993282908495145));
#6584=CARTESIAN_POINT('',(0.0161134341830097,0.016318744689168,0.0066218860566343));
#6585=CARTESIAN_POINT('',(0.0171067170915049,0.0177,0.00331094302831715));
#6586=CARTESIAN_POINT('',(0.0181,0.0177,2.60208521396521E-18));
#6587=CARTESIAN_POINT('',(0.0181059241525358,0.0177,-1.97471751191881E-5));
#6588=CARTESIAN_POINT('',(0.0181118483050715,0.0177,-3.94943502383789E-5));
#6589=CARTESIAN_POINT('',(0.0181177724576073,0.0177,-5.92415253575696E-5));
#6590=CARTESIAN_POINT('',(0.01341447385995,0.0181,0.00935655259794233));
#6591=CARTESIAN_POINT('',(0.014422988551887,0.0181,0.00611352239520823));
#6592=CARTESIAN_POINT('',(0.0166761862964156,0.0181,0.00324389710825165));
#6593=CARTESIAN_POINT('',(0.017681811303294,0.0181,0.));
#6594=CARTESIAN_POINT('',(0.017681811303294,0.0181,2.84603070277445E-19));
#6595=CARTESIAN_POINT('',(0.0181,0.0177,0.));
#6596=CARTESIAN_POINT('',(0.0171335865200636,0.0177,0.00322137826645469));
#6597=CARTESIAN_POINT('',(0.0161671730401272,0.0163924629801161,0.00644275653290939));
#6598=CARTESIAN_POINT('',(0.0152007595601906,0.0163046317434116,0.00966413479936479));
#6599=CARTESIAN_POINT('',(0.0181,0.0177,0.));
#6600=CARTESIAN_POINT('',(0.017681811303294,0.0181,1.89735380184964E-19));
#6601=CARTESIAN_POINT('',(0.0178979101383805,0.0181,1.89735380184964E-19));
#6602=CARTESIAN_POINT('',(0.0181,0.0179163951812798,5.20417042793042E-18));
#6603=CARTESIAN_POINT('',(0.0181,0.0177,5.20417042793042E-18));
#6604=CARTESIAN_POINT('',(0.0177517444068667,-3.44523972364328E-5,-9.57011034345438E-5));
#6605=CARTESIAN_POINT('',(0.0177514469906237,-3.40954977448294E-5,-9.47097159578676E-5));
#6606=CARTESIAN_POINT('',(0.0177511495743807,-3.3738598253226E-5,-9.37183284811914E-5));
#6607=CARTESIAN_POINT('',(0.0177508521581376,-3.33816987616225E-5,-9.27269410045153E-5));
#6608=CARTESIAN_POINT('',(0.0167508521581376,0.00116661830123838,0.00324060639232882));
#6609=CARTESIAN_POINT('',(0.0145288347116195,0.00224978235557269,0.00624939543214635));
#6610=CARTESIAN_POINT('',(0.0135288347116195,0.00344978235557269,0.00958272876547968));
#6611=CARTESIAN_POINT('',(0.0135053775320643,0.00347793097103884,0.00966091936399679));
#6612=CARTESIAN_POINT('',(0.0134819203525092,0.003506079586505,0.0097391099625139));
#6613=CARTESIAN_POINT('',(0.0134584631729541,0.00353422820197116,0.00981730056103101));
#6614=CARTESIAN_POINT('',(0.018100892248729,-1.07069847480699E-6,-2.97416243002759E-6));
#6615=CARTESIAN_POINT('',(0.018100594832486,-7.13798983203577E-7,-1.98277495335144E-6));
#6616=CARTESIAN_POINT('',(0.018100297416243,-3.56899491600162E-7,-9.91387476675286E-7));
#6617=CARTESIAN_POINT('',(0.0181,3.25260651745651E-18,8.67361737988402E-19));
#6618=CARTESIAN_POINT('',(0.0171,0.0012,0.00333333333333333));
#6619=CARTESIAN_POINT('',(0.0161,0.0024,0.00666666666666666));
#6620=CARTESIAN_POINT('',(0.0151,0.0036,0.01));
#6621=CARTESIAN_POINT('',(0.0150765428204448,0.00362814861546616,0.0100781905985171));
#6622=CARTESIAN_POINT('',(0.0150530856408897,0.00365629723093232,0.0101563811970342));
#6623=CARTESIAN_POINT('',(0.0150296284613346,0.00368444584639848,0.0102345717955513));
#6624=CARTESIAN_POINT('',(0.0181348749209551,0.000341902567511058,-0.000116249736517102));
#6625=CARTESIAN_POINT('',(0.0181345775047121,0.000342259467002661,-0.000115258349040426));
#6626=CARTESIAN_POINT('',(0.0181342800884691,0.000342616366494265,-0.00011426696156375));
#6627=CARTESIAN_POINT('',(0.0181339826722261,0.000342973265985868,-0.000113275574087074));
#6628=CARTESIAN_POINT('',(0.0171339826722261,0.00154297326598587,0.00322005775924626));
#6629=CARTESIAN_POINT('',(0.0162529220250176,0.0039433796969364,0.00615692658327483));
#6630=CARTESIAN_POINT('',(0.0152529220250176,0.00514337969693639,0.00949025991660817));
#6631=CARTESIAN_POINT('',(0.0152294648454624,0.00517152831240255,0.00956845051512528));
#6632=CARTESIAN_POINT('',(0.0152060076659073,0.00519967692786871,0.00964664111364239));
#6633=CARTESIAN_POINT('',(0.0151825504863522,0.00522782554333487,0.0097248317121595));
#6634=CARTESIAN_POINT('',(0.0152007595601905,0.00520597465472891,0.00966413479936514));
#6635=CARTESIAN_POINT('',(0.0152181470484661,0.00518510966879807,0.00960617650511281));
#6636=CARTESIAN_POINT('',(0.0152355345367419,0.00516424468286723,0.00954821821086049));
#6637=CARTESIAN_POINT('',(0.0152529220250176,0.00514337969693639,0.00949025991660817));
#6638=CARTESIAN_POINT('',(0.0162415792808427,0.00395699098994618,0.00619473573052424));
#6639=CARTESIAN_POINT('',(0.0171139800786977,0.00159727321640458,0.00328673307100775));
#6640=CARTESIAN_POINT('',(0.0181,0.000384266966544815,0.));
#6641=CARTESIAN_POINT('',(0.0181,0.000384266966544815,1.81868478969278E-19));
#6642=CARTESIAN_POINT('',(0.0177226952409204,0.,0.));
#6643=CARTESIAN_POINT('',(0.0167173131660113,0.00117782940767979,0.00327174835466607));
#6644=CARTESIAN_POINT('',(0.014552355303845,0.00224479285836259,0.00623553571767387));
#6645=CARTESIAN_POINT('',(0.0135513380131919,0.0034230395789847,0.00950844327495749));
#6646=CARTESIAN_POINT('',(0.0177226952409204,0.,0.));
#6647=CARTESIAN_POINT('',(0.0181,0.000384266966544815,1.21245652646185E-19));
#6648=CARTESIAN_POINT('',(0.0181,0.000182439896795963,1.21245652646185E-19));
#6649=CARTESIAN_POINT('',(0.017924716732742,3.57513856831632E-18,3.16679149198782E-18));
#6650=CARTESIAN_POINT('',(0.0177226952409204,3.50752083477851E-18,3.16679149198782E-18));
#6651=CARTESIAN_POINT('',(0.00297984872548544,0.0163001886525391,0.00993282908495146));
#6652=CARTESIAN_POINT('',(0.00198656581699029,0.016318744689168,0.00662188605663431));
#6653=CARTESIAN_POINT('',(0.000993282908495145,0.0177,0.00331094302831715));
#6654=CARTESIAN_POINT('',(-5.42101086242752E-19,0.0177,1.7347234759768E-18));
#6655=CARTESIAN_POINT('',(-5.92415253575712E-6,0.0177,-1.97471751191869E-5));
#6656=CARTESIAN_POINT('',(-1.18483050715137E-5,0.0177,-3.94943502383755E-5));
#6657=CARTESIAN_POINT('',(-1.77724576072703E-5,0.0177,-5.92415253575641E-5));
#6658=CARTESIAN_POINT('',(0.00297984872548543,0.0181,0.00993282908495144));
#6659=CARTESIAN_POINT('',(0.00198656581699029,0.0181,0.0066218860566343));
#6660=CARTESIAN_POINT('',(0.000993282908495144,0.0181,0.00331094302831715));
#6661=CARTESIAN_POINT('',(-5.42101086242752E-19,0.0181,1.73472347597681E-18));
#6662=CARTESIAN_POINT('',(-5.92415253575712E-6,0.0181,-1.97471751191869E-5));
#6663=CARTESIAN_POINT('',(-1.18483050715137E-5,0.0181,-3.94943502383754E-5));
#6664=CARTESIAN_POINT('',(-1.77724576072703E-5,0.0181,-5.9241525357564E-5));
#6665=CARTESIAN_POINT('',(0.00470375534252274,0.0181,0.00941565709984027));
#6666=CARTESIAN_POINT('',(0.00369269897439496,0.0181,0.00611004610941291));
#6667=CARTESIAN_POINT('',(0.00137641342258361,0.0181,0.00319600387409061));
#6668=CARTESIAN_POINT('',(0.00038313051408846,0.0181,-0.000114939154226536));
#6669=CARTESIAN_POINT('',(0.000377206361552703,0.0181,-0.000134686329345725));
#6670=CARTESIAN_POINT('',(0.000371282209016947,0.0181,-0.000154433504464914));
#6671=CARTESIAN_POINT('',(0.00036535805648119,0.0181,-0.000174180679584102));
#6672=CARTESIAN_POINT('',(0.00289924043980943,0.0163046317434116,0.00966413479936477));
#6673=CARTESIAN_POINT('',(0.00193282695987289,0.016392462980116,0.00644275653290962));
#6674=CARTESIAN_POINT('',(0.000966413479936441,0.0177,0.00322137826645481));
#6675=CARTESIAN_POINT('',(-3.39277409113696E-18,0.0177,0.));
#6676=CARTESIAN_POINT('',(-1.96743758868985E-18,0.0177,1.3010426069826E-18));
#6677=CARTESIAN_POINT('',(0.000418188696706048,0.0181,0.));
#6678=CARTESIAN_POINT('',(0.00142381370358438,0.0181,0.00324389710825166));
#6679=CARTESIAN_POINT('',(0.00367701144811295,0.0181,0.00611352239520821));
#6680=CARTESIAN_POINT('',(0.00468552614005001,0.0181,0.00935655259794234));
#6681=CARTESIAN_POINT('',(0.000418188696706048,0.0181,0.));
#6682=CARTESIAN_POINT('',(-1.2547693374663E-18,0.0177,8.67361737988404E-19));
#6683=CARTESIAN_POINT('',(-1.2547693374663E-18,0.0179162072799587,8.67361737988404E-19));
#6684=CARTESIAN_POINT('',(0.000202239212256447,0.0181,2.34729770343111E-17));
#6685=CARTESIAN_POINT('',(0.000418188696705976,0.0181,2.34729770343111E-17));
#6686=CARTESIAN_POINT('',(0.00905,0.0181,0.0463525));
#6687=CARTESIAN_POINT('',(0.00905,0.0182811396306703,0.0463525));
#6688=CARTESIAN_POINT('',(0.00406370243044528,0.00459142737560081,0.00832552151369566));
#6689=CARTESIAN_POINT('',(0.0140362975695547,0.00459142737560082,0.00832552151369567));
#6690=CARTESIAN_POINT('',(0.00406370243044528,0.00459142737560081,0.00832552151369566));
#6691=CARTESIAN_POINT('',(0.00406370243044528,0.0166,0.00832552151369566));
#6692=CARTESIAN_POINT('',(0.00905,0.0166,0.0463525));
#6693=CARTESIAN_POINT('',(0.0140362975695547,0.0166,0.00832552151369567));
#6694=CARTESIAN_POINT('',(0.0140362975695547,0.00459142737560082,0.00832552151369567));
#6695=CARTESIAN_POINT('',(0.00669661683618406,0.0113913127696766,0.00805881094615406));
#6696=CARTESIAN_POINT('',(0.00905061876708387,0.0123673717167663,0.00797062453474969));
#6697=CARTESIAN_POINT('',(0.0114009080954805,0.0113920012628927,0.00805869091484719));
#6698=CARTESIAN_POINT('',(0.0123739264266955,0.00904509067318198,0.00814689350586968));
#6699=CARTESIAN_POINT('',(0.0114033818478439,0.00669295078222325,0.00805881073058472));
#6700=CARTESIAN_POINT('',(0.00904937223813404,0.00571689526432426,0.00797062453540419));
#6701=CARTESIAN_POINT('',(0.00669909062752097,0.00669226906015541,0.00805869112780179));
#6702=CARTESIAN_POINT('',(0.00572607422154712,0.00903917630789179,0.0081468933987387));
#6703=CARTESIAN_POINT('',(0.00669661683618406,0.0113913127696766,0.00805881094615406));
#6704=CARTESIAN_POINT('',(0.00905061876708387,0.0123673717167663,0.00797062453474969));
#6705=CARTESIAN_POINT('',(0.0114009080954805,0.0113920012628927,0.00805869091484719));
#6706=CARTESIAN_POINT('',(0.00905,0.0120421334832724,0.008));
#6707=CARTESIAN_POINT('',(0.00143673942783173,0.,-0.000431021828349518));
#6708=CARTESIAN_POINT('',(0.00130930440698377,0.001286149747447,-0.00085580523117605));
#6709=CARTESIAN_POINT('',(0.00156604597633658,0.00159423963067037,0.));
#6710=CARTESIAN_POINT('',(0.00156604597633658,0.,0.));
#6711=CARTESIAN_POINT('',(0.00156604597633658,0.0166,0.));
#6712=CARTESIAN_POINT('',(0.00143673942783173,0.0166,-0.000431021828349518));
#6713=CARTESIAN_POINT('',(0.0151687651593242,0.,0.00455062954779727));
#6714=CARTESIAN_POINT('',(0.0165339540236634,0.,0.));
#6715=CARTESIAN_POINT('',(0.0165339540236634,0.00159423963067037,0.));
#6716=CARTESIAN_POINT('',(0.0165339540236634,0.0166,0.));
#6717=CARTESIAN_POINT('',(0.015455011762252,0.00288897034436402,0.00359647420470457));
#6718=CARTESIAN_POINT('',(0.0151687651593242,0.0166,0.00455062954779727));
#6719=CARTESIAN_POINT('',(-3.46944695195361E-18,0.00141133111780309,-0.000508079202409113));
#6720=CARTESIAN_POINT('',(-3.46944695195361E-18,0.00159423963067037,0.));
#6721=CARTESIAN_POINT('',(-3.46944695195361E-18,0.0166,0.01));
#6722=CARTESIAN_POINT('',(0.,0.0166,0.));
#6723=CARTESIAN_POINT('',(0.00905,0.0181,0.0463525));
#6724=CARTESIAN_POINT('',(0.00459699525854233,0.0037993945437322,0.00977002461871182));
#6725=CARTESIAN_POINT('',(0.00607587218770146,0.00373388522669657,0.00959000820623727));
#6726=CARTESIAN_POINT('',(0.00756385110136351,0.00370113056817876,0.00949999999999999));
#6727=CARTESIAN_POINT('',(0.00904999999999999,0.00370113056817876,0.00949999999999999));
#6728=CARTESIAN_POINT('',(-4.15390935720197E-19,0.,1.24617280716059E-19));
#6729=CARTESIAN_POINT('',(0.,0.,0.));
#6730=CARTESIAN_POINT('',(0.0166055045871559,0.,0.00498165137614679));
#6731=CARTESIAN_POINT('',(0.0181,0.,0.));
#6732=CARTESIAN_POINT('',(-3.46944695195361E-18,3.26435896323948E-18,-1.17516922676621E-18));
#6733=CARTESIAN_POINT('',(0.00905084075434787,0.0152070869478271,0.0422419081884066));
#6734=CARTESIAN_POINT('',(0.,0.,0.));
#6735=CARTESIAN_POINT('',(-3.46944695195361E-18,0.0181,0.01));
#6736=CARTESIAN_POINT('',(-3.46944695195361E-18,0.0181,0.));
#6737=CARTESIAN_POINT('',(0.,0.,0.));
#6738=CARTESIAN_POINT('',(0.00454830439707868,0.00342210334848479,0.00950584263467996));
#6739=CARTESIAN_POINT('',(0.00456813411407116,0.00347402090741759,0.00965005807615999));
#6740=CARTESIAN_POINT('',(0.00459032776184711,0.00364498719302137,0.00977083622028029));
#6741=CARTESIAN_POINT('',(0.0045969952585423,0.00379939454373218,0.00977002461871183));
#6742=CARTESIAN_POINT('',(0.0060415347957255,0.00335666964111549,0.00932408233643196));
#6743=CARTESIAN_POINT('',(0.00605477473618061,0.00340881026234143,0.00946891739539095));
#6744=CARTESIAN_POINT('',(0.00606959007145056,0.00357965297671325,0.00959049969696387));
#6745=CARTESIAN_POINT('',(0.0060740745172058,0.00373396485750509,0.00959022702782213));
#6746=CARTESIAN_POINT('',(0.0075457483813187,0.00332383333698384,0.00923287038051059));
#6747=CARTESIAN_POINT('',(0.00755236830073702,0.00337608561257418,0.00937801559048825));
#6748=CARTESIAN_POINT('',(0.00755977601684585,0.00354686640422083,0.00950000000001145));
#6749=CARTESIAN_POINT('',(0.00756201840732679,0.00370113056818267,0.0095));
#6750=CARTESIAN_POINT('',(0.00905,0.00332383333702584,0.00923287038062733));
#6751=CARTESIAN_POINT('',(0.00905000000000002,0.00337608560998553,0.00937801558329316));
#6752=CARTESIAN_POINT('',(0.00905000000000002,0.00354686641198441,0.0095));
#6753=CARTESIAN_POINT('',(0.00905,0.00370113056817876,0.0095));
#6754=CARTESIAN_POINT('',(0.00905,0.0090421334832724,0.0102355717955513));
#6755=CARTESIAN_POINT('',(0.0465700000844754,0.0148163746413141,0.016));
#6756=CARTESIAN_POINT('',(0.0084700000844754,0.0351038746413141,0.016));
#6757=CARTESIAN_POINT('',(0.0084700000844754,0.0148163746413141,0.016));
#6758=CARTESIAN_POINT('',(0.0281633333333333,0.0718125,0.013));
#6759=CARTESIAN_POINT('',(0.0281633333333333,0.0718125,0.016));
#6760=CARTESIAN_POINT('',(0.0164133333333334,0.0718125,0.016));
#6761=CARTESIAN_POINT('',(0.0399133333333333,0.0718125,0.016));
#6762=CARTESIAN_POINT('',(0.0164133333333334,0.0718125,0.013));
#6763=CARTESIAN_POINT('',(0.0164133333333334,0.0718125,0.013));
#6764=CARTESIAN_POINT('',(0.0281633333333333,0.0718125,0.013));
#6765=CARTESIAN_POINT('',(0.0399133333333333,0.0718125,0.013));
#6766=CARTESIAN_POINT('',(0.0399133333333333,0.0718125,0.013));
#6767=CARTESIAN_POINT('',(0.0399133333333333,0.0658125,0.013));
#6768=CARTESIAN_POINT('',(0.0399133333333333,0.0658125,0.016));
#6769=CARTESIAN_POINT('',(0.0399133333333333,0.0598125,0.016));
#6770=CARTESIAN_POINT('',(0.0399133333333333,0.0658125,0.013));
#6771=CARTESIAN_POINT('',(0.0399133333333333,0.0598125,0.013));
#6772=CARTESIAN_POINT('',(0.0399133333333333,0.0598125,0.013));
#6773=CARTESIAN_POINT('',(0.0281633333333333,0.0598125,0.013));
#6774=CARTESIAN_POINT('',(0.0281633333333333,0.0598125,0.016));
#6775=CARTESIAN_POINT('',(0.0164133333333334,0.0598125,0.016));
#6776=CARTESIAN_POINT('',(0.0281633333333333,0.0598125,0.013));
#6777=CARTESIAN_POINT('',(0.0164133333333334,0.0598125,0.013));
#6778=CARTESIAN_POINT('',(0.0164133333333334,0.0598125,0.013));
#6779=CARTESIAN_POINT('',(0.0164133333333334,0.0658125,0.013));
#6780=CARTESIAN_POINT('',(0.0164133333333334,0.0658125,0.016));
#6781=CARTESIAN_POINT('',(0.0164133333333334,0.0658125,0.013));
#6782=CARTESIAN_POINT('',(0.01752,0.0307625,0.013));
#6783=CARTESIAN_POINT('',(0.01752,0.0307625,0.016));
#6784=CARTESIAN_POINT('',(0.01102,0.0307625,0.016));
#6785=CARTESIAN_POINT('',(0.02402,0.0307625,0.016));
#6786=CARTESIAN_POINT('',(0.01102,0.0307625,0.013));
#6787=CARTESIAN_POINT('',(0.01102,0.0307625,0.013));
#6788=CARTESIAN_POINT('',(0.01752,0.0307625,0.013));
#6789=CARTESIAN_POINT('',(0.02402,0.0307625,0.013));
#6790=CARTESIAN_POINT('',(0.02402,0.0307625,0.013));
#6791=CARTESIAN_POINT('',(0.02402,0.0302625,0.013));
#6792=CARTESIAN_POINT('',(0.02402,0.0302625,0.016));
#6793=CARTESIAN_POINT('',(0.02452,0.0302625,0.016));
#6794=CARTESIAN_POINT('',(0.02402,0.0302625,0.013));
#6795=CARTESIAN_POINT('',(0.02452,0.0302625,0.013));
#6796=CARTESIAN_POINT('',(0.02452,0.0302625,0.013));
#6797=CARTESIAN_POINT('',(0.02452,0.0237625,0.013));
#6798=CARTESIAN_POINT('',(0.02452,0.0237625,0.016));
#6799=CARTESIAN_POINT('',(0.02452,0.0172625,0.016));
#6800=CARTESIAN_POINT('',(0.02452,0.0237625,0.013));
#6801=CARTESIAN_POINT('',(0.02452,0.0172625,0.013));
#6802=CARTESIAN_POINT('',(0.02452,0.0172625,0.013));
#6803=CARTESIAN_POINT('',(0.02402,0.0172625,0.013));
#6804=CARTESIAN_POINT('',(0.02402,0.0172625,0.016));
#6805=CARTESIAN_POINT('',(0.02402,0.0167625,0.016));
#6806=CARTESIAN_POINT('',(0.02402,0.0172625,0.013));
#6807=CARTESIAN_POINT('',(0.02402,0.0167625,0.013));
#6808=CARTESIAN_POINT('',(0.02402,0.0167625,0.013));
#6809=CARTESIAN_POINT('',(0.01752,0.0167625,0.013));
#6810=CARTESIAN_POINT('',(0.01752,0.0167625,0.016));
#6811=CARTESIAN_POINT('',(0.01102,0.0167625,0.016));
#6812=CARTESIAN_POINT('',(0.01752,0.0167625,0.013));
#6813=CARTESIAN_POINT('',(0.01102,0.0167625,0.013));
#6814=CARTESIAN_POINT('',(0.01102,0.0167625,0.013));
#6815=CARTESIAN_POINT('',(0.01102,0.0172625,0.013));
#6816=CARTESIAN_POINT('',(0.01102,0.0172625,0.016));
#6817=CARTESIAN_POINT('',(0.01052,0.0172625,0.016));
#6818=CARTESIAN_POINT('',(0.01102,0.0172625,0.013));
#6819=CARTESIAN_POINT('',(0.01052,0.0172625,0.013));
#6820=CARTESIAN_POINT('',(0.01052,0.0172625,0.013));
#6821=CARTESIAN_POINT('',(0.01052,0.0237625,0.013));
#6822=CARTESIAN_POINT('',(0.01052,0.0237625,0.016));
#6823=CARTESIAN_POINT('',(0.01052,0.0302625,0.016));
#6824=CARTESIAN_POINT('',(0.01052,0.0237625,0.013));
#6825=CARTESIAN_POINT('',(0.01052,0.0302625,0.013));
#6826=CARTESIAN_POINT('',(0.01052,0.0302625,0.013));
#6827=CARTESIAN_POINT('',(0.01102,0.0302625,0.013));
#6828=CARTESIAN_POINT('',(0.01102,0.0302625,0.016));
#6829=CARTESIAN_POINT('',(0.01102,0.0302625,0.013));
#6830=CARTESIAN_POINT('',(0.03657,0.0307625,0.013));
#6831=CARTESIAN_POINT('',(0.03657,0.0307625,0.016));
#6832=CARTESIAN_POINT('',(0.03007,0.0307625,0.016));
#6833=CARTESIAN_POINT('',(0.04307,0.0307625,0.016));
#6834=CARTESIAN_POINT('',(0.03007,0.0307625,0.013));
#6835=CARTESIAN_POINT('',(0.03007,0.0307625,0.013));
#6836=CARTESIAN_POINT('',(0.03657,0.0307625,0.013));
#6837=CARTESIAN_POINT('',(0.04307,0.0307625,0.013));
#6838=CARTESIAN_POINT('',(0.04307,0.0307625,0.013));
#6839=CARTESIAN_POINT('',(0.04307,0.0302625,0.013));
#6840=CARTESIAN_POINT('',(0.04307,0.0302625,0.016));
#6841=CARTESIAN_POINT('',(0.04357,0.0302625,0.016));
#6842=CARTESIAN_POINT('',(0.04307,0.0302625,0.013));
#6843=CARTESIAN_POINT('',(0.04357,0.0302625,0.013));
#6844=CARTESIAN_POINT('',(0.04357,0.0302625,0.013));
#6845=CARTESIAN_POINT('',(0.04357,0.0237625,0.013));
#6846=CARTESIAN_POINT('',(0.04357,0.0237625,0.016));
#6847=CARTESIAN_POINT('',(0.04357,0.0172625,0.016));
#6848=CARTESIAN_POINT('',(0.04357,0.0237625,0.013));
#6849=CARTESIAN_POINT('',(0.04357,0.0172625,0.013));
#6850=CARTESIAN_POINT('',(0.04357,0.0172625,0.013));
#6851=CARTESIAN_POINT('',(0.04307,0.0172625,0.013));
#6852=CARTESIAN_POINT('',(0.04307,0.0172625,0.016));
#6853=CARTESIAN_POINT('',(0.04307,0.0167625,0.016));
#6854=CARTESIAN_POINT('',(0.04307,0.0172625,0.013));
#6855=CARTESIAN_POINT('',(0.04307,0.0167625,0.013));
#6856=CARTESIAN_POINT('',(0.04307,0.0167625,0.013));
#6857=CARTESIAN_POINT('',(0.03657,0.0167625,0.013));
#6858=CARTESIAN_POINT('',(0.03657,0.0167625,0.016));
#6859=CARTESIAN_POINT('',(0.03007,0.0167625,0.016));
#6860=CARTESIAN_POINT('',(0.03657,0.0167625,0.013));
#6861=CARTESIAN_POINT('',(0.03007,0.0167625,0.013));
#6862=CARTESIAN_POINT('',(0.03007,0.0167625,0.013));
#6863=CARTESIAN_POINT('',(0.03007,0.0172625,0.013));
#6864=CARTESIAN_POINT('',(0.03007,0.0172625,0.016));
#6865=CARTESIAN_POINT('',(0.02957,0.0172625,0.016));
#6866=CARTESIAN_POINT('',(0.03007,0.0172625,0.013));
#6867=CARTESIAN_POINT('',(0.02957,0.0172625,0.013));
#6868=CARTESIAN_POINT('',(0.02957,0.0172625,0.013));
#6869=CARTESIAN_POINT('',(0.02957,0.0237625,0.013));
#6870=CARTESIAN_POINT('',(0.02957,0.0237625,0.016));
#6871=CARTESIAN_POINT('',(0.02957,0.0302625,0.016));
#6872=CARTESIAN_POINT('',(0.02957,0.0237625,0.013));
#6873=CARTESIAN_POINT('',(0.02957,0.0302625,0.013));
#6874=CARTESIAN_POINT('',(0.02957,0.0302625,0.013));
#6875=CARTESIAN_POINT('',(0.03007,0.0302625,0.013));
#6876=CARTESIAN_POINT('',(0.03007,0.0302625,0.016));
#6877=CARTESIAN_POINT('',(0.03007,0.0302625,0.013));
#6878=CARTESIAN_POINT('',(0.05562,0.0307625,0.013));
#6879=CARTESIAN_POINT('',(0.05562,0.0307625,0.016));
#6880=CARTESIAN_POINT('',(0.04912,0.0307625,0.016));
#6881=CARTESIAN_POINT('',(0.06212,0.0307625,0.016));
#6882=CARTESIAN_POINT('',(0.04912,0.0307625,0.013));
#6883=CARTESIAN_POINT('',(0.04912,0.0307625,0.013));
#6884=CARTESIAN_POINT('',(0.05562,0.0307625,0.013));
#6885=CARTESIAN_POINT('',(0.06212,0.0307625,0.013));
#6886=CARTESIAN_POINT('',(0.06212,0.0307625,0.013));
#6887=CARTESIAN_POINT('',(0.06212,0.0302625,0.013));
#6888=CARTESIAN_POINT('',(0.06212,0.0302625,0.016));
#6889=CARTESIAN_POINT('',(0.06262,0.0302625,0.016));
#6890=CARTESIAN_POINT('',(0.06212,0.0302625,0.013));
#6891=CARTESIAN_POINT('',(0.06262,0.0302625,0.013));
#6892=CARTESIAN_POINT('',(0.06262,0.0302625,0.013));
#6893=CARTESIAN_POINT('',(0.06262,0.0237625,0.013));
#6894=CARTESIAN_POINT('',(0.06262,0.0237625,0.016));
#6895=CARTESIAN_POINT('',(0.06262,0.0172625,0.016));
#6896=CARTESIAN_POINT('',(0.06262,0.0237625,0.013));
#6897=CARTESIAN_POINT('',(0.06262,0.0172625,0.013));
#6898=CARTESIAN_POINT('',(0.06262,0.0172625,0.013));
#6899=CARTESIAN_POINT('',(0.06212,0.0172625,0.013));
#6900=CARTESIAN_POINT('',(0.06212,0.0172625,0.016));
#6901=CARTESIAN_POINT('',(0.06212,0.0167625,0.016));
#6902=CARTESIAN_POINT('',(0.06212,0.0172625,0.013));
#6903=CARTESIAN_POINT('',(0.06212,0.0167625,0.013));
#6904=CARTESIAN_POINT('',(0.06212,0.0167625,0.013));
#6905=CARTESIAN_POINT('',(0.05562,0.0167625,0.013));
#6906=CARTESIAN_POINT('',(0.05562,0.0167625,0.016));
#6907=CARTESIAN_POINT('',(0.04912,0.0167625,0.016));
#6908=CARTESIAN_POINT('',(0.05562,0.0167625,0.013));
#6909=CARTESIAN_POINT('',(0.04912,0.0167625,0.013));
#6910=CARTESIAN_POINT('',(0.04912,0.0167625,0.013));
#6911=CARTESIAN_POINT('',(0.04912,0.0172625,0.013));
#6912=CARTESIAN_POINT('',(0.04912,0.0172625,0.016));
#6913=CARTESIAN_POINT('',(0.04862,0.0172625,0.016));
#6914=CARTESIAN_POINT('',(0.04912,0.0172625,0.013));
#6915=CARTESIAN_POINT('',(0.04862,0.0172625,0.013));
#6916=CARTESIAN_POINT('',(0.04862,0.0172625,0.013));
#6917=CARTESIAN_POINT('',(0.04862,0.0237625,0.013));
#6918=CARTESIAN_POINT('',(0.04862,0.0237625,0.016));
#6919=CARTESIAN_POINT('',(0.04862,0.0302625,0.016));
#6920=CARTESIAN_POINT('',(0.04862,0.0237625,0.013));
#6921=CARTESIAN_POINT('',(0.04862,0.0302625,0.013));
#6922=CARTESIAN_POINT('',(0.04862,0.0302625,0.013));
#6923=CARTESIAN_POINT('',(0.04912,0.0302625,0.013));
#6924=CARTESIAN_POINT('',(0.04912,0.0302625,0.016));
#6925=CARTESIAN_POINT('',(0.04912,0.0302625,0.013));
#6926=CARTESIAN_POINT('',(0.02452,0.04405,0.013));
#6927=CARTESIAN_POINT('',(0.02452,0.04405,0.016));
#6928=CARTESIAN_POINT('',(0.02452,0.05055,0.016));
#6929=CARTESIAN_POINT('',(0.02452,0.03755,0.016));
#6930=CARTESIAN_POINT('',(0.02452,0.05055,0.013));
#6931=CARTESIAN_POINT('',(0.02452,0.05055,0.013));
#6932=CARTESIAN_POINT('',(0.02452,0.04405,0.013));
#6933=CARTESIAN_POINT('',(0.02452,0.03755,0.013));
#6934=CARTESIAN_POINT('',(0.02452,0.03755,0.013));
#6935=CARTESIAN_POINT('',(0.02402,0.03755,0.013));
#6936=CARTESIAN_POINT('',(0.02402,0.03755,0.016));
#6937=CARTESIAN_POINT('',(0.02402,0.03705,0.016));
#6938=CARTESIAN_POINT('',(0.02402,0.03755,0.013));
#6939=CARTESIAN_POINT('',(0.02402,0.03705,0.013));
#6940=CARTESIAN_POINT('',(0.02402,0.03705,0.013));
#6941=CARTESIAN_POINT('',(0.01752,0.03705,0.013));
#6942=CARTESIAN_POINT('',(0.01752,0.03705,0.016));
#6943=CARTESIAN_POINT('',(0.01102,0.03705,0.016));
#6944=CARTESIAN_POINT('',(0.01752,0.03705,0.013));
#6945=CARTESIAN_POINT('',(0.01102,0.03705,0.013));
#6946=CARTESIAN_POINT('',(0.01102,0.03705,0.013));
#6947=CARTESIAN_POINT('',(0.01102,0.03755,0.013));
#6948=CARTESIAN_POINT('',(0.01102,0.03755,0.016));
#6949=CARTESIAN_POINT('',(0.01052,0.03755,0.016));
#6950=CARTESIAN_POINT('',(0.01102,0.03755,0.013));
#6951=CARTESIAN_POINT('',(0.01052,0.03755,0.013));
#6952=CARTESIAN_POINT('',(0.01052,0.03755,0.013));
#6953=CARTESIAN_POINT('',(0.01052,0.04405,0.013));
#6954=CARTESIAN_POINT('',(0.01052,0.04405,0.016));
#6955=CARTESIAN_POINT('',(0.01052,0.05055,0.016));
#6956=CARTESIAN_POINT('',(0.01052,0.04405,0.013));
#6957=CARTESIAN_POINT('',(0.01052,0.05055,0.013));
#6958=CARTESIAN_POINT('',(0.01052,0.05055,0.013));
#6959=CARTESIAN_POINT('',(0.01102,0.05055,0.013));
#6960=CARTESIAN_POINT('',(0.01102,0.05055,0.016));
#6961=CARTESIAN_POINT('',(0.01102,0.05105,0.016));
#6962=CARTESIAN_POINT('',(0.01102,0.05055,0.013));
#6963=CARTESIAN_POINT('',(0.01102,0.05105,0.013));
#6964=CARTESIAN_POINT('',(0.01102,0.05105,0.013));
#6965=CARTESIAN_POINT('',(0.01752,0.05105,0.013));
#6966=CARTESIAN_POINT('',(0.01752,0.05105,0.016));
#6967=CARTESIAN_POINT('',(0.02402,0.05105,0.016));
#6968=CARTESIAN_POINT('',(0.01752,0.05105,0.013));
#6969=CARTESIAN_POINT('',(0.02402,0.05105,0.013));
#6970=CARTESIAN_POINT('',(0.02402,0.05105,0.013));
#6971=CARTESIAN_POINT('',(0.02402,0.05055,0.013));
#6972=CARTESIAN_POINT('',(0.02402,0.05055,0.016));
#6973=CARTESIAN_POINT('',(0.02402,0.05055,0.013));
#6974=CARTESIAN_POINT('',(0.04357,0.04405,0.013));
#6975=CARTESIAN_POINT('',(0.04357,0.04405,0.016));
#6976=CARTESIAN_POINT('',(0.04357,0.05055,0.016));
#6977=CARTESIAN_POINT('',(0.04357,0.03755,0.016));
#6978=CARTESIAN_POINT('',(0.04357,0.05055,0.013));
#6979=CARTESIAN_POINT('',(0.04357,0.05055,0.013));
#6980=CARTESIAN_POINT('',(0.04357,0.04405,0.013));
#6981=CARTESIAN_POINT('',(0.04357,0.03755,0.013));
#6982=CARTESIAN_POINT('',(0.04357,0.03755,0.013));
#6983=CARTESIAN_POINT('',(0.04307,0.03755,0.013));
#6984=CARTESIAN_POINT('',(0.04307,0.03755,0.016));
#6985=CARTESIAN_POINT('',(0.04307,0.03705,0.016));
#6986=CARTESIAN_POINT('',(0.04307,0.03755,0.013));
#6987=CARTESIAN_POINT('',(0.04307,0.03705,0.013));
#6988=CARTESIAN_POINT('',(0.04307,0.03705,0.013));
#6989=CARTESIAN_POINT('',(0.03657,0.03705,0.013));
#6990=CARTESIAN_POINT('',(0.03657,0.03705,0.016));
#6991=CARTESIAN_POINT('',(0.03007,0.03705,0.016));
#6992=CARTESIAN_POINT('',(0.03657,0.03705,0.013));
#6993=CARTESIAN_POINT('',(0.03007,0.03705,0.013));
#6994=CARTESIAN_POINT('',(0.03007,0.03705,0.013));
#6995=CARTESIAN_POINT('',(0.03007,0.03755,0.013));
#6996=CARTESIAN_POINT('',(0.03007,0.03755,0.016));
#6997=CARTESIAN_POINT('',(0.02957,0.03755,0.016));
#6998=CARTESIAN_POINT('',(0.03007,0.03755,0.013));
#6999=CARTESIAN_POINT('',(0.02957,0.03755,0.013));
#7000=CARTESIAN_POINT('',(0.02957,0.03755,0.013));
#7001=CARTESIAN_POINT('',(0.02957,0.04405,0.013));
#7002=CARTESIAN_POINT('',(0.02957,0.04405,0.016));
#7003=CARTESIAN_POINT('',(0.02957,0.05055,0.016));
#7004=CARTESIAN_POINT('',(0.02957,0.04405,0.013));
#7005=CARTESIAN_POINT('',(0.02957,0.05055,0.013));
#7006=CARTESIAN_POINT('',(0.02957,0.05055,0.013));
#7007=CARTESIAN_POINT('',(0.03007,0.05055,0.013));
#7008=CARTESIAN_POINT('',(0.03007,0.05055,0.016));
#7009=CARTESIAN_POINT('',(0.03007,0.05105,0.016));
#7010=CARTESIAN_POINT('',(0.03007,0.05055,0.013));
#7011=CARTESIAN_POINT('',(0.03007,0.05105,0.013));
#7012=CARTESIAN_POINT('',(0.03007,0.05105,0.013));
#7013=CARTESIAN_POINT('',(0.03657,0.05105,0.013));
#7014=CARTESIAN_POINT('',(0.03657,0.05105,0.016));
#7015=CARTESIAN_POINT('',(0.04307,0.05105,0.016));
#7016=CARTESIAN_POINT('',(0.03657,0.05105,0.013));
#7017=CARTESIAN_POINT('',(0.04307,0.05105,0.013));
#7018=CARTESIAN_POINT('',(0.04307,0.05105,0.013));
#7019=CARTESIAN_POINT('',(0.04307,0.05055,0.013));
#7020=CARTESIAN_POINT('',(0.04307,0.05055,0.016));
#7021=CARTESIAN_POINT('',(0.04307,0.05055,0.013));
#7022=CARTESIAN_POINT('',(0.06262,0.04405,0.013));
#7023=CARTESIAN_POINT('',(0.06262,0.04405,0.016));
#7024=CARTESIAN_POINT('',(0.06262,0.05055,0.016));
#7025=CARTESIAN_POINT('',(0.06262,0.03755,0.016));
#7026=CARTESIAN_POINT('',(0.06262,0.05055,0.013));
#7027=CARTESIAN_POINT('',(0.06262,0.05055,0.013));
#7028=CARTESIAN_POINT('',(0.06262,0.04405,0.013));
#7029=CARTESIAN_POINT('',(0.06262,0.03755,0.013));
#7030=CARTESIAN_POINT('',(0.06262,0.03755,0.013));
#7031=CARTESIAN_POINT('',(0.06212,0.03755,0.013));
#7032=CARTESIAN_POINT('',(0.06212,0.03755,0.016));
#7033=CARTESIAN_POINT('',(0.06212,0.03705,0.016));
#7034=CARTESIAN_POINT('',(0.06212,0.03755,0.013));
#7035=CARTESIAN_POINT('',(0.06212,0.03705,0.013));
#7036=CARTESIAN_POINT('',(0.06212,0.03705,0.013));
#7037=CARTESIAN_POINT('',(0.05562,0.03705,0.013));
#7038=CARTESIAN_POINT('',(0.05562,0.03705,0.016));
#7039=CARTESIAN_POINT('',(0.04912,0.03705,0.016));
#7040=CARTESIAN_POINT('',(0.05562,0.03705,0.013));
#7041=CARTESIAN_POINT('',(0.04912,0.03705,0.013));
#7042=CARTESIAN_POINT('',(0.04912,0.03705,0.013));
#7043=CARTESIAN_POINT('',(0.04912,0.03755,0.013));
#7044=CARTESIAN_POINT('',(0.04912,0.03755,0.016));
#7045=CARTESIAN_POINT('',(0.04862,0.03755,0.016));
#7046=CARTESIAN_POINT('',(0.04912,0.03755,0.013));
#7047=CARTESIAN_POINT('',(0.04862,0.03755,0.013));
#7048=CARTESIAN_POINT('',(0.04862,0.03755,0.013));
#7049=CARTESIAN_POINT('',(0.04862,0.04405,0.013));
#7050=CARTESIAN_POINT('',(0.04862,0.04405,0.016));
#7051=CARTESIAN_POINT('',(0.04862,0.05055,0.016));
#7052=CARTESIAN_POINT('',(0.04862,0.04405,0.013));
#7053=CARTESIAN_POINT('',(0.04862,0.05055,0.013));
#7054=CARTESIAN_POINT('',(0.04862,0.05055,0.013));
#7055=CARTESIAN_POINT('',(0.04912,0.05055,0.013));
#7056=CARTESIAN_POINT('',(0.04912,0.05055,0.016));
#7057=CARTESIAN_POINT('',(0.04912,0.05105,0.016));
#7058=CARTESIAN_POINT('',(0.04912,0.05055,0.013));
#7059=CARTESIAN_POINT('',(0.04912,0.05105,0.013));
#7060=CARTESIAN_POINT('',(0.04912,0.05105,0.013));
#7061=CARTESIAN_POINT('',(0.05562,0.05105,0.013));
#7062=CARTESIAN_POINT('',(0.05562,0.05105,0.016));
#7063=CARTESIAN_POINT('',(0.06212,0.05105,0.016));
#7064=CARTESIAN_POINT('',(0.05562,0.05105,0.013));
#7065=CARTESIAN_POINT('',(0.06212,0.05105,0.013));
#7066=CARTESIAN_POINT('',(0.06212,0.05105,0.013));
#7067=CARTESIAN_POINT('',(0.06212,0.05055,0.013));
#7068=CARTESIAN_POINT('',(0.06212,0.05055,0.016));
#7069=CARTESIAN_POINT('',(0.06212,0.05055,0.013));
#7070=CARTESIAN_POINT('',(0.07999,0.043025,0.016));
#7071=CARTESIAN_POINT('',(0.07999,0.043025,0.013));
#7072=CARTESIAN_POINT('',(0.07999,0.08605,0.013));
#7073=CARTESIAN_POINT('',(0.07999,0.,0.013));
#7074=CARTESIAN_POINT('',(0.07999,0.08605,0.016));
#7075=CARTESIAN_POINT('',(0.07999,0.08605,0.016));
#7076=CARTESIAN_POINT('',(0.07999,0.043025,0.016));
#7077=CARTESIAN_POINT('',(0.07999,-3.46944695195361E-18,0.016));
#7078=CARTESIAN_POINT('',(0.07999,-3.46944695195361E-18,0.016));
#7079=CARTESIAN_POINT('',(0.039995,0.,0.016));
#7080=CARTESIAN_POINT('',(0.,0.,0.016));
#7081=CARTESIAN_POINT('',(0.,0.,0.016));
#7082=CARTESIAN_POINT('',(0.,0.,0.013));
#7083=CARTESIAN_POINT('',(0.039995,0.,0.013));
#7084=CARTESIAN_POINT('',(0.039995,0.,0.016));
#7085=CARTESIAN_POINT('',(-2.72577765293235E-18,0.043025,0.016));
#7086=CARTESIAN_POINT('',(-6.93889390390723E-18,0.08605,0.016));
#7087=CARTESIAN_POINT('',(-6.93889390390723E-18,0.08605,0.016));
#7088=CARTESIAN_POINT('',(-5.3602990795981E-18,0.08605,0.013));
#7089=CARTESIAN_POINT('',(-2.72577765293235E-18,0.043025,0.013));
#7090=CARTESIAN_POINT('',(-2.72577765293235E-18,0.043025,0.016));
#7091=CARTESIAN_POINT('',(0.039995,0.08605,0.016));
#7092=CARTESIAN_POINT('',(0.039995,0.08605,0.013));
#7093=CARTESIAN_POINT('',(0.039995,0.08605,0.016));
#7094=CARTESIAN_POINT('',(0.005,0.08105,0.016));
#7095=CARTESIAN_POINT('',(0.005,0.08105,0.013));
#7096=CARTESIAN_POINT('',(0.00625,0.08105,0.013));
#7097=CARTESIAN_POINT('',(0.005,0.08105,0.016));
#7098=CARTESIAN_POINT('',(0.00375,0.08105,0.016));
#7099=CARTESIAN_POINT('',(0.005,0.005,0.016));
#7100=CARTESIAN_POINT('',(0.005,0.005,0.013));
#7101=CARTESIAN_POINT('',(0.00625,0.005,0.013));
#7102=CARTESIAN_POINT('',(0.005,0.005,0.016));
#7103=CARTESIAN_POINT('',(0.00375,0.005,0.016));
#7104=CARTESIAN_POINT('',(0.07499,0.005,0.016));
#7105=CARTESIAN_POINT('',(0.07499,0.005,0.013));
#7106=CARTESIAN_POINT('',(0.07624,0.005,0.013));
#7107=CARTESIAN_POINT('',(0.07499,0.005,0.016));
#7108=CARTESIAN_POINT('',(0.07374,0.005,0.016));
#7109=CARTESIAN_POINT('',(0.039995,0.043025,0.016));
#7110=CARTESIAN_POINT('',(0.07499,0.08105,0.016));
#7111=CARTESIAN_POINT('',(0.07374,0.08105,0.016));
#7112=CARTESIAN_POINT('',(0.0549516666666667,0.06519375,0.016));
#7113=CARTESIAN_POINT('',(0.0585766666666667,0.06519375,0.016));
#7114=CARTESIAN_POINT('',(0.07499,0.08105,0.016));
#7115=CARTESIAN_POINT('',(0.07499,0.08105,0.013));
#7116=CARTESIAN_POINT('',(0.07624,0.08105,0.013));
#7117=CARTESIAN_POINT('',(0.0549516666666667,0.06519375,0.013));
#7118=CARTESIAN_POINT('',(0.0549516666666667,0.06519375,0.013));
#7119=CARTESIAN_POINT('',(0.0585766666666667,0.06519375,0.013));
#7120=CARTESIAN_POINT('',(0.039995,0.043025,0.013));
#7121=CARTESIAN_POINT('',(0.,0.,0.));
#7122=CARTESIAN_POINT('',(0.0465700000844754,0.0351038746413141,0.016));
#7123=CARTESIAN_POINT('',(0.,0.,-0.00104));
#7124=CARTESIAN_POINT('',(4.81482486096809E-35,0.,-0.00104));
#7125=CARTESIAN_POINT('',(0.001,0.,-0.00104));
#7126=CARTESIAN_POINT('',(0.0005,0.000866025403784439,-0.00104));
#7127=CARTESIAN_POINT('',(0.001,0.,-0.00104));
#7128=CARTESIAN_POINT('',(0.001,0.000577350269189626,-0.00104));
#7129=CARTESIAN_POINT('',(0.0005,0.000866025403784439,-0.00104));
#7130=CARTESIAN_POINT('',(0.,0.,-0.00104));
#7131=CARTESIAN_POINT('',(4.81482486096809E-35,0.,-0.00104));
#7132=CARTESIAN_POINT('',(-0.0005,0.000866025403784439,-0.00104));
#7133=CARTESIAN_POINT('',(0.0005,0.000866025403784439,-0.00104));
#7134=CARTESIAN_POINT('',(-1.3010426069826E-18,0.00115470053837925,-0.00104));
#7135=CARTESIAN_POINT('',(-0.0005,0.000866025403784438,-0.00104));
#7136=CARTESIAN_POINT('',(0.,0.,-0.00104));
#7137=CARTESIAN_POINT('',(4.81482486096809E-35,0.,-0.00104));
#7138=CARTESIAN_POINT('',(-0.001,-6.10330130122145E-19,-0.00104));
#7139=CARTESIAN_POINT('',(-0.0005,0.000866025403784438,-0.00104));
#7140=CARTESIAN_POINT('',(-0.001,0.000577350269189625,-0.00104));
#7141=CARTESIAN_POINT('',(-0.001,-5.28561397380839E-19,-0.00104));
#7142=CARTESIAN_POINT('',(0.,0.,-0.00104));
#7143=CARTESIAN_POINT('',(4.81482486096809E-35,0.,-0.00104));
#7144=CARTESIAN_POINT('',(-0.0005,-0.000866025403784439,-0.00104));
#7145=CARTESIAN_POINT('',(-0.001,-5.28561397380839E-19,-0.00104));
#7146=CARTESIAN_POINT('',(-0.001,-0.000577350269189626,-0.00104));
#7147=CARTESIAN_POINT('',(-0.0005,-0.000866025403784439,-0.00104));
#7148=CARTESIAN_POINT('',(0.,0.,-0.00104));
#7149=CARTESIAN_POINT('',(4.81482486096809E-35,0.,-0.00104));
#7150=CARTESIAN_POINT('',(0.0005,-0.000866025403784438,-0.00104));
#7151=CARTESIAN_POINT('',(-0.0005,-0.000866025403784439,-0.00104));
#7152=CARTESIAN_POINT('',(1.0842021724855E-19,-0.00115470053837925,-0.00104));
#7153=CARTESIAN_POINT('',(0.0005,-0.000866025403784439,-0.00104));
#7154=CARTESIAN_POINT('',(-0.00065,0.,0.));
#7155=CARTESIAN_POINT('',(0.,0.,0.));
#7156=CARTESIAN_POINT('',(-0.0013,0.,0.));
#7157=CARTESIAN_POINT('',(0.0005,0.000866025403784439,0.));
#7158=CARTESIAN_POINT('',(-1.3010426069826E-18,0.00115470053837925,0.));
#7159=CARTESIAN_POINT('',(0.001,0.000577350269189626,0.));
#7160=CARTESIAN_POINT('',(0.001,0.,0.));
#7161=CARTESIAN_POINT('',(0.001,-0.000577350269189626,0.));
#7162=CARTESIAN_POINT('',(0.0005,-0.000866025403784439,0.));
#7163=CARTESIAN_POINT('',(1.0842021724855E-19,-0.00115470053837925,0.));
#7164=CARTESIAN_POINT('',(-0.0005,-0.000866025403784439,0.));
#7165=CARTESIAN_POINT('',(-0.001,-0.000577350269189626,0.));
#7166=CARTESIAN_POINT('',(-0.001,-5.28561397380839E-19,0.));
#7167=CARTESIAN_POINT('',(-0.001,0.000577350269189625,0.));
#7168=CARTESIAN_POINT('',(-0.0005,0.000866025403784438,0.));
#7169=CARTESIAN_POINT('',(0.,0.,-0.00175));
#7170=CARTESIAN_POINT('',(0.,0.,-0.00165));
#7171=CARTESIAN_POINT('',(-0.0016,0.,-0.00165));
#7172=CARTESIAN_POINT('',(0.,0.,-0.00175));
#7173=CARTESIAN_POINT('',(-0.0015,0.,-0.00175));
#7174=CARTESIAN_POINT('',(0.,0.,0.00127209592840993));
#7175=CARTESIAN_POINT('',(0.,0.,-0.0173793670625));
#7176=CARTESIAN_POINT('',(0.0015,0.,-0.0173793670625));
#7177=CARTESIAN_POINT('',(-0.000870814550688289,0.,-0.01765));
#7178=CARTESIAN_POINT('',(0.,0.,-0.01765));
#7179=CARTESIAN_POINT('',(0.0012293670625,0.,-0.01765));
#7180=CARTESIAN_POINT('',(0.,0.,-0.00277424242424243));
#7181=CARTESIAN_POINT('',(0.,0.,-0.00165));
#7182=CARTESIAN_POINT('',(-0.00285,0.,-0.00165));
#7183=CARTESIAN_POINT('',(-0.00197727344006639,0.,-0.00165));
#7184=CARTESIAN_POINT('',(0.0005,0.000866025403784439,-0.00104));
#7185=CARTESIAN_POINT('',(-1.3010426069826E-18,0.00115470053837925,-0.00104));
#7186=CARTESIAN_POINT('',(0.001,0.000577350269189626,-0.00104));
#7187=CARTESIAN_POINT('',(-0.0005,0.000866025403784438,-0.00104));
#7188=CARTESIAN_POINT('',(-0.001,0.000577350269189625,-0.00104));
#7189=CARTESIAN_POINT('',(-0.001,-5.28561397380839E-19,-0.00104));
#7190=CARTESIAN_POINT('',(-0.001,-0.000577350269189626,-0.00104));
#7191=CARTESIAN_POINT('',(-0.0005,-0.000866025403784439,-0.00104));
#7192=CARTESIAN_POINT('',(1.0842021724855E-19,-0.00115470053837925,-0.00104));
#7193=CARTESIAN_POINT('',(0.0005,-0.000866025403784439,-0.00104));
#7194=CARTESIAN_POINT('',(0.001,-0.000577350269189626,-0.00104));
#7195=CARTESIAN_POINT('',(0.001,-0.000577350269189626,-0.00104));
#7196=CARTESIAN_POINT('',(0.0005,-0.000866025403784439,-0.00104));
#7197=CARTESIAN_POINT('',(0.001,0.,-0.00104));
#7198=CARTESIAN_POINT('',(0.001,0.,-0.00104));
#7199=CARTESIAN_POINT('',(0.,0.,-0.00104));
#7200=CARTESIAN_POINT('',(4.81482486096809E-35,0.,-0.00104));
#7201=CARTESIAN_POINT('',(4.81482486096809E-35,0.,-0.00104));
#7202=CARTESIAN_POINT('',(-1.62630325872826E-19,0.,-0.0014039702342662));
#7203=CARTESIAN_POINT('',(0.,0.,-0.01765));
#7204=CARTESIAN_POINT('',(0.07499,0.005,0.01765));
#7205=CARTESIAN_POINT('',(0.005,0.005,0.01765));
#7206=CARTESIAN_POINT('',(0.009,0.011,-0.001));
#7207=CARTESIAN_POINT('',(0.009,0.003,-0.001));
#7208=CARTESIAN_POINT('',(0.015,0.003,-0.001));
#7209=CARTESIAN_POINT('',(0.003,0.003,-0.001));
#7210=CARTESIAN_POINT('',(0.015,0.008,-0.001));
#7211=CARTESIAN_POINT('',(0.015,0.013,-0.001));
#7212=CARTESIAN_POINT('',(0.009,0.013,-0.001));
#7213=CARTESIAN_POINT('',(0.003,0.013,-0.001));
#7214=CARTESIAN_POINT('',(0.003,0.008,-0.001));
#7215=CARTESIAN_POINT('',(0.009,0.022,-0.001));
#7216=CARTESIAN_POINT('',(0.00533,0.022,-0.001));
#7217=CARTESIAN_POINT('',(0.002,0.022,-0.001));
#7218=CARTESIAN_POINT('',(0.00533,0.01175,-0.001));
#7219=CARTESIAN_POINT('',(0.00533,0.01681,-0.001));
#7220=CARTESIAN_POINT('',(0.009,0.01681,-0.001));
#7221=CARTESIAN_POINT('',(0.01267,0.01681,-0.001));
#7222=CARTESIAN_POINT('',(0.01267,0.0235,-0.001));
#7223=CARTESIAN_POINT('',(0.01267,0.022,-0.001));
#7224=CARTESIAN_POINT('',(0.009,0.022,-0.001));
#7225=CARTESIAN_POINT('',(0.016,0.022,-0.001));
#7226=CARTESIAN_POINT('',(0.016,0.02,-0.001));
#7227=CARTESIAN_POINT('',(0.018,0.02,-0.001));
#7228=CARTESIAN_POINT('',(0.018,0.011,-0.001));
#7229=CARTESIAN_POINT('',(0.018,0.002,-0.001));
#7230=CARTESIAN_POINT('',(0.016,0.002,-0.001));
#7231=CARTESIAN_POINT('',(0.016,-5.78241158658936E-19,-0.001));
#7232=CARTESIAN_POINT('',(0.009,-2.60208521396521E-18,-0.001));
#7233=CARTESIAN_POINT('',(0.002,-4.62592926927149E-18,-0.001));
#7234=CARTESIAN_POINT('',(0.002,0.002,-0.001));
#7235=CARTESIAN_POINT('',(0.,0.002,-0.001));
#7236=CARTESIAN_POINT('',(-3.46944695195361E-18,0.011,-0.001));
#7237=CARTESIAN_POINT('',(-6.93889390390723E-18,0.02,-0.001));
#7238=CARTESIAN_POINT('',(0.002,0.02,-0.001));
#7239=CARTESIAN_POINT('',(0.009,-2.60208521396521E-18,-0.001));
#7240=CARTESIAN_POINT('',(0.009,-2.60208521396521E-18,1.10218211923262E-18));
#7241=CARTESIAN_POINT('',(0.016,-5.78241158658936E-19,2.4492935982947E-19));
#7242=CARTESIAN_POINT('',(0.002,-4.62592926927149E-18,1.95943487863577E-18));
#7243=CARTESIAN_POINT('',(0.002,-4.62592926927149E-18,-0.001));
#7244=CARTESIAN_POINT('',(0.016,-5.78241158658936E-19,-0.001));
#7245=CARTESIAN_POINT('',(0.002,0.002,-0.001));
#7246=CARTESIAN_POINT('',(0.002,0.002,1.95943487863577E-18));
#7247=CARTESIAN_POINT('',(0.,0.002,2.20436423846524E-18));
#7248=CARTESIAN_POINT('',(0.,0.002,-0.001));
#7249=CARTESIAN_POINT('',(-3.46944695195361E-18,0.011,-0.001));
#7250=CARTESIAN_POINT('',(-3.46944695195361E-18,0.011,2.20436423846524E-18));
#7251=CARTESIAN_POINT('',(-6.93889390390723E-18,0.02,2.20436423846524E-18));
#7252=CARTESIAN_POINT('',(-6.93889390390723E-18,0.02,-0.001));
#7253=CARTESIAN_POINT('',(0.002,0.02,-0.001));
#7254=CARTESIAN_POINT('',(0.002,0.02,1.95943487863577E-18));
#7255=CARTESIAN_POINT('',(0.002,0.022,1.95943487863577E-18));
#7256=CARTESIAN_POINT('',(0.002,0.022,-0.001));
#7257=CARTESIAN_POINT('',(0.009,0.022,-0.001));
#7258=CARTESIAN_POINT('',(0.009,0.022,1.10218211923262E-18));
#7259=CARTESIAN_POINT('',(0.016,0.022,2.44929359829471E-19));
#7260=CARTESIAN_POINT('',(0.016,0.022,-0.001));
#7261=CARTESIAN_POINT('',(0.009,0.022,-0.001));
#7262=CARTESIAN_POINT('',(0.016,0.02,-0.001));
#7263=CARTESIAN_POINT('',(0.016,0.02,2.44929359829471E-19));
#7264=CARTESIAN_POINT('',(0.018,0.02,3.54070592043462E-35));
#7265=CARTESIAN_POINT('',(0.018,0.02,-0.001));
#7266=CARTESIAN_POINT('',(0.018,0.011,-0.001));
#7267=CARTESIAN_POINT('',(0.018,0.011,1.94738825623903E-34));
#7268=CARTESIAN_POINT('',(0.018,0.002,3.54070592043462E-35));
#7269=CARTESIAN_POINT('',(0.018,0.002,-0.001));
#7270=CARTESIAN_POINT('',(0.016,0.002,-0.001));
#7271=CARTESIAN_POINT('',(0.016,0.002,2.4492935982947E-19));
#7272=CARTESIAN_POINT('',(0.009,0.011,1.10218211923262E-18));
#7273=CARTESIAN_POINT('',(0.015,0.008,-0.0025));
#7274=CARTESIAN_POINT('',(0.015,0.003,-0.0025));
#7275=CARTESIAN_POINT('',(0.015,0.003,-0.0025));
#7276=CARTESIAN_POINT('',(0.015,0.008,-0.0025));
#7277=CARTESIAN_POINT('',(0.015,0.013,-0.0025));
#7278=CARTESIAN_POINT('',(0.015,0.013,-0.0025));
#7279=CARTESIAN_POINT('',(0.009,0.003,-0.0025));
#7280=CARTESIAN_POINT('',(0.003,0.003,-0.0025));
#7281=CARTESIAN_POINT('',(0.003,0.003,-0.0025));
#7282=CARTESIAN_POINT('',(0.009,0.003,-0.0025));
#7283=CARTESIAN_POINT('',(0.003,0.008,-0.0025));
#7284=CARTESIAN_POINT('',(0.003,0.013,-0.0025));
#7285=CARTESIAN_POINT('',(0.003,0.013,-0.0025));
#7286=CARTESIAN_POINT('',(0.003,0.008,-0.0025));
#7287=CARTESIAN_POINT('',(0.009,0.013,-0.0025));
#7288=CARTESIAN_POINT('',(0.009,0.013,-0.0025));
#7289=CARTESIAN_POINT('',(0.009,0.011,-0.0025));
#7290=CARTESIAN_POINT('',(0.01317,0.020155,-0.00426));
#7291=CARTESIAN_POINT('',(0.01317,0.0235,-0.00426));
#7292=CARTESIAN_POINT('',(0.01317,0.0235,-0.00376));
#7293=CARTESIAN_POINT('',(0.01317,0.0235,-0.0015));
#7294=CARTESIAN_POINT('',(0.01317,0.01681,-0.0015));
#7295=CARTESIAN_POINT('',(0.01317,0.01681,-0.0015));
#7296=CARTESIAN_POINT('',(0.01317,0.01681,-0.00426));
#7297=CARTESIAN_POINT('',(0.01317,0.01681,-0.00376));
#7298=CARTESIAN_POINT('',(0.01317,0.020155,-0.00376));
#7299=CARTESIAN_POINT('',(0.009,0.01681,-0.00426));
#7300=CARTESIAN_POINT('',(0.00533,0.01681,-0.0015));
#7301=CARTESIAN_POINT('',(0.00483,0.01681,-0.0015));
#7302=CARTESIAN_POINT('',(0.00483,0.01681,-0.00426));
#7303=CARTESIAN_POINT('',(0.00483,0.01681,-0.00376));
#7304=CARTESIAN_POINT('',(0.00533,0.01681,-0.00376));
#7305=CARTESIAN_POINT('',(0.00533,0.01681,-0.00426));
#7306=CARTESIAN_POINT('',(0.009,0.01681,-0.00426));
#7307=CARTESIAN_POINT('',(0.01267,0.01681,-0.00426));
#7308=CARTESIAN_POINT('',(0.01267,0.01681,-0.00376));
#7309=CARTESIAN_POINT('',(0.01267,0.01681,-0.0015));
#7310=CARTESIAN_POINT('',(0.00483,0.020155,-0.00426));
#7311=CARTESIAN_POINT('',(0.00483,0.020155,-0.0015));
#7312=CARTESIAN_POINT('',(0.00483,0.0235,-0.0015));
#7313=CARTESIAN_POINT('',(0.00483,0.0235,-0.00426));
#7314=CARTESIAN_POINT('',(0.00483,0.0235,-0.00376));
#7315=CARTESIAN_POINT('',(0.00483,0.01681,-0.00376));
#7316=CARTESIAN_POINT('',(0.009,0.0235,-0.00426));
#7317=CARTESIAN_POINT('',(0.00503,0.0235,-0.00426));
#7318=CARTESIAN_POINT('',(0.00503,0.0235,-0.00376));
#7319=CARTESIAN_POINT('',(0.00503,0.0235,-0.0015));
#7320=CARTESIAN_POINT('',(0.00533,0.0235,-0.00376));
#7321=CARTESIAN_POINT('',(0.00533,0.0235,-0.00406));
#7322=CARTESIAN_POINT('',(0.009,0.0235,-0.00406));
#7323=CARTESIAN_POINT('',(0.01267,0.0235,-0.00406));
#7324=CARTESIAN_POINT('',(0.01267,0.0235,-0.00376));
#7325=CARTESIAN_POINT('',(0.01297,0.0235,-0.00376));
#7326=CARTESIAN_POINT('',(0.01297,0.0235,-0.00426));
#7327=CARTESIAN_POINT('',(0.01297,0.0235,-0.0015));
#7328=CARTESIAN_POINT('',(0.01267,0.0235,-0.0015));
#7329=CARTESIAN_POINT('',(0.01267,0.0235,-0.0012));
#7330=CARTESIAN_POINT('',(0.009,0.0235,-0.0012));
#7331=CARTESIAN_POINT('',(0.00533,0.0235,-0.0012));
#7332=CARTESIAN_POINT('',(0.00533,0.0235,-0.0015));
#7333=CARTESIAN_POINT('',(0.00533,0.0235,-0.0015));
#7334=CARTESIAN_POINT('',(0.00533,0.0235,-0.001));
#7335=CARTESIAN_POINT('',(0.009,0.0235,-0.001));
#7336=CARTESIAN_POINT('',(0.01267,0.0235,-0.001));
#7337=CARTESIAN_POINT('',(0.01267,0.0235,-0.0015));
#7338=CARTESIAN_POINT('',(0.01267,0.0235,-0.00376));
#7339=CARTESIAN_POINT('',(0.01267,0.0235,-0.00426));
#7340=CARTESIAN_POINT('',(0.009,0.0235,-0.00426));
#7341=CARTESIAN_POINT('',(0.00533,0.0235,-0.00426));
#7342=CARTESIAN_POINT('',(0.00533,0.0235,-0.00376));
#7343=CARTESIAN_POINT('',(0.009,0.01175,-0.00426));
#7344=CARTESIAN_POINT('',(0.01267,0.01175,-0.00426));
#7345=CARTESIAN_POINT('',(0.00533,0.0235,-0.00426));
#7346=CARTESIAN_POINT('',(0.009,0.01175,-0.001));
#7347=CARTESIAN_POINT('',(0.01267,0.0235,-0.001));
#7348=CARTESIAN_POINT('',(0.00533,0.01175,-0.001));
#7349=CARTESIAN_POINT('',(0.00533,0.020155,-0.0015));
#7350=CARTESIAN_POINT('',(0.01267,0.01175,-0.0015));
#7351=CARTESIAN_POINT('',(0.01267,0.020155,-0.00376));
#7352=CARTESIAN_POINT('',(0.00533,0.01175,-0.00376));
#7353=CARTESIAN_POINT('',(0.01297,0.020155,-0.00426));
#7354=CARTESIAN_POINT('',(0.01297,0.020155,-0.00376));
#7355=CARTESIAN_POINT('',(0.01297,0.01701,-0.00376));
#7356=CARTESIAN_POINT('',(0.01297,0.01701,-0.00426));
#7357=CARTESIAN_POINT('',(0.01297,0.01701,-0.0015));
#7358=CARTESIAN_POINT('',(0.01297,0.020155,-0.0015));
#7359=CARTESIAN_POINT('',(0.009,0.01701,-0.00426));
#7360=CARTESIAN_POINT('',(0.009,0.01701,-0.0012));
#7361=CARTESIAN_POINT('',(0.00533,0.01701,-0.0012));
#7362=CARTESIAN_POINT('',(0.01267,0.01701,-0.0012));
#7363=CARTESIAN_POINT('',(0.01267,0.01701,-0.0015));
#7364=CARTESIAN_POINT('',(0.01267,0.01701,-0.00376));
#7365=CARTESIAN_POINT('',(0.01267,0.01701,-0.00406));
#7366=CARTESIAN_POINT('',(0.009,0.01701,-0.00406));
#7367=CARTESIAN_POINT('',(0.00533,0.01701,-0.00406));
#7368=CARTESIAN_POINT('',(0.00533,0.01701,-0.00376));
#7369=CARTESIAN_POINT('',(0.00503,0.01701,-0.00376));
#7370=CARTESIAN_POINT('',(0.00503,0.01701,-0.00426));
#7371=CARTESIAN_POINT('',(0.00503,0.01701,-0.0015));
#7372=CARTESIAN_POINT('',(0.00533,0.01701,-0.0015));
#7373=CARTESIAN_POINT('',(0.00503,0.020155,-0.00426));
#7374=CARTESIAN_POINT('',(0.00503,0.020155,-0.00376));
#7375=CARTESIAN_POINT('',(0.00503,0.020155,-0.0015));
#7376=CARTESIAN_POINT('',(0.009,0.01175,-0.00406));
#7377=CARTESIAN_POINT('',(0.00533,0.01175,-0.00406));
#7378=CARTESIAN_POINT('',(0.01267,0.01175,-0.00406));
#7379=CARTESIAN_POINT('',(0.009,0.01175,-0.0012));
#7380=CARTESIAN_POINT('',(0.01267,0.01175,-0.0012));
#7381=CARTESIAN_POINT('',(0.00533,0.01175,-0.0012));
#7382=CARTESIAN_POINT('',(0.00533,0.020155,-0.0015));
#7383=CARTESIAN_POINT('',(0.01267,0.01175,-0.0015));
#7384=CARTESIAN_POINT('',(0.01267,0.020155,-0.00376));
#7385=CARTESIAN_POINT('',(0.00533,0.01175,-0.00376));
#7386=CARTESIAN_POINT('',(0.0241613571476937,0.0148003167200089,0.0107));
#7387=CARTESIAN_POINT('',(0.028575,-0.0107,0.001));
#7388=CARTESIAN_POINT('',(0.00181,-0.01175,0.001));
#7389=CARTESIAN_POINT('',(0.00181,-0.004765,0.001));
#7390=CARTESIAN_POINT('',(0.00181,-0.018735,0.001));
#7391=CARTESIAN_POINT('',(0.008795,-0.004765,0.001));
#7392=CARTESIAN_POINT('',(0.01578,-0.004765,0.001));
#7393=CARTESIAN_POINT('',(0.01578,-0.01175,0.001));
#7394=CARTESIAN_POINT('',(0.01578,-0.018735,0.001));
#7395=CARTESIAN_POINT('',(0.008795,-0.018735,0.001));
#7396=CARTESIAN_POINT('',(0.00181,-0.03084,0.001));
#7397=CARTESIAN_POINT('',(0.00181,-0.023855,0.001));
#7398=CARTESIAN_POINT('',(0.00181,-0.037825,0.001));
#7399=CARTESIAN_POINT('',(0.008795,-0.023855,0.001));
#7400=CARTESIAN_POINT('',(0.01578,-0.023855,0.001));
#7401=CARTESIAN_POINT('',(0.01578,-0.03084,0.001));
#7402=CARTESIAN_POINT('',(0.01578,-0.037825,0.001));
#7403=CARTESIAN_POINT('',(0.008795,-0.037825,0.001));
#7404=CARTESIAN_POINT('',(0.02207,0.00734,0.001));
#7405=CARTESIAN_POINT('',(0.02207,0.014325,0.001));
#7406=CARTESIAN_POINT('',(0.02207,0.000354999999999989,0.001));
#7407=CARTESIAN_POINT('',(0.029055,0.014325,0.001));
#7408=CARTESIAN_POINT('',(0.03604,0.014325,0.001));
#7409=CARTESIAN_POINT('',(0.03604,0.00734,0.001));
#7410=CARTESIAN_POINT('',(0.03604,0.000354999999999989,0.001));
#7411=CARTESIAN_POINT('',(0.029055,0.000354999999999989,0.001));
#7412=CARTESIAN_POINT('',(0.02207,-0.01175,0.001));
#7413=CARTESIAN_POINT('',(0.02207,-0.004765,0.001));
#7414=CARTESIAN_POINT('',(0.02207,-0.018735,0.001));
#7415=CARTESIAN_POINT('',(0.029055,-0.004765,0.001));
#7416=CARTESIAN_POINT('',(0.03604,-0.004765,0.001));
#7417=CARTESIAN_POINT('',(0.03604,-0.01175,0.001));
#7418=CARTESIAN_POINT('',(0.03604,-0.018735,0.001));
#7419=CARTESIAN_POINT('',(0.029055,-0.018735,0.001));
#7420=CARTESIAN_POINT('',(0.02207,-0.03084,0.001));
#7421=CARTESIAN_POINT('',(0.02207,-0.023855,0.001));
#7422=CARTESIAN_POINT('',(0.02207,-0.037825,0.001));
#7423=CARTESIAN_POINT('',(0.029055,-0.023855,0.001));
#7424=CARTESIAN_POINT('',(0.03604,-0.023855,0.001));
#7425=CARTESIAN_POINT('',(0.03604,-0.03084,0.001));
#7426=CARTESIAN_POINT('',(0.03604,-0.037825,0.001));
#7427=CARTESIAN_POINT('',(0.029055,-0.037825,0.001));
#7428=CARTESIAN_POINT('',(0.008875,0.022,0.001));
#7429=CARTESIAN_POINT('',(-0.002725,0.022,0.001));
#7430=CARTESIAN_POINT('',(0.020475,0.022,0.001));
#7431=CARTESIAN_POINT('',(-0.002725,-0.0107,0.001));
#7432=CARTESIAN_POINT('',(-0.002725,-0.0434,0.001));
#7433=CARTESIAN_POINT('',(0.028575,-0.0434,0.001));
#7434=CARTESIAN_POINT('',(0.059875,-0.0434,0.001));
#7435=CARTESIAN_POINT('',(0.059875,-0.01295,0.001));
#7436=CARTESIAN_POINT('',(0.059875,0.0175,0.001));
#7437=CARTESIAN_POINT('',(0.040675,0.0175,0.001));
#7438=CARTESIAN_POINT('',(0.021475,0.0175,0.001));
#7439=CARTESIAN_POINT('',(0.021475,0.0185,0.001));
#7440=CARTESIAN_POINT('',(0.020475,0.0185,0.001));
#7441=CARTESIAN_POINT('',(0.020475,0.02025,0.001));
#7442=CARTESIAN_POINT('',(0.00181,0.00734,0.001));
#7443=CARTESIAN_POINT('',(0.00181,0.014325,0.001));
#7444=CARTESIAN_POINT('',(0.00181,0.000354999999999989,0.001));
#7445=CARTESIAN_POINT('',(0.008795,0.014325,0.001));
#7446=CARTESIAN_POINT('',(0.01578,0.014325,0.001));
#7447=CARTESIAN_POINT('',(0.01578,0.00734,0.001));
#7448=CARTESIAN_POINT('',(0.01578,0.000354999999999989,0.001));
#7449=CARTESIAN_POINT('',(0.008795,0.000354999999999989,0.001));
#7450=CARTESIAN_POINT('',(0.045665,0.01024,0.001));
#7451=CARTESIAN_POINT('',(0.045665,0.01157,0.001));
#7452=CARTESIAN_POINT('',(0.045665,0.00891,0.001));
#7453=CARTESIAN_POINT('',(0.050805,0.01157,0.001));
#7454=CARTESIAN_POINT('',(0.055945,0.01157,0.001));
#7455=CARTESIAN_POINT('',(0.055945,0.01024,0.001));
#7456=CARTESIAN_POINT('',(0.055945,0.00891,0.001));
#7457=CARTESIAN_POINT('',(0.050805,0.00891,0.001));
#7458=CARTESIAN_POINT('',(0.044125,-0.03016,0.001));
#7459=CARTESIAN_POINT('',(0.044125,-0.02426,0.001));
#7460=CARTESIAN_POINT('',(0.044125,-0.03606,0.001));
#7461=CARTESIAN_POINT('',(0.050225,-0.02426,0.001));
#7462=CARTESIAN_POINT('',(0.056325,-0.02426,0.001));
#7463=CARTESIAN_POINT('',(0.056325,-0.03016,0.001));
#7464=CARTESIAN_POINT('',(0.056325,-0.03606,0.001));
#7465=CARTESIAN_POINT('',(0.050225,-0.03606,0.001));
#7466=CARTESIAN_POINT('',(0.008875,0.022,0.001));
#7467=CARTESIAN_POINT('',(0.008875,0.022,7.83773951454305E-19));
#7468=CARTESIAN_POINT('',(-0.002725,0.022,2.20436423846524E-18));
#7469=CARTESIAN_POINT('',(0.020475,0.022,-6.36816335556624E-19));
#7470=CARTESIAN_POINT('',(-0.002725,0.022,0.001));
#7471=CARTESIAN_POINT('',(0.020475,0.022,0.001));
#7472=CARTESIAN_POINT('',(-0.002725,-0.0107,0.001));
#7473=CARTESIAN_POINT('',(-0.002725,-0.0107,2.20436423846524E-18));
#7474=CARTESIAN_POINT('',(-0.002725,-0.0434,2.20436423846524E-18));
#7475=CARTESIAN_POINT('',(-0.002725,-0.0434,0.001));
#7476=CARTESIAN_POINT('',(0.028575,-0.0434,0.001));
#7477=CARTESIAN_POINT('',(0.028575,-0.0434,-1.62878024286598E-18));
#7478=CARTESIAN_POINT('',(0.059875,-0.0434,-5.4619247241972E-18));
#7479=CARTESIAN_POINT('',(0.059875,-0.0434,0.001));
#7480=CARTESIAN_POINT('',(0.059875,-0.01295,0.001));
#7481=CARTESIAN_POINT('',(0.059875,-0.01295,-5.4619247241972E-18));
#7482=CARTESIAN_POINT('',(0.059875,0.0175,-5.4619247241972E-18));
#7483=CARTESIAN_POINT('',(0.059875,0.0175,0.001));
#7484=CARTESIAN_POINT('',(0.040675,0.0175,0.001));
#7485=CARTESIAN_POINT('',(0.040675,0.0175,-3.11060286983428E-18));
#7486=CARTESIAN_POINT('',(0.021475,0.0175,-7.5928101547136E-19));
#7487=CARTESIAN_POINT('',(0.021475,0.0175,0.001));
#7488=CARTESIAN_POINT('',(0.021475,0.0185,0.001));
#7489=CARTESIAN_POINT('',(0.021475,0.0185,-7.5928101547136E-19));
#7490=CARTESIAN_POINT('',(0.020475,0.0185,-6.36816335556624E-19));
#7491=CARTESIAN_POINT('',(0.020475,0.0185,0.001));
#7492=CARTESIAN_POINT('',(0.020475,0.02025,0.001));
#7493=CARTESIAN_POINT('',(0.020475,0.02025,-6.36816335556624E-19));
#7494=CARTESIAN_POINT('',(0.028575,-0.0107,-1.62878024286598E-18));
#7495=CARTESIAN_POINT('',(0.008795,0.014325,0.002));
#7496=CARTESIAN_POINT('',(0.00181,0.014325,0.002));
#7497=CARTESIAN_POINT('',(0.00181,0.014325,0.002));
#7498=CARTESIAN_POINT('',(0.008795,0.014325,0.002));
#7499=CARTESIAN_POINT('',(0.01578,0.014325,0.002));
#7500=CARTESIAN_POINT('',(0.01578,0.014325,0.002));
#7501=CARTESIAN_POINT('',(0.00181,0.00734,0.002));
#7502=CARTESIAN_POINT('',(0.00181,0.000354999999999989,0.002));
#7503=CARTESIAN_POINT('',(0.00181,0.000354999999999989,0.002));
#7504=CARTESIAN_POINT('',(0.00181,0.00734,0.002));
#7505=CARTESIAN_POINT('',(0.008795,0.000354999999999989,0.002));
#7506=CARTESIAN_POINT('',(0.01578,0.000354999999999989,0.002));
#7507=CARTESIAN_POINT('',(0.01578,0.000354999999999989,0.002));
#7508=CARTESIAN_POINT('',(0.008795,0.000354999999999989,0.002));
#7509=CARTESIAN_POINT('',(0.01578,0.00734,0.002));
#7510=CARTESIAN_POINT('',(0.01578,0.00734,0.002));
#7511=CARTESIAN_POINT('',(0.028575,-0.0107,0.002));
#7512=CARTESIAN_POINT('',(0.02207,-0.03084,0.002));
#7513=CARTESIAN_POINT('',(0.02207,-0.037825,0.002));
#7514=CARTESIAN_POINT('',(0.02207,-0.037825,0.002));
#7515=CARTESIAN_POINT('',(0.02207,-0.03084,0.002));
#7516=CARTESIAN_POINT('',(0.02207,-0.023855,0.002));
#7517=CARTESIAN_POINT('',(0.02207,-0.023855,0.002));
#7518=CARTESIAN_POINT('',(0.029055,-0.037825,0.002));
#7519=CARTESIAN_POINT('',(0.03604,-0.037825,0.002));
#7520=CARTESIAN_POINT('',(0.03604,-0.037825,0.002));
#7521=CARTESIAN_POINT('',(0.029055,-0.037825,0.002));
#7522=CARTESIAN_POINT('',(0.03604,-0.03084,0.002));
#7523=CARTESIAN_POINT('',(0.03604,-0.023855,0.002));
#7524=CARTESIAN_POINT('',(0.03604,-0.023855,0.002));
#7525=CARTESIAN_POINT('',(0.03604,-0.03084,0.002));
#7526=CARTESIAN_POINT('',(0.029055,-0.023855,0.002));
#7527=CARTESIAN_POINT('',(0.029055,-0.023855,0.002));
#7528=CARTESIAN_POINT('',(0.028575,-0.0107,0.002));
#7529=CARTESIAN_POINT('',(0.050805,0.01157,0.002));
#7530=CARTESIAN_POINT('',(0.045665,0.01157,0.002));
#7531=CARTESIAN_POINT('',(0.045665,0.01157,0.002));
#7532=CARTESIAN_POINT('',(0.050805,0.01157,0.002));
#7533=CARTESIAN_POINT('',(0.055945,0.01157,0.002));
#7534=CARTESIAN_POINT('',(0.055945,0.01157,0.002));
#7535=CARTESIAN_POINT('',(0.045665,0.01024,0.002));
#7536=CARTESIAN_POINT('',(0.045665,0.00891,0.002));
#7537=CARTESIAN_POINT('',(0.045665,0.00891,0.002));
#7538=CARTESIAN_POINT('',(0.045665,0.01024,0.002));
#7539=CARTESIAN_POINT('',(0.050805,0.00891,0.002));
#7540=CARTESIAN_POINT('',(0.055945,0.00891,0.002));
#7541=CARTESIAN_POINT('',(0.055945,0.00891,0.002));
#7542=CARTESIAN_POINT('',(0.050805,0.00891,0.002));
#7543=CARTESIAN_POINT('',(0.055945,0.01024,0.002));
#7544=CARTESIAN_POINT('',(0.055945,0.01024,0.002));
#7545=CARTESIAN_POINT('',(0.028575,-0.0107,0.002));
#7546=CARTESIAN_POINT('',(0.050225,-0.02426,0.002));
#7547=CARTESIAN_POINT('',(0.044125,-0.02426,0.002));
#7548=CARTESIAN_POINT('',(0.044125,-0.02426,0.002));
#7549=CARTESIAN_POINT('',(0.050225,-0.02426,0.002));
#7550=CARTESIAN_POINT('',(0.056325,-0.02426,0.002));
#7551=CARTESIAN_POINT('',(0.056325,-0.02426,0.002));
#7552=CARTESIAN_POINT('',(0.044125,-0.03016,0.002));
#7553=CARTESIAN_POINT('',(0.044125,-0.03606,0.002));
#7554=CARTESIAN_POINT('',(0.044125,-0.03606,0.002));
#7555=CARTESIAN_POINT('',(0.044125,-0.03016,0.002));
#7556=CARTESIAN_POINT('',(0.050225,-0.03606,0.002));
#7557=CARTESIAN_POINT('',(0.056325,-0.03606,0.002));
#7558=CARTESIAN_POINT('',(0.056325,-0.03606,0.002));
#7559=CARTESIAN_POINT('',(0.050225,-0.03606,0.002));
#7560=CARTESIAN_POINT('',(0.056325,-0.03016,0.002));
#7561=CARTESIAN_POINT('',(0.056325,-0.03016,0.002));
#7562=CARTESIAN_POINT('',(0.028575,-0.0107,0.002));
#7563=CARTESIAN_POINT('',(0.02207,-0.01175,0.002));
#7564=CARTESIAN_POINT('',(0.02207,-0.018735,0.002));
#7565=CARTESIAN_POINT('',(0.02207,-0.018735,0.002));
#7566=CARTESIAN_POINT('',(0.02207,-0.01175,0.002));
#7567=CARTESIAN_POINT('',(0.02207,-0.004765,0.002));
#7568=CARTESIAN_POINT('',(0.02207,-0.004765,0.002));
#7569=CARTESIAN_POINT('',(0.029055,-0.018735,0.002));
#7570=CARTESIAN_POINT('',(0.03604,-0.018735,0.002));
#7571=CARTESIAN_POINT('',(0.03604,-0.018735,0.002));
#7572=CARTESIAN_POINT('',(0.029055,-0.018735,0.002));
#7573=CARTESIAN_POINT('',(0.03604,-0.01175,0.002));
#7574=CARTESIAN_POINT('',(0.03604,-0.004765,0.002));
#7575=CARTESIAN_POINT('',(0.03604,-0.004765,0.002));
#7576=CARTESIAN_POINT('',(0.03604,-0.01175,0.002));
#7577=CARTESIAN_POINT('',(0.029055,-0.004765,0.002));
#7578=CARTESIAN_POINT('',(0.029055,-0.004765,0.002));
#7579=CARTESIAN_POINT('',(0.028575,-0.0107,0.002));
#7580=CARTESIAN_POINT('',(0.02207,0.00734,0.002));
#7581=CARTESIAN_POINT('',(0.02207,0.000354999999999989,0.002));
#7582=CARTESIAN_POINT('',(0.02207,0.000354999999999989,0.002));
#7583=CARTESIAN_POINT('',(0.02207,0.00734,0.002));
#7584=CARTESIAN_POINT('',(0.02207,0.014325,0.002));
#7585=CARTESIAN_POINT('',(0.02207,0.014325,0.002));
#7586=CARTESIAN_POINT('',(0.029055,0.000354999999999989,0.002));
#7587=CARTESIAN_POINT('',(0.03604,0.000354999999999989,0.002));
#7588=CARTESIAN_POINT('',(0.03604,0.000354999999999989,0.002));
#7589=CARTESIAN_POINT('',(0.029055,0.000354999999999989,0.002));
#7590=CARTESIAN_POINT('',(0.03604,0.00734,0.002));
#7591=CARTESIAN_POINT('',(0.03604,0.014325,0.002));
#7592=CARTESIAN_POINT('',(0.03604,0.014325,0.002));
#7593=CARTESIAN_POINT('',(0.03604,0.00734,0.002));
#7594=CARTESIAN_POINT('',(0.029055,0.014325,0.002));
#7595=CARTESIAN_POINT('',(0.029055,0.014325,0.002));
#7596=CARTESIAN_POINT('',(0.028575,-0.0107,0.002));
#7597=CARTESIAN_POINT('',(0.00181,-0.03084,0.002));
#7598=CARTESIAN_POINT('',(0.00181,-0.037825,0.002));
#7599=CARTESIAN_POINT('',(0.00181,-0.037825,0.002));
#7600=CARTESIAN_POINT('',(0.00181,-0.03084,0.002));
#7601=CARTESIAN_POINT('',(0.00181,-0.023855,0.002));
#7602=CARTESIAN_POINT('',(0.00181,-0.023855,0.002));
#7603=CARTESIAN_POINT('',(0.008795,-0.037825,0.002));
#7604=CARTESIAN_POINT('',(0.01578,-0.037825,0.002));
#7605=CARTESIAN_POINT('',(0.01578,-0.037825,0.002));
#7606=CARTESIAN_POINT('',(0.008795,-0.037825,0.002));
#7607=CARTESIAN_POINT('',(0.01578,-0.03084,0.002));
#7608=CARTESIAN_POINT('',(0.01578,-0.023855,0.002));
#7609=CARTESIAN_POINT('',(0.01578,-0.023855,0.002));
#7610=CARTESIAN_POINT('',(0.01578,-0.03084,0.002));
#7611=CARTESIAN_POINT('',(0.008795,-0.023855,0.002));
#7612=CARTESIAN_POINT('',(0.008795,-0.023855,0.002));
#7613=CARTESIAN_POINT('',(0.028575,-0.0107,0.002));
#7614=CARTESIAN_POINT('',(0.00181,-0.01175,0.002));
#7615=CARTESIAN_POINT('',(0.00181,-0.018735,0.002));
#7616=CARTESIAN_POINT('',(0.00181,-0.018735,0.002));
#7617=CARTESIAN_POINT('',(0.00181,-0.01175,0.002));
#7618=CARTESIAN_POINT('',(0.00181,-0.004765,0.002));
#7619=CARTESIAN_POINT('',(0.00181,-0.004765,0.002));
#7620=CARTESIAN_POINT('',(0.008795,-0.018735,0.002));
#7621=CARTESIAN_POINT('',(0.01578,-0.018735,0.002));
#7622=CARTESIAN_POINT('',(0.01578,-0.018735,0.002));
#7623=CARTESIAN_POINT('',(0.008795,-0.018735,0.002));
#7624=CARTESIAN_POINT('',(0.01578,-0.01175,0.002));
#7625=CARTESIAN_POINT('',(0.01578,-0.004765,0.002));
#7626=CARTESIAN_POINT('',(0.01578,-0.004765,0.002));
#7627=CARTESIAN_POINT('',(0.01578,-0.01175,0.002));
#7628=CARTESIAN_POINT('',(0.008795,-0.004765,0.002));
#7629=CARTESIAN_POINT('',(0.008795,-0.004765,0.002));
#7630=CARTESIAN_POINT('',(0.028575,-0.0107,0.002));
#7631=CARTESIAN_POINT('',(0.0241613571476937,0.0148003167200089,0.0107));
#7632=CARTESIAN_POINT('',(0.0275200000844754,0.0148163746413141,0.016));
#7633=CARTESIAN_POINT('',(0.005,0.043025,0.003));
#7634=CARTESIAN_POINT('',(0.005,0.0374425,0.0095));
#7635=CARTESIAN_POINT('',(0.005,0.0374425,0.005));
#7636=CARTESIAN_POINT('',(0.005,0.0374425,0.013));
#7637=CARTESIAN_POINT('',(0.005,0.0237625,0.005));
#7638=CARTESIAN_POINT('',(0.005,0.0102425,0.005));
#7639=CARTESIAN_POINT('',(0.005,0.0102425,0.0095));
#7640=CARTESIAN_POINT('',(0.005,0.0102425,0.013));
#7641=CARTESIAN_POINT('',(0.005,0.043025,0.013));
#7642=CARTESIAN_POINT('',(0.005,0.01,0.013));
#7643=CARTESIAN_POINT('',(0.005,0.01,0.003));
#7644=CARTESIAN_POINT('',(0.005,0.01,0.003));
#7645=CARTESIAN_POINT('',(0.005,0.043025,0.003));
#7646=CARTESIAN_POINT('',(0.005,0.07605,0.003));
#7647=CARTESIAN_POINT('',(0.005,0.07605,0.003));
#7648=CARTESIAN_POINT('',(0.005,0.07605,0.013));
#7649=CARTESIAN_POINT('',(0.005,0.043025,0.013));
#7650=CARTESIAN_POINT('',(0.005,0.0287625,0.0085));
#7651=CARTESIAN_POINT('',(0.005,0.0287625,0.006));
#7652=CARTESIAN_POINT('',(0.002,0.0287625,0.006));
#7653=CARTESIAN_POINT('',(-1.8524514042904E-18,0.0287625,0.006));
#7654=CARTESIAN_POINT('',(0.002,0.0287625,0.0085));
#7655=CARTESIAN_POINT('',(0.002,0.0287625,0.011));
#7656=CARTESIAN_POINT('',(0.005,0.0287625,0.011));
#7657=CARTESIAN_POINT('',(-1.8524514042904E-18,0.0287625,0.011));
#7658=CARTESIAN_POINT('',(-1.8524514042904E-18,0.0287625,0.0085));
#7659=CARTESIAN_POINT('',(0.005,0.0277625,0.006));
#7660=CARTESIAN_POINT('',(0.002,0.0277625,0.006));
#7661=CARTESIAN_POINT('',(0.002,0.0277625,0.005));
#7662=CARTESIAN_POINT('',(-1.79121906433303E-18,0.0277625,0.006));
#7663=CARTESIAN_POINT('',(-1.79121906433303E-18,0.0277625,0.005));
#7664=CARTESIAN_POINT('',(0.005,0.0277625,0.005));
#7665=CARTESIAN_POINT('',(0.005,0.0197625,0.006));
#7666=CARTESIAN_POINT('',(0.002,0.0197625,0.006));
#7667=CARTESIAN_POINT('',(0.002,0.0197625,0.005));
#7668=CARTESIAN_POINT('',(0.002,0.0187625,0.006));
#7669=CARTESIAN_POINT('',(0.005,0.0197625,0.005));
#7670=CARTESIAN_POINT('',(-1.30136034467409E-18,0.0197625,0.005));
#7671=CARTESIAN_POINT('',(-1.30136034467409E-18,0.0197625,0.006));
#7672=CARTESIAN_POINT('',(-1.24012800471672E-18,0.0187625,0.006));
#7673=CARTESIAN_POINT('',(0.005,0.0187625,0.006));
#7674=CARTESIAN_POINT('',(0.005,0.0187625,0.0085));
#7675=CARTESIAN_POINT('',(0.002,0.0187625,0.0085));
#7676=CARTESIAN_POINT('',(0.002,0.0187625,0.011));
#7677=CARTESIAN_POINT('',(-1.24012800471672E-18,0.0187625,0.0085));
#7678=CARTESIAN_POINT('',(-1.24012800471672E-18,0.0187625,0.011));
#7679=CARTESIAN_POINT('',(0.005,0.0187625,0.011));
#7680=CARTESIAN_POINT('',(0.005,0.0197625,0.011));
#7681=CARTESIAN_POINT('',(0.002,0.0197625,0.011));
#7682=CARTESIAN_POINT('',(0.002,0.0197625,0.012));
#7683=CARTESIAN_POINT('',(-1.30136034467409E-18,0.0197625,0.011));
#7684=CARTESIAN_POINT('',(-1.30136034467409E-18,0.0197625,0.012));
#7685=CARTESIAN_POINT('',(0.005,0.0197625,0.012));
#7686=CARTESIAN_POINT('',(0.005,0.0237625,0.012));
#7687=CARTESIAN_POINT('',(0.002,0.0237625,0.012));
#7688=CARTESIAN_POINT('',(0.002,0.0277625,0.012));
#7689=CARTESIAN_POINT('',(-1.54628970450355E-18,0.0237625,0.012));
#7690=CARTESIAN_POINT('',(-1.79121906433303E-18,0.0277625,0.012));
#7691=CARTESIAN_POINT('',(0.005,0.0277625,0.012));
#7692=CARTESIAN_POINT('',(0.005,0.0277625,0.011));
#7693=CARTESIAN_POINT('',(0.002,0.0277625,0.011));
#7694=CARTESIAN_POINT('',(-1.79121906433303E-18,0.0277625,0.011));
#7695=CARTESIAN_POINT('',(-2.72577765293235E-18,0.043025,0.016));
#7696=CARTESIAN_POINT('',(-2.72577765293235E-18,0.043025,0.013));
#7697=CARTESIAN_POINT('',(-5.3602990795981E-18,0.08605,0.013));
#7698=CARTESIAN_POINT('',(0.,0.,0.013));
#7699=CARTESIAN_POINT('',(-6.93889390390723E-18,0.08605,0.016));
#7700=CARTESIAN_POINT('',(-6.93889390390723E-18,0.08605,0.));
#7701=CARTESIAN_POINT('',(-2.72577765293235E-18,0.043025,0.));
#7702=CARTESIAN_POINT('',(0.,0.,0.));
#7703=CARTESIAN_POINT('',(0.,0.,0.016));
#7704=CARTESIAN_POINT('',(-1.54628970450355E-18,0.0237625,0.005));
#7705=CARTESIAN_POINT('',(0.039995,0.08605,0.016));
#7706=CARTESIAN_POINT('',(0.039995,0.08605,0.013));
#7707=CARTESIAN_POINT('',(0.07999,0.08605,0.013));
#7708=CARTESIAN_POINT('',(0.07999,0.08605,0.016));
#7709=CARTESIAN_POINT('',(0.07999,0.08605,0.));
#7710=CARTESIAN_POINT('',(0.039995,0.08605,0.));
#7711=CARTESIAN_POINT('',(0.039995,0.,0.016));
#7712=CARTESIAN_POINT('',(0.039995,0.,0.013));
#7713=CARTESIAN_POINT('',(0.07999,-3.46944695195361E-18,0.013));
#7714=CARTESIAN_POINT('',(0.039995,0.,0.));
#7715=CARTESIAN_POINT('',(0.07999,-3.46944695195361E-18,0.));
#7716=CARTESIAN_POINT('',(0.07999,-3.46944695195361E-18,0.016));
#7717=CARTESIAN_POINT('',(0.07999,0.043025,0.016));
#7718=CARTESIAN_POINT('',(0.07999,0.043025,0.013));
#7719=CARTESIAN_POINT('',(0.07999,0.043025,0.));
#7720=CARTESIAN_POINT('',(0.039995,0.043025,0.));
#7721=CARTESIAN_POINT('',(0.,0.,0.013));
#7722=CARTESIAN_POINT('',(0.,0.0374425,0.013));
#7723=CARTESIAN_POINT('',(0.002,0.0374425,0.013));
#7724=CARTESIAN_POINT('',(0.037495,0.07605,0.013));
#7725=CARTESIAN_POINT('',(0.06999,0.07605,0.013));
#7726=CARTESIAN_POINT('',(0.06999,0.043025,0.013));
#7727=CARTESIAN_POINT('',(0.06999,0.01,0.013));
#7728=CARTESIAN_POINT('',(0.037495,0.01,0.013));
#7729=CARTESIAN_POINT('',(0.,0.0102425,0.013));
#7730=CARTESIAN_POINT('',(0.002,0.0102425,0.013));
#7731=CARTESIAN_POINT('',(0.002,0.,0.013));
#7732=CARTESIAN_POINT('',(0.005,0.08105,0.013));
#7733=CARTESIAN_POINT('',(0.00625,0.08105,0.013));
#7734=CARTESIAN_POINT('',(0.005,0.005,0.013));
#7735=CARTESIAN_POINT('',(0.00625,0.005,0.013));
#7736=CARTESIAN_POINT('',(0.07499,0.005,0.013));
#7737=CARTESIAN_POINT('',(0.07624,0.005,0.013));
#7738=CARTESIAN_POINT('',(0.07499,0.08105,0.013));
#7739=CARTESIAN_POINT('',(0.07624,0.08105,0.013));
#7740=CARTESIAN_POINT('',(0.07499,0.005,0.002));
#7741=CARTESIAN_POINT('',(0.07499,0.005,0.00124892422621555));
#7742=CARTESIAN_POINT('',(0.07499,0.005,0.002));
#7743=CARTESIAN_POINT('',(0.07374,0.005,0.002));
#7744=CARTESIAN_POINT('',(0.07499,0.005,0.016));
#7745=CARTESIAN_POINT('',(0.005,0.005,0.002));
#7746=CARTESIAN_POINT('',(0.005,0.005,0.00124892422621555));
#7747=CARTESIAN_POINT('',(0.005,0.005,0.002));
#7748=CARTESIAN_POINT('',(0.00375,0.005,0.002));
#7749=CARTESIAN_POINT('',(0.005,0.005,0.016));
#7750=CARTESIAN_POINT('',(0.005,0.08105,0.002));
#7751=CARTESIAN_POINT('',(0.005,0.08105,0.00124892422621555));
#7752=CARTESIAN_POINT('',(0.005,0.08105,0.002));
#7753=CARTESIAN_POINT('',(0.00375,0.08105,0.002));
#7754=CARTESIAN_POINT('',(0.005,0.08105,0.016));
#7755=CARTESIAN_POINT('',(0.039995,0.043025,0.003));
#7756=CARTESIAN_POINT('',(0.037495,0.07605,0.003));
#7757=CARTESIAN_POINT('',(0.06999,0.07605,0.003));
#7758=CARTESIAN_POINT('',(0.037495,0.01,0.003));
#7759=CARTESIAN_POINT('',(0.06999,0.01,0.003));
#7760=CARTESIAN_POINT('',(0.06999,0.043025,0.003));
#7761=CARTESIAN_POINT('',(0.037495,0.07605,0.003));
#7762=CARTESIAN_POINT('',(0.06999,0.07605,0.003));
#7763=CARTESIAN_POINT('',(0.06999,0.043025,0.003));
#7764=CARTESIAN_POINT('',(0.06999,0.01,0.003));
#7765=CARTESIAN_POINT('',(0.037495,0.01,0.003));
#7766=CARTESIAN_POINT('',(0.07499,0.08105,0.002));
#7767=CARTESIAN_POINT('',(0.07499,0.08105,0.00124892422621555));
#7768=CARTESIAN_POINT('',(0.07499,0.08105,0.002));
#7769=CARTESIAN_POINT('',(0.07374,0.08105,0.002));
#7770=CARTESIAN_POINT('',(0.07499,0.08105,0.016));
#7771=CARTESIAN_POINT('',(0.005,0.0237625,0.005));
#7772=CARTESIAN_POINT('',(0.002,0.0374425,0.005));
#7773=CARTESIAN_POINT('',(0.002,0.0374425,0.005));
#7774=CARTESIAN_POINT('',(0.002,0.0237625,0.005));
#7775=CARTESIAN_POINT('',(0.002,0.0237625,0.005));
#7776=CARTESIAN_POINT('',(0.002,0.0102425,0.005));
#7777=CARTESIAN_POINT('',(0.002,0.0102425,0.005));
#7778=CARTESIAN_POINT('',(0.002,0.043025,0.0085));
#7779=CARTESIAN_POINT('',(0.002,0.0102425,0.0095));
#7780=CARTESIAN_POINT('',(0.002,0.0374425,0.0095));
#7781=CARTESIAN_POINT('',(0.002,0.0374425,0.0095));
#7782=CARTESIAN_POINT('',(0.002,0.0102425,0.0095));
#7783=CARTESIAN_POINT('',(0.,0.,0.));
#7784=CARTESIAN_POINT('',(0.07499,0.08105,0.01765));
#7785=CARTESIAN_POINT('',(0.005,0.08105,0.01765));
#7786=CARTESIAN_POINT('',(0.0275200000844754,0.0351038746413141,0.016));
#7787=MECHANICAL_DESIGN_GEOMETRIC_PRESENTATION_REPRESENTATION('',(#4470,
#4471,#4472,#4473,#4474,#4475),#7788);
#7788=(
GEOMETRIC_REPRESENTATION_CONTEXT(3)
GLOBAL_UNCERTAINTY_ASSIGNED_CONTEXT((#7795))
GLOBAL_UNIT_ASSIGNED_CONTEXT((#7804,#7803,#7802))
REPRESENTATION_CONTEXT('Full Part','TOP_LEVEL_ASSEMBLY_PART')
);
#7789=(
GEOMETRIC_REPRESENTATION_CONTEXT(3)
GLOBAL_UNCERTAINTY_ASSIGNED_CONTEXT((#7796))
GLOBAL_UNIT_ASSIGNED_CONTEXT((#7804,#7803,#7802))
REPRESENTATION_CONTEXT('Cherry profile MX keycap','COMPONENT_PART')
);
#7790=(
GEOMETRIC_REPRESENTATION_CONTEXT(3)
GLOBAL_UNCERTAINTY_ASSIGNED_CONTEXT((#7797))
GLOBAL_UNIT_ASSIGNED_CONTEXT((#7804,#7803,#7802))
REPRESENTATION_CONTEXT('Part 2','COMPONENT_PART')
);
#7791=(
GEOMETRIC_REPRESENTATION_CONTEXT(3)
GLOBAL_UNCERTAINTY_ASSIGNED_CONTEXT((#7798))
GLOBAL_UNIT_ASSIGNED_CONTEXT((#7804,#7803,#7802))
REPRESENTATION_CONTEXT('Socket button head screw M3x0.5 x 16',
'COMPONENT_PART')
);
#7792=(
GEOMETRIC_REPRESENTATION_CONTEXT(3)
GLOBAL_UNCERTAINTY_ASSIGNED_CONTEXT((#7799))
GLOBAL_UNIT_ASSIGNED_CONTEXT((#7804,#7803,#7802))
REPRESENTATION_CONTEXT('Seeed Studio XIAO RP2040','COMPONENT_PART')
);
#7793=(
GEOMETRIC_REPRESENTATION_CONTEXT(3)
GLOBAL_UNCERTAINTY_ASSIGNED_CONTEXT((#7800))
GLOBAL_UNIT_ASSIGNED_CONTEXT((#7804,#7803,#7802))
REPRESENTATION_CONTEXT('Custom PCB','COMPONENT_PART')
);
#7794=(
GEOMETRIC_REPRESENTATION_CONTEXT(3)
GLOBAL_UNCERTAINTY_ASSIGNED_CONTEXT((#7801))
GLOBAL_UNIT_ASSIGNED_CONTEXT((#7804,#7803,#7802))
REPRESENTATION_CONTEXT('Part 1','COMPONENT_PART')
);
#7795=UNCERTAINTY_MEASURE_WITH_UNIT(LENGTH_MEASURE(1.E-8),#7804,
'DISTANCE_ACCURACY_VALUE','Maximum Tolerance applied to model');
#7796=UNCERTAINTY_MEASURE_WITH_UNIT(LENGTH_MEASURE(2.E-5),#7804,
'DISTANCE_ACCURACY_VALUE','Maximum Tolerance applied to model');
#7797=UNCERTAINTY_MEASURE_WITH_UNIT(LENGTH_MEASURE(1.E-8),#7804,
'DISTANCE_ACCURACY_VALUE','Maximum Tolerance applied to model');
#7798=UNCERTAINTY_MEASURE_WITH_UNIT(LENGTH_MEASURE(1.E-8),#7804,
'DISTANCE_ACCURACY_VALUE','Maximum Tolerance applied to model');
#7799=UNCERTAINTY_MEASURE_WITH_UNIT(LENGTH_MEASURE(1.E-8),#7804,
'DISTANCE_ACCURACY_VALUE','Maximum Tolerance applied to model');
#7800=UNCERTAINTY_MEASURE_WITH_UNIT(LENGTH_MEASURE(1.E-8),#7804,
'DISTANCE_ACCURACY_VALUE','Maximum Tolerance applied to model');
#7801=UNCERTAINTY_MEASURE_WITH_UNIT(LENGTH_MEASURE(1.E-8),#7804,
'DISTANCE_ACCURACY_VALUE','Maximum Tolerance applied to model');
#7802=(
NAMED_UNIT(*)
SI_UNIT($,.STERADIAN.)
SOLID_ANGLE_UNIT()
);
#7803=(
NAMED_UNIT(*)
PLANE_ANGLE_UNIT()
SI_UNIT($,.RADIAN.)
);
#7804=(
LENGTH_UNIT()
NAMED_UNIT(*)
SI_UNIT($,.METRE.)
);
#7805=PRODUCT_DEFINITION_SHAPE('','',#7826);
#7806=PRODUCT_DEFINITION_SHAPE('','',#7827);
#7807=PRODUCT_DEFINITION_SHAPE(' ','NAUO PRDDFN',#36);
#7808=PRODUCT_DEFINITION_SHAPE(' ','NAUO PRDDFN',#37);
#7809=PRODUCT_DEFINITION_SHAPE(' ','NAUO PRDDFN',#38);
#7810=PRODUCT_DEFINITION_SHAPE('','',#7828);
#7811=PRODUCT_DEFINITION_SHAPE(' ','NAUO PRDDFN',#39);
#7812=PRODUCT_DEFINITION_SHAPE(' ','NAUO PRDDFN',#40);
#7813=PRODUCT_DEFINITION_SHAPE('','',#7829);
#7814=PRODUCT_DEFINITION_SHAPE(' ','NAUO PRDDFN',#41);
#7815=PRODUCT_DEFINITION_SHAPE(' ','NAUO PRDDFN',#42);
#7816=PRODUCT_DEFINITION_SHAPE('','',#7830);
#7817=PRODUCT_DEFINITION_SHAPE(' ','NAUO PRDDFN',#43);
#7818=PRODUCT_DEFINITION_SHAPE('','',#7831);
#7819=PRODUCT_DEFINITION_SHAPE(' ','NAUO PRDDFN',#44);
#7820=PRODUCT_DEFINITION_SHAPE(' ','NAUO PRDDFN',#45);
#7821=PRODUCT_DEFINITION_SHAPE('','',#7832);
#7822=PRODUCT_DEFINITION_SHAPE(' ','NAUO PRDDFN',#46);
#7823=PRODUCT_DEFINITION_SHAPE(' ','NAUO PRDDFN',#47);
#7824=PRODUCT_DEFINITION_SHAPE(' ','NAUO PRDDFN',#48);
#7825=PRODUCT_DEFINITION_SHAPE(' ','NAUO PRDDFN',#49);
#7826=PRODUCT_DEFINITION('','',#7840,#7833);
#7827=PRODUCT_DEFINITION('','',#7841,#7834);
#7828=PRODUCT_DEFINITION('','',#7842,#7835);
#7829=PRODUCT_DEFINITION('','',#7843,#7836);
#7830=PRODUCT_DEFINITION('','',#7844,#7837);
#7831=PRODUCT_DEFINITION('','',#7845,#7838);
#7832=PRODUCT_DEFINITION('','',#7846,#7839);
#7833=PRODUCT_DEFINITION_CONTEXT('',#7876,'design');
#7834=PRODUCT_DEFINITION_CONTEXT('',#7876,'design');
#7835=PRODUCT_DEFINITION_CONTEXT('',#7876,'design');
#7836=PRODUCT_DEFINITION_CONTEXT('',#7876,'design');
#7837=PRODUCT_DEFINITION_CONTEXT('',#7876,'design');
#7838=PRODUCT_DEFINITION_CONTEXT('',#7876,'design');
#7839=PRODUCT_DEFINITION_CONTEXT('',#7876,'design');
#7840=PRODUCT_DEFINITION_FORMATION_WITH_SPECIFIED_SOURCE('','',#7854,
 .NOT_KNOWN.);
#7841=PRODUCT_DEFINITION_FORMATION_WITH_SPECIFIED_SOURCE('','',#7855,
 .NOT_KNOWN.);
#7842=PRODUCT_DEFINITION_FORMATION_WITH_SPECIFIED_SOURCE('','',#7856,
 .NOT_KNOWN.);
#7843=PRODUCT_DEFINITION_FORMATION_WITH_SPECIFIED_SOURCE('','',#7857,
 .NOT_KNOWN.);
#7844=PRODUCT_DEFINITION_FORMATION_WITH_SPECIFIED_SOURCE('','',#7858,
 .NOT_KNOWN.);
#7845=PRODUCT_DEFINITION_FORMATION_WITH_SPECIFIED_SOURCE('','',#7859,
 .NOT_KNOWN.);
#7846=PRODUCT_DEFINITION_FORMATION_WITH_SPECIFIED_SOURCE('','',#7860,
 .NOT_KNOWN.);
#7847=PRODUCT_RELATED_PRODUCT_CATEGORY('','',(#7854));
#7848=PRODUCT_RELATED_PRODUCT_CATEGORY('','',(#7855));
#7849=PRODUCT_RELATED_PRODUCT_CATEGORY('','',(#7856));
#7850=PRODUCT_RELATED_PRODUCT_CATEGORY('','',(#7857));
#7851=PRODUCT_RELATED_PRODUCT_CATEGORY('','',(#7858));
#7852=PRODUCT_RELATED_PRODUCT_CATEGORY('','',(#7859));
#7853=PRODUCT_RELATED_PRODUCT_CATEGORY('','',(#7860));
#7854=PRODUCT('Full Part','Full Part','Full Part',(#7868));
#7855=PRODUCT('Cherry profile MX keycap','Cherry profile MX keycap',
'Cherry profile MX keycap',(#7869));
#7856=PRODUCT('Part 2','Part 2','Part 2',(#7870));
#7857=PRODUCT('Socket button head screw M3x0.5 x 16',
'Socket button head screw M3x0.5 x 16',
'Socket button head screw M3x0.5 x 16',(#7871));
#7858=PRODUCT('Seeed Studio XIAO RP2040','Seeed Studio XIAO RP2040',
'Seeed Studio XIAO RP2040',(#7872));
#7859=PRODUCT('Custom PCB','Custom PCB','Custom PCB',(#7873));
#7860=PRODUCT('Part 1','Part 1','Part 1',(#7874));
#7861=PRODUCT_CATEGORY('','');
#7862=PRODUCT_CATEGORY('','');
#7863=PRODUCT_CATEGORY('','');
#7864=PRODUCT_CATEGORY('','');
#7865=PRODUCT_CATEGORY('','');
#7866=PRODUCT_CATEGORY('','');
#7867=PRODUCT_CATEGORY('','');
#7868=PRODUCT_CONTEXT('',#7876,'mechanical');
#7869=PRODUCT_CONTEXT('',#7876,'mechanical');
#7870=PRODUCT_CONTEXT('',#7876,'mechanical');
#7871=PRODUCT_CONTEXT('',#7876,'mechanical');
#7872=PRODUCT_CONTEXT('',#7876,'mechanical');
#7873=PRODUCT_CONTEXT('',#7876,'mechanical');
#7874=PRODUCT_CONTEXT('',#7876,'mechanical');
#7875=APPLICATION_PROTOCOL_DEFINITION('international standard',
'ap242_managed_model_based_3d_engineering',2020,#7876);
#7876=APPLICATION_CONTEXT('managed model based 3d engineering');
ENDSEC;
END-ISO-10303-21;
