ISO-10303-21;
HEADER;
/* Generated by software containing ST-Developer
 * from STEP Tools, Inc. (www.steptools.com) 
 */
/* OPTION: using custom renumber hook */

FILE_DESCRIPTION(
/* description */ ('STEP AP242 Edition 2',
'CAx-IF Rec.Pracs.---Representation and Presentation of Product Manufa
cturing Information (PMI)---4.0---2014-10-13',
'CAx-IF Rec.Pracs.---3D Tessellated Geometry---0.4---2014-09-14','2;1',
'CAx-IF Rec.Pracs.---User Defined Attributes---1.5---2016-08-15'),
/* implementation_level */ '2;1');

FILE_NAME(
/* name */ '69dc538f98903f07795078d6',
/* time_stamp */ '2026-04-13T02:23:12Z',
/* author */ (''),
/* organization */ (''),
/* preprocessor_version */ 'ST-DEVELOPER v20',
/* originating_system */ 'ONSHAPE BY PTC INC, 1.213',
/* authorisation */ '  ');

FILE_SCHEMA (('AP242_MANAGED_MODEL_BASED_3D_ENGINEERING_MIM_LF { 1 0 10303 442 3 1 4 }'));
ENDSEC;

DATA;
#10=CONTEXT_DEPENDENT_SHAPE_REPRESENTATION(#12,#2634);
#11=NEXT_ASSEMBLY_USAGE_OCCURRENCE('NAUO1','Part 2','Part 2',#2635,#2636,
'');
#12=(
REPRESENTATION_RELATIONSHIP(' ',' ',#1591,#1590)
REPRESENTATION_RELATIONSHIP_WITH_TRANSFORMATION(#13)
SHAPE_REPRESENTATION_RELATIONSHIP()
);
#13=ITEM_DEFINED_TRANSFORMATION(' ',' ',#1592,#1732);
#14=SHAPE_REPRESENTATION_RELATIONSHIP('','',#1591,#15);
#15=ADVANCED_BREP_SHAPE_REPRESENTATION('',(#1587),#2626);
#16=CIRCLE('',#1600,0.0005);
#17=CIRCLE('',#1601,0.0005);
#18=CIRCLE('',#1602,0.0005);
#19=CIRCLE('',#1603,0.000500000000000007);
#20=CIRCLE('',#1604,0.0005);
#21=CIRCLE('',#1605,0.0005);
#22=CIRCLE('',#1606,0.0005);
#23=CIRCLE('',#1607,0.0005);
#24=CIRCLE('',#1608,0.0005);
#25=CIRCLE('',#1609,0.0005);
#26=CIRCLE('',#1610,0.0005);
#27=CIRCLE('',#1611,0.0005);
#28=CIRCLE('',#1612,0.0005);
#29=CIRCLE('',#1613,0.000499999999999994);
#30=CIRCLE('',#1614,0.0005);
#31=CIRCLE('',#1615,0.0005);
#32=CIRCLE('',#1616,0.0005);
#33=CIRCLE('',#1617,0.0005);
#34=CIRCLE('',#1618,0.0005);
#35=CIRCLE('',#1619,0.0005);
#36=CIRCLE('',#1620,0.0005);
#37=CIRCLE('',#1621,0.0005);
#38=CIRCLE('',#1622,0.0005);
#39=CIRCLE('',#1623,0.0005);
#40=CIRCLE('',#1624,0.00145);
#41=CIRCLE('',#1625,0.00145);
#42=CIRCLE('',#1626,0.00145);
#43=CIRCLE('',#1627,0.00145);
#44=CIRCLE('',#1633,0.00145);
#45=CIRCLE('',#1634,0.00145);
#46=CIRCLE('',#1635,0.00145);
#47=CIRCLE('',#1636,0.00145);
#48=CIRCLE('',#1637,0.0005);
#49=CIRCLE('',#1638,0.0005);
#50=CIRCLE('',#1639,0.0005);
#51=CIRCLE('',#1640,0.000499999999999994);
#52=CIRCLE('',#1641,0.0005);
#53=CIRCLE('',#1642,0.0005);
#54=CIRCLE('',#1643,0.0005);
#55=CIRCLE('',#1644,0.0005);
#56=CIRCLE('',#1645,0.0005);
#57=CIRCLE('',#1646,0.0005);
#58=CIRCLE('',#1647,0.0005);
#59=CIRCLE('',#1648,0.0005);
#60=CIRCLE('',#1649,0.0005);
#61=CIRCLE('',#1650,0.000500000000000007);
#62=CIRCLE('',#1651,0.0005);
#63=CIRCLE('',#1652,0.0005);
#64=CIRCLE('',#1653,0.0005);
#65=CIRCLE('',#1654,0.0005);
#66=CIRCLE('',#1655,0.0005);
#67=CIRCLE('',#1656,0.0005);
#68=CIRCLE('',#1657,0.0005);
#69=CIRCLE('',#1658,0.0005);
#70=CIRCLE('',#1659,0.0005);
#71=CIRCLE('',#1660,0.0005);
#72=PLANE('',#1599);
#73=PLANE('',#1628);
#74=PLANE('',#1629);
#75=PLANE('',#1630);
#76=PLANE('',#1631);
#77=PLANE('',#1632);
#78=PLANE('',#1661);
#79=PLANE('',#1662);
#80=PLANE('',#1663);
#81=PLANE('',#1664);
#82=PLANE('',#1666);
#83=PLANE('',#1668);
#84=PLANE('',#1670);
#85=PLANE('',#1673);
#86=PLANE('',#1675);
#87=PLANE('',#1677);
#88=PLANE('',#1680);
#89=PLANE('',#1682);
#90=PLANE('',#1684);
#91=PLANE('',#1686);
#92=PLANE('',#1687);
#93=PLANE('',#1688);
#94=PLANE('',#1690);
#95=PLANE('',#1692);
#96=PLANE('',#1694);
#97=PLANE('',#1697);
#98=PLANE('',#1699);
#99=PLANE('',#1701);
#100=PLANE('',#1704);
#101=PLANE('',#1706);
#102=PLANE('',#1708);
#103=PLANE('',#1710);
#104=PLANE('',#1711);
#105=PLANE('',#1712);
#106=PLANE('',#1713);
#107=PLANE('',#1714);
#108=PLANE('',#1715);
#109=PLANE('',#1716);
#110=PLANE('',#1717);
#111=PLANE('',#1718);
#112=PLANE('',#1719);
#113=PLANE('',#1720);
#114=PLANE('',#1721);
#115=PLANE('',#1722);
#116=PLANE('',#1723);
#117=PLANE('',#1724);
#118=PLANE('',#1725);
#119=PLANE('',#1726);
#120=PLANE('',#1727);
#121=ELLIPSE('',#1594,0.000282842712474619,0.0002);
#122=ELLIPSE('',#1595,0.000282842712474619,0.0002);
#123=ELLIPSE('',#1597,0.000282842712474619,0.0002);
#124=ELLIPSE('',#1598,0.000282842712474619,0.0002);
#125=ORIENTED_EDGE('',*,*,#565,.F.);
#126=ORIENTED_EDGE('',*,*,#566,.T.);
#127=ORIENTED_EDGE('',*,*,#567,.F.);
#128=ORIENTED_EDGE('',*,*,#568,.T.);
#129=ORIENTED_EDGE('',*,*,#569,.F.);
#130=ORIENTED_EDGE('',*,*,#570,.T.);
#131=ORIENTED_EDGE('',*,*,#571,.F.);
#132=ORIENTED_EDGE('',*,*,#572,.T.);
#133=ORIENTED_EDGE('',*,*,#573,.F.);
#134=ORIENTED_EDGE('',*,*,#574,.T.);
#135=ORIENTED_EDGE('',*,*,#575,.T.);
#136=ORIENTED_EDGE('',*,*,#576,.F.);
#137=ORIENTED_EDGE('',*,*,#577,.T.);
#138=ORIENTED_EDGE('',*,*,#578,.T.);
#139=ORIENTED_EDGE('',*,*,#579,.T.);
#140=ORIENTED_EDGE('',*,*,#580,.T.);
#141=ORIENTED_EDGE('',*,*,#581,.T.);
#142=ORIENTED_EDGE('',*,*,#582,.F.);
#143=ORIENTED_EDGE('',*,*,#583,.T.);
#144=ORIENTED_EDGE('',*,*,#584,.F.);
#145=ORIENTED_EDGE('',*,*,#585,.T.);
#146=ORIENTED_EDGE('',*,*,#586,.T.);
#147=ORIENTED_EDGE('',*,*,#587,.T.);
#148=ORIENTED_EDGE('',*,*,#588,.T.);
#149=ORIENTED_EDGE('',*,*,#589,.T.);
#150=ORIENTED_EDGE('',*,*,#590,.F.);
#151=ORIENTED_EDGE('',*,*,#591,.T.);
#152=ORIENTED_EDGE('',*,*,#592,.F.);
#153=ORIENTED_EDGE('',*,*,#593,.T.);
#154=ORIENTED_EDGE('',*,*,#594,.T.);
#155=ORIENTED_EDGE('',*,*,#595,.T.);
#156=ORIENTED_EDGE('',*,*,#596,.T.);
#157=ORIENTED_EDGE('',*,*,#597,.T.);
#158=ORIENTED_EDGE('',*,*,#598,.F.);
#159=ORIENTED_EDGE('',*,*,#599,.T.);
#160=ORIENTED_EDGE('',*,*,#600,.F.);
#161=ORIENTED_EDGE('',*,*,#601,.T.);
#162=ORIENTED_EDGE('',*,*,#602,.F.);
#163=ORIENTED_EDGE('',*,*,#603,.T.);
#164=ORIENTED_EDGE('',*,*,#604,.T.);
#165=ORIENTED_EDGE('',*,*,#605,.T.);
#166=ORIENTED_EDGE('',*,*,#606,.T.);
#167=ORIENTED_EDGE('',*,*,#607,.T.);
#168=ORIENTED_EDGE('',*,*,#608,.F.);
#169=ORIENTED_EDGE('',*,*,#609,.T.);
#170=ORIENTED_EDGE('',*,*,#610,.F.);
#171=ORIENTED_EDGE('',*,*,#611,.T.);
#172=ORIENTED_EDGE('',*,*,#612,.T.);
#173=ORIENTED_EDGE('',*,*,#613,.T.);
#174=ORIENTED_EDGE('',*,*,#614,.T.);
#175=ORIENTED_EDGE('',*,*,#615,.T.);
#176=ORIENTED_EDGE('',*,*,#616,.F.);
#177=ORIENTED_EDGE('',*,*,#617,.T.);
#178=ORIENTED_EDGE('',*,*,#618,.F.);
#179=ORIENTED_EDGE('',*,*,#619,.T.);
#180=ORIENTED_EDGE('',*,*,#620,.T.);
#181=ORIENTED_EDGE('',*,*,#621,.T.);
#182=ORIENTED_EDGE('',*,*,#622,.T.);
#183=ORIENTED_EDGE('',*,*,#623,.T.);
#184=ORIENTED_EDGE('',*,*,#624,.F.);
#185=ORIENTED_EDGE('',*,*,#625,.F.);
#186=ORIENTED_EDGE('',*,*,#626,.F.);
#187=ORIENTED_EDGE('',*,*,#627,.T.);
#188=ORIENTED_EDGE('',*,*,#628,.T.);
#189=ORIENTED_EDGE('',*,*,#629,.T.);
#190=ORIENTED_EDGE('',*,*,#630,.T.);
#191=ORIENTED_EDGE('',*,*,#631,.F.);
#192=ORIENTED_EDGE('',*,*,#632,.F.);
#193=ORIENTED_EDGE('',*,*,#633,.T.);
#194=ORIENTED_EDGE('',*,*,#634,.T.);
#195=ORIENTED_EDGE('',*,*,#635,.T.);
#196=ORIENTED_EDGE('',*,*,#636,.T.);
#197=ORIENTED_EDGE('',*,*,#626,.T.);
#198=ORIENTED_EDGE('',*,*,#637,.T.);
#199=ORIENTED_EDGE('',*,*,#638,.F.);
#200=ORIENTED_EDGE('',*,*,#639,.F.);
#201=ORIENTED_EDGE('',*,*,#640,.F.);
#202=ORIENTED_EDGE('',*,*,#570,.F.);
#203=ORIENTED_EDGE('',*,*,#641,.F.);
#204=ORIENTED_EDGE('',*,*,#568,.F.);
#205=ORIENTED_EDGE('',*,*,#642,.T.);
#206=ORIENTED_EDGE('',*,*,#643,.F.);
#207=ORIENTED_EDGE('',*,*,#628,.F.);
#208=ORIENTED_EDGE('',*,*,#644,.T.);
#209=ORIENTED_EDGE('',*,*,#645,.T.);
#210=ORIENTED_EDGE('',*,*,#646,.F.);
#211=ORIENTED_EDGE('',*,*,#647,.T.);
#212=ORIENTED_EDGE('',*,*,#572,.F.);
#213=ORIENTED_EDGE('',*,*,#648,.T.);
#214=ORIENTED_EDGE('',*,*,#649,.T.);
#215=ORIENTED_EDGE('',*,*,#650,.F.);
#216=ORIENTED_EDGE('',*,*,#566,.F.);
#217=ORIENTED_EDGE('',*,*,#651,.T.);
#218=ORIENTED_EDGE('',*,*,#652,.T.);
#219=ORIENTED_EDGE('',*,*,#653,.T.);
#220=ORIENTED_EDGE('',*,*,#654,.T.);
#221=ORIENTED_EDGE('',*,*,#655,.T.);
#222=ORIENTED_EDGE('',*,*,#656,.T.);
#223=ORIENTED_EDGE('',*,*,#657,.F.);
#224=ORIENTED_EDGE('',*,*,#658,.F.);
#225=ORIENTED_EDGE('',*,*,#659,.F.);
#226=ORIENTED_EDGE('',*,*,#660,.T.);
#227=ORIENTED_EDGE('',*,*,#661,.T.);
#228=ORIENTED_EDGE('',*,*,#662,.F.);
#229=ORIENTED_EDGE('',*,*,#663,.F.);
#230=ORIENTED_EDGE('',*,*,#664,.T.);
#231=ORIENTED_EDGE('',*,*,#665,.F.);
#232=ORIENTED_EDGE('',*,*,#666,.F.);
#233=ORIENTED_EDGE('',*,*,#667,.F.);
#234=ORIENTED_EDGE('',*,*,#668,.F.);
#235=ORIENTED_EDGE('',*,*,#669,.F.);
#236=ORIENTED_EDGE('',*,*,#670,.T.);
#237=ORIENTED_EDGE('',*,*,#671,.F.);
#238=ORIENTED_EDGE('',*,*,#672,.T.);
#239=ORIENTED_EDGE('',*,*,#673,.F.);
#240=ORIENTED_EDGE('',*,*,#674,.F.);
#241=ORIENTED_EDGE('',*,*,#675,.F.);
#242=ORIENTED_EDGE('',*,*,#676,.F.);
#243=ORIENTED_EDGE('',*,*,#677,.F.);
#244=ORIENTED_EDGE('',*,*,#678,.T.);
#245=ORIENTED_EDGE('',*,*,#679,.F.);
#246=ORIENTED_EDGE('',*,*,#680,.T.);
#247=ORIENTED_EDGE('',*,*,#681,.F.);
#248=ORIENTED_EDGE('',*,*,#682,.F.);
#249=ORIENTED_EDGE('',*,*,#683,.F.);
#250=ORIENTED_EDGE('',*,*,#684,.F.);
#251=ORIENTED_EDGE('',*,*,#685,.F.);
#252=ORIENTED_EDGE('',*,*,#686,.T.);
#253=ORIENTED_EDGE('',*,*,#687,.F.);
#254=ORIENTED_EDGE('',*,*,#688,.T.);
#255=ORIENTED_EDGE('',*,*,#689,.F.);
#256=ORIENTED_EDGE('',*,*,#690,.T.);
#257=ORIENTED_EDGE('',*,*,#691,.F.);
#258=ORIENTED_EDGE('',*,*,#692,.F.);
#259=ORIENTED_EDGE('',*,*,#693,.F.);
#260=ORIENTED_EDGE('',*,*,#694,.F.);
#261=ORIENTED_EDGE('',*,*,#695,.F.);
#262=ORIENTED_EDGE('',*,*,#696,.T.);
#263=ORIENTED_EDGE('',*,*,#697,.F.);
#264=ORIENTED_EDGE('',*,*,#698,.T.);
#265=ORIENTED_EDGE('',*,*,#699,.F.);
#266=ORIENTED_EDGE('',*,*,#700,.F.);
#267=ORIENTED_EDGE('',*,*,#701,.F.);
#268=ORIENTED_EDGE('',*,*,#702,.F.);
#269=ORIENTED_EDGE('',*,*,#703,.F.);
#270=ORIENTED_EDGE('',*,*,#704,.T.);
#271=ORIENTED_EDGE('',*,*,#705,.F.);
#272=ORIENTED_EDGE('',*,*,#706,.T.);
#273=ORIENTED_EDGE('',*,*,#707,.F.);
#274=ORIENTED_EDGE('',*,*,#708,.F.);
#275=ORIENTED_EDGE('',*,*,#709,.F.);
#276=ORIENTED_EDGE('',*,*,#710,.F.);
#277=ORIENTED_EDGE('',*,*,#711,.F.);
#278=ORIENTED_EDGE('',*,*,#712,.T.);
#279=ORIENTED_EDGE('',*,*,#713,.T.);
#280=ORIENTED_EDGE('',*,*,#714,.F.);
#281=ORIENTED_EDGE('',*,*,#629,.F.);
#282=ORIENTED_EDGE('',*,*,#715,.F.);
#283=ORIENTED_EDGE('',*,*,#659,.T.);
#284=ORIENTED_EDGE('',*,*,#716,.T.);
#285=ORIENTED_EDGE('',*,*,#715,.T.);
#286=ORIENTED_EDGE('',*,*,#632,.T.);
#287=ORIENTED_EDGE('',*,*,#717,.F.);
#288=ORIENTED_EDGE('',*,*,#660,.F.);
#289=ORIENTED_EDGE('',*,*,#717,.T.);
#290=ORIENTED_EDGE('',*,*,#631,.T.);
#291=ORIENTED_EDGE('',*,*,#718,.F.);
#292=ORIENTED_EDGE('',*,*,#661,.F.);
#293=ORIENTED_EDGE('',*,*,#630,.F.);
#294=ORIENTED_EDGE('',*,*,#716,.F.);
#295=ORIENTED_EDGE('',*,*,#662,.T.);
#296=ORIENTED_EDGE('',*,*,#718,.T.);
#297=ORIENTED_EDGE('',*,*,#703,.T.);
#298=ORIENTED_EDGE('',*,*,#719,.F.);
#299=ORIENTED_EDGE('',*,*,#593,.F.);
#300=ORIENTED_EDGE('',*,*,#720,.T.);
#301=ORIENTED_EDGE('',*,*,#704,.F.);
#302=ORIENTED_EDGE('',*,*,#720,.F.);
#303=ORIENTED_EDGE('',*,*,#600,.T.);
#304=ORIENTED_EDGE('',*,*,#721,.T.);
#305=ORIENTED_EDGE('',*,*,#705,.T.);
#306=ORIENTED_EDGE('',*,*,#721,.F.);
#307=ORIENTED_EDGE('',*,*,#599,.F.);
#308=ORIENTED_EDGE('',*,*,#722,.T.);
#309=ORIENTED_EDGE('',*,*,#706,.F.);
#310=ORIENTED_EDGE('',*,*,#722,.F.);
#311=ORIENTED_EDGE('',*,*,#598,.T.);
#312=ORIENTED_EDGE('',*,*,#723,.T.);
#313=ORIENTED_EDGE('',*,*,#707,.T.);
#314=ORIENTED_EDGE('',*,*,#723,.F.);
#315=ORIENTED_EDGE('',*,*,#597,.F.);
#316=ORIENTED_EDGE('',*,*,#724,.T.);
#317=ORIENTED_EDGE('',*,*,#708,.T.);
#318=ORIENTED_EDGE('',*,*,#724,.F.);
#319=ORIENTED_EDGE('',*,*,#596,.F.);
#320=ORIENTED_EDGE('',*,*,#725,.T.);
#321=ORIENTED_EDGE('',*,*,#709,.T.);
#322=ORIENTED_EDGE('',*,*,#725,.F.);
#323=ORIENTED_EDGE('',*,*,#595,.F.);
#324=ORIENTED_EDGE('',*,*,#726,.T.);
#325=ORIENTED_EDGE('',*,*,#695,.T.);
#326=ORIENTED_EDGE('',*,*,#727,.F.);
#327=ORIENTED_EDGE('',*,*,#585,.F.);
#328=ORIENTED_EDGE('',*,*,#728,.T.);
#329=ORIENTED_EDGE('',*,*,#696,.F.);
#330=ORIENTED_EDGE('',*,*,#728,.F.);
#331=ORIENTED_EDGE('',*,*,#592,.T.);
#332=ORIENTED_EDGE('',*,*,#729,.T.);
#333=ORIENTED_EDGE('',*,*,#697,.T.);
#334=ORIENTED_EDGE('',*,*,#729,.F.);
#335=ORIENTED_EDGE('',*,*,#591,.F.);
#336=ORIENTED_EDGE('',*,*,#730,.T.);
#337=ORIENTED_EDGE('',*,*,#698,.F.);
#338=ORIENTED_EDGE('',*,*,#730,.F.);
#339=ORIENTED_EDGE('',*,*,#590,.T.);
#340=ORIENTED_EDGE('',*,*,#731,.T.);
#341=ORIENTED_EDGE('',*,*,#699,.T.);
#342=ORIENTED_EDGE('',*,*,#731,.F.);
#343=ORIENTED_EDGE('',*,*,#589,.F.);
#344=ORIENTED_EDGE('',*,*,#732,.T.);
#345=ORIENTED_EDGE('',*,*,#700,.T.);
#346=ORIENTED_EDGE('',*,*,#732,.F.);
#347=ORIENTED_EDGE('',*,*,#588,.F.);
#348=ORIENTED_EDGE('',*,*,#733,.T.);
#349=ORIENTED_EDGE('',*,*,#701,.T.);
#350=ORIENTED_EDGE('',*,*,#733,.F.);
#351=ORIENTED_EDGE('',*,*,#587,.F.);
#352=ORIENTED_EDGE('',*,*,#734,.T.);
#353=ORIENTED_EDGE('',*,*,#687,.T.);
#354=ORIENTED_EDGE('',*,*,#735,.F.);
#355=ORIENTED_EDGE('',*,*,#577,.F.);
#356=ORIENTED_EDGE('',*,*,#736,.T.);
#357=ORIENTED_EDGE('',*,*,#688,.F.);
#358=ORIENTED_EDGE('',*,*,#736,.F.);
#359=ORIENTED_EDGE('',*,*,#584,.T.);
#360=ORIENTED_EDGE('',*,*,#737,.T.);
#361=ORIENTED_EDGE('',*,*,#689,.T.);
#362=ORIENTED_EDGE('',*,*,#737,.F.);
#363=ORIENTED_EDGE('',*,*,#583,.F.);
#364=ORIENTED_EDGE('',*,*,#738,.T.);
#365=ORIENTED_EDGE('',*,*,#690,.F.);
#366=ORIENTED_EDGE('',*,*,#738,.F.);
#367=ORIENTED_EDGE('',*,*,#582,.T.);
#368=ORIENTED_EDGE('',*,*,#739,.T.);
#369=ORIENTED_EDGE('',*,*,#691,.T.);
#370=ORIENTED_EDGE('',*,*,#739,.F.);
#371=ORIENTED_EDGE('',*,*,#581,.F.);
#372=ORIENTED_EDGE('',*,*,#740,.T.);
#373=ORIENTED_EDGE('',*,*,#692,.T.);
#374=ORIENTED_EDGE('',*,*,#740,.F.);
#375=ORIENTED_EDGE('',*,*,#580,.F.);
#376=ORIENTED_EDGE('',*,*,#741,.T.);
#377=ORIENTED_EDGE('',*,*,#693,.T.);
#378=ORIENTED_EDGE('',*,*,#741,.F.);
#379=ORIENTED_EDGE('',*,*,#579,.F.);
#380=ORIENTED_EDGE('',*,*,#742,.T.);
#381=ORIENTED_EDGE('',*,*,#702,.T.);
#382=ORIENTED_EDGE('',*,*,#734,.F.);
#383=ORIENTED_EDGE('',*,*,#586,.F.);
#384=ORIENTED_EDGE('',*,*,#727,.T.);
#385=ORIENTED_EDGE('',*,*,#694,.T.);
#386=ORIENTED_EDGE('',*,*,#742,.F.);
#387=ORIENTED_EDGE('',*,*,#578,.F.);
#388=ORIENTED_EDGE('',*,*,#735,.T.);
#389=ORIENTED_EDGE('',*,*,#710,.T.);
#390=ORIENTED_EDGE('',*,*,#726,.F.);
#391=ORIENTED_EDGE('',*,*,#594,.F.);
#392=ORIENTED_EDGE('',*,*,#719,.T.);
#393=ORIENTED_EDGE('',*,*,#679,.T.);
#394=ORIENTED_EDGE('',*,*,#743,.F.);
#395=ORIENTED_EDGE('',*,*,#617,.F.);
#396=ORIENTED_EDGE('',*,*,#744,.T.);
#397=ORIENTED_EDGE('',*,*,#680,.F.);
#398=ORIENTED_EDGE('',*,*,#744,.F.);
#399=ORIENTED_EDGE('',*,*,#624,.T.);
#400=ORIENTED_EDGE('',*,*,#745,.T.);
#401=ORIENTED_EDGE('',*,*,#681,.T.);
#402=ORIENTED_EDGE('',*,*,#745,.F.);
#403=ORIENTED_EDGE('',*,*,#623,.F.);
#404=ORIENTED_EDGE('',*,*,#746,.T.);
#405=ORIENTED_EDGE('',*,*,#682,.T.);
#406=ORIENTED_EDGE('',*,*,#746,.F.);
#407=ORIENTED_EDGE('',*,*,#622,.F.);
#408=ORIENTED_EDGE('',*,*,#747,.T.);
#409=ORIENTED_EDGE('',*,*,#683,.T.);
#410=ORIENTED_EDGE('',*,*,#747,.F.);
#411=ORIENTED_EDGE('',*,*,#621,.F.);
#412=ORIENTED_EDGE('',*,*,#748,.T.);
#413=ORIENTED_EDGE('',*,*,#684,.T.);
#414=ORIENTED_EDGE('',*,*,#748,.F.);
#415=ORIENTED_EDGE('',*,*,#620,.F.);
#416=ORIENTED_EDGE('',*,*,#749,.T.);
#417=ORIENTED_EDGE('',*,*,#685,.T.);
#418=ORIENTED_EDGE('',*,*,#749,.F.);
#419=ORIENTED_EDGE('',*,*,#619,.F.);
#420=ORIENTED_EDGE('',*,*,#750,.T.);
#421=ORIENTED_EDGE('',*,*,#671,.T.);
#422=ORIENTED_EDGE('',*,*,#751,.F.);
#423=ORIENTED_EDGE('',*,*,#609,.F.);
#424=ORIENTED_EDGE('',*,*,#752,.T.);
#425=ORIENTED_EDGE('',*,*,#672,.F.);
#426=ORIENTED_EDGE('',*,*,#752,.F.);
#427=ORIENTED_EDGE('',*,*,#616,.T.);
#428=ORIENTED_EDGE('',*,*,#753,.T.);
#429=ORIENTED_EDGE('',*,*,#673,.T.);
#430=ORIENTED_EDGE('',*,*,#753,.F.);
#431=ORIENTED_EDGE('',*,*,#615,.F.);
#432=ORIENTED_EDGE('',*,*,#754,.T.);
#433=ORIENTED_EDGE('',*,*,#674,.T.);
#434=ORIENTED_EDGE('',*,*,#754,.F.);
#435=ORIENTED_EDGE('',*,*,#614,.F.);
#436=ORIENTED_EDGE('',*,*,#755,.T.);
#437=ORIENTED_EDGE('',*,*,#675,.T.);
#438=ORIENTED_EDGE('',*,*,#755,.F.);
#439=ORIENTED_EDGE('',*,*,#613,.F.);
#440=ORIENTED_EDGE('',*,*,#756,.T.);
#441=ORIENTED_EDGE('',*,*,#676,.T.);
#442=ORIENTED_EDGE('',*,*,#756,.F.);
#443=ORIENTED_EDGE('',*,*,#612,.F.);
#444=ORIENTED_EDGE('',*,*,#757,.T.);
#445=ORIENTED_EDGE('',*,*,#677,.T.);
#446=ORIENTED_EDGE('',*,*,#757,.F.);
#447=ORIENTED_EDGE('',*,*,#611,.F.);
#448=ORIENTED_EDGE('',*,*,#758,.T.);
#449=ORIENTED_EDGE('',*,*,#663,.T.);
#450=ORIENTED_EDGE('',*,*,#759,.F.);
#451=ORIENTED_EDGE('',*,*,#601,.F.);
#452=ORIENTED_EDGE('',*,*,#760,.T.);
#453=ORIENTED_EDGE('',*,*,#664,.F.);
#454=ORIENTED_EDGE('',*,*,#760,.F.);
#455=ORIENTED_EDGE('',*,*,#608,.T.);
#456=ORIENTED_EDGE('',*,*,#761,.T.);
#457=ORIENTED_EDGE('',*,*,#665,.T.);
#458=ORIENTED_EDGE('',*,*,#761,.F.);
#459=ORIENTED_EDGE('',*,*,#607,.F.);
#460=ORIENTED_EDGE('',*,*,#762,.T.);
#461=ORIENTED_EDGE('',*,*,#666,.T.);
#462=ORIENTED_EDGE('',*,*,#762,.F.);
#463=ORIENTED_EDGE('',*,*,#606,.F.);
#464=ORIENTED_EDGE('',*,*,#763,.T.);
#465=ORIENTED_EDGE('',*,*,#667,.T.);
#466=ORIENTED_EDGE('',*,*,#763,.F.);
#467=ORIENTED_EDGE('',*,*,#605,.F.);
#468=ORIENTED_EDGE('',*,*,#764,.T.);
#469=ORIENTED_EDGE('',*,*,#668,.T.);
#470=ORIENTED_EDGE('',*,*,#764,.F.);
#471=ORIENTED_EDGE('',*,*,#604,.F.);
#472=ORIENTED_EDGE('',*,*,#765,.T.);
#473=ORIENTED_EDGE('',*,*,#669,.T.);
#474=ORIENTED_EDGE('',*,*,#765,.F.);
#475=ORIENTED_EDGE('',*,*,#603,.F.);
#476=ORIENTED_EDGE('',*,*,#766,.T.);
#477=ORIENTED_EDGE('',*,*,#686,.F.);
#478=ORIENTED_EDGE('',*,*,#750,.F.);
#479=ORIENTED_EDGE('',*,*,#618,.T.);
#480=ORIENTED_EDGE('',*,*,#743,.T.);
#481=ORIENTED_EDGE('',*,*,#678,.F.);
#482=ORIENTED_EDGE('',*,*,#758,.F.);
#483=ORIENTED_EDGE('',*,*,#610,.T.);
#484=ORIENTED_EDGE('',*,*,#751,.T.);
#485=ORIENTED_EDGE('',*,*,#670,.F.);
#486=ORIENTED_EDGE('',*,*,#766,.F.);
#487=ORIENTED_EDGE('',*,*,#602,.T.);
#488=ORIENTED_EDGE('',*,*,#759,.T.);
#489=ORIENTED_EDGE('',*,*,#712,.F.);
#490=ORIENTED_EDGE('',*,*,#767,.F.);
#491=ORIENTED_EDGE('',*,*,#573,.T.);
#492=ORIENTED_EDGE('',*,*,#768,.T.);
#493=ORIENTED_EDGE('',*,*,#711,.T.);
#494=ORIENTED_EDGE('',*,*,#769,.F.);
#495=ORIENTED_EDGE('',*,*,#574,.F.);
#496=ORIENTED_EDGE('',*,*,#767,.T.);
#497=ORIENTED_EDGE('',*,*,#714,.T.);
#498=ORIENTED_EDGE('',*,*,#770,.F.);
#499=ORIENTED_EDGE('',*,*,#575,.F.);
#500=ORIENTED_EDGE('',*,*,#769,.T.);
#501=ORIENTED_EDGE('',*,*,#713,.F.);
#502=ORIENTED_EDGE('',*,*,#768,.F.);
#503=ORIENTED_EDGE('',*,*,#576,.T.);
#504=ORIENTED_EDGE('',*,*,#770,.T.);
#505=ORIENTED_EDGE('',*,*,#655,.F.);
#506=ORIENTED_EDGE('',*,*,#771,.F.);
#507=ORIENTED_EDGE('',*,*,#772,.T.);
#508=ORIENTED_EDGE('',*,*,#773,.T.);
#509=ORIENTED_EDGE('',*,*,#658,.T.);
#510=ORIENTED_EDGE('',*,*,#774,.F.);
#511=ORIENTED_EDGE('',*,*,#775,.F.);
#512=ORIENTED_EDGE('',*,*,#771,.T.);
#513=ORIENTED_EDGE('',*,*,#657,.T.);
#514=ORIENTED_EDGE('',*,*,#776,.F.);
#515=ORIENTED_EDGE('',*,*,#777,.F.);
#516=ORIENTED_EDGE('',*,*,#774,.T.);
#517=ORIENTED_EDGE('',*,*,#656,.F.);
#518=ORIENTED_EDGE('',*,*,#773,.F.);
#519=ORIENTED_EDGE('',*,*,#778,.T.);
#520=ORIENTED_EDGE('',*,*,#776,.T.);
#521=ORIENTED_EDGE('',*,*,#779,.T.);
#522=ORIENTED_EDGE('',*,*,#643,.T.);
#523=ORIENTED_EDGE('',*,*,#780,.F.);
#524=ORIENTED_EDGE('',*,*,#649,.F.);
#525=ORIENTED_EDGE('',*,*,#772,.F.);
#526=ORIENTED_EDGE('',*,*,#775,.T.);
#527=ORIENTED_EDGE('',*,*,#777,.T.);
#528=ORIENTED_EDGE('',*,*,#778,.F.);
#529=ORIENTED_EDGE('',*,*,#648,.F.);
#530=ORIENTED_EDGE('',*,*,#571,.T.);
#531=ORIENTED_EDGE('',*,*,#640,.T.);
#532=ORIENTED_EDGE('',*,*,#779,.F.);
#533=ORIENTED_EDGE('',*,*,#642,.F.);
#534=ORIENTED_EDGE('',*,*,#567,.T.);
#535=ORIENTED_EDGE('',*,*,#650,.T.);
#536=ORIENTED_EDGE('',*,*,#780,.T.);
#537=ORIENTED_EDGE('',*,*,#781,.T.);
#538=ORIENTED_EDGE('',*,*,#565,.T.);
#539=ORIENTED_EDGE('',*,*,#782,.F.);
#540=ORIENTED_EDGE('',*,*,#638,.T.);
#541=ORIENTED_EDGE('',*,*,#782,.T.);
#542=ORIENTED_EDGE('',*,*,#641,.T.);
#543=ORIENTED_EDGE('',*,*,#783,.T.);
#544=ORIENTED_EDGE('',*,*,#644,.F.);
#545=ORIENTED_EDGE('',*,*,#627,.F.);
#546=ORIENTED_EDGE('',*,*,#639,.T.);
#547=ORIENTED_EDGE('',*,*,#781,.F.);
#548=ORIENTED_EDGE('',*,*,#637,.F.);
#549=ORIENTED_EDGE('',*,*,#625,.T.);
#550=ORIENTED_EDGE('',*,*,#646,.T.);
#551=ORIENTED_EDGE('',*,*,#784,.F.);
#552=ORIENTED_EDGE('',*,*,#647,.F.);
#553=ORIENTED_EDGE('',*,*,#783,.F.);
#554=ORIENTED_EDGE('',*,*,#569,.T.);
#555=ORIENTED_EDGE('',*,*,#784,.T.);
#556=ORIENTED_EDGE('',*,*,#645,.F.);
#557=ORIENTED_EDGE('',*,*,#636,.F.);
#558=ORIENTED_EDGE('',*,*,#654,.F.);
#559=ORIENTED_EDGE('',*,*,#635,.F.);
#560=ORIENTED_EDGE('',*,*,#653,.F.);
#561=ORIENTED_EDGE('',*,*,#634,.F.);
#562=ORIENTED_EDGE('',*,*,#652,.F.);
#563=ORIENTED_EDGE('',*,*,#633,.F.);
#564=ORIENTED_EDGE('',*,*,#651,.F.);
#565=EDGE_CURVE('',#785,#786,#933,.F.);
#566=EDGE_CURVE('',#785,#787,#121,.T.);
#567=EDGE_CURVE('',#788,#787,#934,.F.);
#568=EDGE_CURVE('',#788,#786,#122,.T.);
#569=EDGE_CURVE('',#789,#790,#935,.T.);
#570=EDGE_CURVE('',#789,#791,#123,.T.);
#571=EDGE_CURVE('',#792,#791,#936,.F.);
#572=EDGE_CURVE('',#792,#790,#124,.T.);
#573=EDGE_CURVE('',#793,#794,#937,.T.);
#574=EDGE_CURVE('',#793,#795,#938,.T.);
#575=EDGE_CURVE('',#795,#796,#939,.T.);
#576=EDGE_CURVE('',#794,#796,#940,.T.);
#577=EDGE_CURVE('',#797,#798,#16,.T.);
#578=EDGE_CURVE('',#798,#799,#941,.T.);
#579=EDGE_CURVE('',#799,#800,#17,.T.);
#580=EDGE_CURVE('',#800,#801,#942,.T.);
#581=EDGE_CURVE('',#801,#802,#18,.T.);
#582=EDGE_CURVE('',#803,#802,#943,.T.);
#583=EDGE_CURVE('',#803,#804,#19,.T.);
#584=EDGE_CURVE('',#797,#804,#944,.T.);
#585=EDGE_CURVE('',#805,#806,#20,.T.);
#586=EDGE_CURVE('',#806,#807,#945,.T.);
#587=EDGE_CURVE('',#807,#808,#21,.T.);
#588=EDGE_CURVE('',#808,#809,#946,.T.);
#589=EDGE_CURVE('',#809,#810,#22,.T.);
#590=EDGE_CURVE('',#811,#810,#947,.T.);
#591=EDGE_CURVE('',#811,#812,#23,.T.);
#592=EDGE_CURVE('',#805,#812,#948,.T.);
#593=EDGE_CURVE('',#813,#814,#24,.T.);
#594=EDGE_CURVE('',#814,#815,#949,.T.);
#595=EDGE_CURVE('',#815,#816,#25,.T.);
#596=EDGE_CURVE('',#816,#817,#950,.T.);
#597=EDGE_CURVE('',#817,#818,#26,.T.);
#598=EDGE_CURVE('',#819,#818,#951,.T.);
#599=EDGE_CURVE('',#819,#820,#27,.T.);
#600=EDGE_CURVE('',#813,#820,#952,.T.);
#601=EDGE_CURVE('',#821,#822,#28,.T.);
#602=EDGE_CURVE('',#823,#822,#953,.T.);
#603=EDGE_CURVE('',#823,#824,#29,.T.);
#604=EDGE_CURVE('',#824,#825,#954,.T.);
#605=EDGE_CURVE('',#825,#826,#30,.T.);
#606=EDGE_CURVE('',#826,#827,#955,.T.);
#607=EDGE_CURVE('',#827,#828,#31,.T.);
#608=EDGE_CURVE('',#821,#828,#956,.T.);
#609=EDGE_CURVE('',#829,#830,#32,.T.);
#610=EDGE_CURVE('',#831,#830,#957,.T.);
#611=EDGE_CURVE('',#831,#832,#33,.T.);
#612=EDGE_CURVE('',#832,#833,#958,.T.);
#613=EDGE_CURVE('',#833,#834,#34,.T.);
#614=EDGE_CURVE('',#834,#835,#959,.T.);
#615=EDGE_CURVE('',#835,#836,#35,.T.);
#616=EDGE_CURVE('',#829,#836,#960,.T.);
#617=EDGE_CURVE('',#837,#838,#36,.T.);
#618=EDGE_CURVE('',#839,#838,#961,.T.);
#619=EDGE_CURVE('',#839,#840,#37,.T.);
#620=EDGE_CURVE('',#840,#841,#962,.T.);
#621=EDGE_CURVE('',#841,#842,#38,.T.);
#622=EDGE_CURVE('',#842,#843,#963,.T.);
#623=EDGE_CURVE('',#843,#844,#39,.T.);
#624=EDGE_CURVE('',#837,#844,#964,.T.);
#625=EDGE_CURVE('',#845,#846,#965,.T.);
#626=EDGE_CURVE('',#847,#845,#966,.T.);
#627=EDGE_CURVE('',#847,#848,#967,.T.);
#628=EDGE_CURVE('',#848,#846,#968,.T.);
#629=EDGE_CURVE('',#849,#850,#969,.T.);
#630=EDGE_CURVE('',#850,#851,#970,.T.);
#631=EDGE_CURVE('',#852,#851,#971,.T.);
#632=EDGE_CURVE('',#849,#852,#972,.T.);
#633=EDGE_CURVE('',#853,#853,#40,.T.);
#634=EDGE_CURVE('',#854,#854,#41,.T.);
#635=EDGE_CURVE('',#855,#855,#42,.T.);
#636=EDGE_CURVE('',#856,#856,#43,.T.);
#637=EDGE_CURVE('',#845,#857,#973,.T.);
#638=EDGE_CURVE('',#858,#857,#974,.T.);
#639=EDGE_CURVE('',#847,#858,#975,.T.);
#640=EDGE_CURVE('',#791,#859,#976,.F.);
#641=EDGE_CURVE('',#786,#789,#977,.T.);
#642=EDGE_CURVE('',#788,#860,#978,.T.);
#643=EDGE_CURVE('',#859,#860,#979,.F.);
#644=EDGE_CURVE('',#848,#861,#980,.T.);
#645=EDGE_CURVE('',#861,#862,#981,.T.);
#646=EDGE_CURVE('',#846,#862,#982,.T.);
#647=EDGE_CURVE('',#785,#790,#983,.T.);
#648=EDGE_CURVE('',#792,#863,#984,.T.);
#649=EDGE_CURVE('',#863,#864,#985,.T.);
#650=EDGE_CURVE('',#787,#864,#986,.F.);
#651=EDGE_CURVE('',#865,#865,#44,.T.);
#652=EDGE_CURVE('',#866,#866,#45,.T.);
#653=EDGE_CURVE('',#867,#867,#46,.T.);
#654=EDGE_CURVE('',#868,#868,#47,.T.);
#655=EDGE_CURVE('',#869,#870,#987,.T.);
#656=EDGE_CURVE('',#870,#871,#988,.T.);
#657=EDGE_CURVE('',#872,#871,#989,.F.);
#658=EDGE_CURVE('',#869,#872,#990,.F.);
#659=EDGE_CURVE('',#873,#874,#991,.T.);
#660=EDGE_CURVE('',#873,#875,#992,.T.);
#661=EDGE_CURVE('',#875,#876,#993,.T.);
#662=EDGE_CURVE('',#874,#876,#994,.T.);
#663=EDGE_CURVE('',#877,#878,#48,.T.);
#664=EDGE_CURVE('',#877,#879,#995,.T.);
#665=EDGE_CURVE('',#880,#879,#49,.T.);
#666=EDGE_CURVE('',#881,#880,#996,.T.);
#667=EDGE_CURVE('',#882,#881,#50,.T.);
#668=EDGE_CURVE('',#883,#882,#997,.T.);
#669=EDGE_CURVE('',#884,#883,#51,.T.);
#670=EDGE_CURVE('',#884,#878,#998,.T.);
#671=EDGE_CURVE('',#885,#886,#52,.T.);
#672=EDGE_CURVE('',#885,#887,#999,.T.);
#673=EDGE_CURVE('',#888,#887,#53,.T.);
#674=EDGE_CURVE('',#889,#888,#1000,.T.);
#675=EDGE_CURVE('',#890,#889,#54,.T.);
#676=EDGE_CURVE('',#891,#890,#1001,.T.);
#677=EDGE_CURVE('',#892,#891,#55,.T.);
#678=EDGE_CURVE('',#892,#886,#1002,.T.);
#679=EDGE_CURVE('',#893,#894,#56,.T.);
#680=EDGE_CURVE('',#893,#895,#1003,.T.);
#681=EDGE_CURVE('',#896,#895,#57,.T.);
#682=EDGE_CURVE('',#897,#896,#1004,.T.);
#683=EDGE_CURVE('',#898,#897,#58,.T.);
#684=EDGE_CURVE('',#899,#898,#1005,.T.);
#685=EDGE_CURVE('',#900,#899,#59,.T.);
#686=EDGE_CURVE('',#900,#894,#1006,.T.);
#687=EDGE_CURVE('',#901,#902,#60,.T.);
#688=EDGE_CURVE('',#901,#903,#1007,.T.);
#689=EDGE_CURVE('',#904,#903,#61,.T.);
#690=EDGE_CURVE('',#904,#905,#1008,.T.);
#691=EDGE_CURVE('',#906,#905,#62,.T.);
#692=EDGE_CURVE('',#907,#906,#1009,.T.);
#693=EDGE_CURVE('',#908,#907,#63,.T.);
#694=EDGE_CURVE('',#902,#908,#1010,.T.);
#695=EDGE_CURVE('',#909,#910,#64,.T.);
#696=EDGE_CURVE('',#909,#911,#1011,.T.);
#697=EDGE_CURVE('',#912,#911,#65,.T.);
#698=EDGE_CURVE('',#912,#913,#1012,.T.);
#699=EDGE_CURVE('',#914,#913,#66,.T.);
#700=EDGE_CURVE('',#915,#914,#1013,.T.);
#701=EDGE_CURVE('',#916,#915,#67,.T.);
#702=EDGE_CURVE('',#910,#916,#1014,.T.);
#703=EDGE_CURVE('',#917,#918,#68,.T.);
#704=EDGE_CURVE('',#917,#919,#1015,.T.);
#705=EDGE_CURVE('',#920,#919,#69,.T.);
#706=EDGE_CURVE('',#920,#921,#1016,.T.);
#707=EDGE_CURVE('',#922,#921,#70,.T.);
#708=EDGE_CURVE('',#923,#922,#1017,.T.);
#709=EDGE_CURVE('',#924,#923,#71,.T.);
#710=EDGE_CURVE('',#918,#924,#1018,.T.);
#711=EDGE_CURVE('',#925,#926,#1019,.T.);
#712=EDGE_CURVE('',#925,#927,#1020,.T.);
#713=EDGE_CURVE('',#927,#928,#1021,.T.);
#714=EDGE_CURVE('',#926,#928,#1022,.T.);
#715=EDGE_CURVE('',#873,#849,#1023,.T.);
#716=EDGE_CURVE('',#874,#850,#1024,.T.);
#717=EDGE_CURVE('',#875,#852,#1025,.T.);
#718=EDGE_CURVE('',#876,#851,#1026,.T.);
#719=EDGE_CURVE('',#814,#918,#1027,.T.);
#720=EDGE_CURVE('',#813,#917,#1028,.T.);
#721=EDGE_CURVE('',#820,#919,#1029,.T.);
#722=EDGE_CURVE('',#819,#920,#1030,.T.);
#723=EDGE_CURVE('',#818,#921,#1031,.T.);
#724=EDGE_CURVE('',#817,#922,#1032,.T.);
#725=EDGE_CURVE('',#816,#923,#1033,.T.);
#726=EDGE_CURVE('',#815,#924,#1034,.T.);
#727=EDGE_CURVE('',#806,#910,#1035,.T.);
#728=EDGE_CURVE('',#805,#909,#1036,.T.);
#729=EDGE_CURVE('',#812,#911,#1037,.T.);
#730=EDGE_CURVE('',#811,#912,#1038,.T.);
#731=EDGE_CURVE('',#810,#913,#1039,.T.);
#732=EDGE_CURVE('',#809,#914,#1040,.T.);
#733=EDGE_CURVE('',#808,#915,#1041,.T.);
#734=EDGE_CURVE('',#807,#916,#1042,.T.);
#735=EDGE_CURVE('',#798,#902,#1043,.T.);
#736=EDGE_CURVE('',#797,#901,#1044,.T.);
#737=EDGE_CURVE('',#804,#903,#1045,.T.);
#738=EDGE_CURVE('',#803,#904,#1046,.T.);
#739=EDGE_CURVE('',#802,#905,#1047,.T.);
#740=EDGE_CURVE('',#801,#906,#1048,.T.);
#741=EDGE_CURVE('',#800,#907,#1049,.T.);
#742=EDGE_CURVE('',#799,#908,#1050,.T.);
#743=EDGE_CURVE('',#838,#894,#1051,.T.);
#744=EDGE_CURVE('',#837,#893,#1052,.T.);
#745=EDGE_CURVE('',#844,#895,#1053,.T.);
#746=EDGE_CURVE('',#843,#896,#1054,.T.);
#747=EDGE_CURVE('',#842,#897,#1055,.T.);
#748=EDGE_CURVE('',#841,#898,#1056,.T.);
#749=EDGE_CURVE('',#840,#899,#1057,.T.);
#750=EDGE_CURVE('',#839,#900,#1058,.T.);
#751=EDGE_CURVE('',#830,#886,#1059,.T.);
#752=EDGE_CURVE('',#829,#885,#1060,.T.);
#753=EDGE_CURVE('',#836,#887,#1061,.T.);
#754=EDGE_CURVE('',#835,#888,#1062,.T.);
#755=EDGE_CURVE('',#834,#889,#1063,.T.);
#756=EDGE_CURVE('',#833,#890,#1064,.T.);
#757=EDGE_CURVE('',#832,#891,#1065,.T.);
#758=EDGE_CURVE('',#831,#892,#1066,.T.);
#759=EDGE_CURVE('',#822,#878,#1067,.T.);
#760=EDGE_CURVE('',#821,#877,#1068,.T.);
#761=EDGE_CURVE('',#828,#879,#1069,.T.);
#762=EDGE_CURVE('',#827,#880,#1070,.T.);
#763=EDGE_CURVE('',#826,#881,#1071,.T.);
#764=EDGE_CURVE('',#825,#882,#1072,.T.);
#765=EDGE_CURVE('',#824,#883,#1073,.T.);
#766=EDGE_CURVE('',#823,#884,#1074,.T.);
#767=EDGE_CURVE('',#793,#925,#1075,.T.);
#768=EDGE_CURVE('',#794,#927,#1076,.T.);
#769=EDGE_CURVE('',#795,#926,#1077,.T.);
#770=EDGE_CURVE('',#796,#928,#1078,.T.);
#771=EDGE_CURVE('',#929,#869,#1079,.F.);
#772=EDGE_CURVE('',#929,#930,#1080,.T.);
#773=EDGE_CURVE('',#930,#870,#1081,.T.);
#774=EDGE_CURVE('',#931,#872,#1082,.T.);
#775=EDGE_CURVE('',#929,#931,#1083,.F.);
#776=EDGE_CURVE('',#932,#871,#1084,.F.);
#777=EDGE_CURVE('',#931,#932,#1085,.F.);
#778=EDGE_CURVE('',#930,#932,#1086,.T.);
#779=EDGE_CURVE('',#863,#859,#1087,.T.);
#780=EDGE_CURVE('',#864,#860,#1088,.F.);
#781=EDGE_CURVE('',#857,#785,#1089,.T.);
#782=EDGE_CURVE('',#858,#786,#1090,.T.);
#783=EDGE_CURVE('',#789,#861,#1091,.T.);
#784=EDGE_CURVE('',#790,#862,#1092,.T.);
#785=VERTEX_POINT('',#2178);
#786=VERTEX_POINT('',#2179);
#787=VERTEX_POINT('',#2181);
#788=VERTEX_POINT('',#2183);
#789=VERTEX_POINT('',#2187);
#790=VERTEX_POINT('',#2188);
#791=VERTEX_POINT('',#2190);
#792=VERTEX_POINT('',#2192);
#793=VERTEX_POINT('',#2196);
#794=VERTEX_POINT('',#2197);
#795=VERTEX_POINT('',#2199);
#796=VERTEX_POINT('',#2201);
#797=VERTEX_POINT('',#2204);
#798=VERTEX_POINT('',#2205);
#799=VERTEX_POINT('',#2207);
#800=VERTEX_POINT('',#2209);
#801=VERTEX_POINT('',#2211);
#802=VERTEX_POINT('',#2213);
#803=VERTEX_POINT('',#2215);
#804=VERTEX_POINT('',#2217);
#805=VERTEX_POINT('',#2220);
#806=VERTEX_POINT('',#2221);
#807=VERTEX_POINT('',#2223);
#808=VERTEX_POINT('',#2225);
#809=VERTEX_POINT('',#2227);
#810=VERTEX_POINT('',#2229);
#811=VERTEX_POINT('',#2231);
#812=VERTEX_POINT('',#2233);
#813=VERTEX_POINT('',#2236);
#814=VERTEX_POINT('',#2237);
#815=VERTEX_POINT('',#2239);
#816=VERTEX_POINT('',#2241);
#817=VERTEX_POINT('',#2243);
#818=VERTEX_POINT('',#2245);
#819=VERTEX_POINT('',#2247);
#820=VERTEX_POINT('',#2249);
#821=VERTEX_POINT('',#2252);
#822=VERTEX_POINT('',#2253);
#823=VERTEX_POINT('',#2255);
#824=VERTEX_POINT('',#2257);
#825=VERTEX_POINT('',#2259);
#826=VERTEX_POINT('',#2261);
#827=VERTEX_POINT('',#2263);
#828=VERTEX_POINT('',#2265);
#829=VERTEX_POINT('',#2268);
#830=VERTEX_POINT('',#2269);
#831=VERTEX_POINT('',#2271);
#832=VERTEX_POINT('',#2273);
#833=VERTEX_POINT('',#2275);
#834=VERTEX_POINT('',#2277);
#835=VERTEX_POINT('',#2279);
#836=VERTEX_POINT('',#2281);
#837=VERTEX_POINT('',#2284);
#838=VERTEX_POINT('',#2285);
#839=VERTEX_POINT('',#2287);
#840=VERTEX_POINT('',#2289);
#841=VERTEX_POINT('',#2291);
#842=VERTEX_POINT('',#2293);
#843=VERTEX_POINT('',#2295);
#844=VERTEX_POINT('',#2297);
#845=VERTEX_POINT('',#2300);
#846=VERTEX_POINT('',#2301);
#847=VERTEX_POINT('',#2303);
#848=VERTEX_POINT('',#2305);
#849=VERTEX_POINT('',#2308);
#850=VERTEX_POINT('',#2309);
#851=VERTEX_POINT('',#2311);
#852=VERTEX_POINT('',#2313);
#853=VERTEX_POINT('',#2316);
#854=VERTEX_POINT('',#2318);
#855=VERTEX_POINT('',#2320);
#856=VERTEX_POINT('',#2322);
#857=VERTEX_POINT('',#2325);
#858=VERTEX_POINT('',#2327);
#859=VERTEX_POINT('',#2331);
#860=VERTEX_POINT('',#2334);
#861=VERTEX_POINT('',#2338);
#862=VERTEX_POINT('',#2340);
#863=VERTEX_POINT('',#2345);
#864=VERTEX_POINT('',#2347);
#865=VERTEX_POINT('',#2351);
#866=VERTEX_POINT('',#2353);
#867=VERTEX_POINT('',#2355);
#868=VERTEX_POINT('',#2357);
#869=VERTEX_POINT('',#2359);
#870=VERTEX_POINT('',#2360);
#871=VERTEX_POINT('',#2362);
#872=VERTEX_POINT('',#2364);
#873=VERTEX_POINT('',#2367);
#874=VERTEX_POINT('',#2368);
#875=VERTEX_POINT('',#2370);
#876=VERTEX_POINT('',#2372);
#877=VERTEX_POINT('',#2375);
#878=VERTEX_POINT('',#2376);
#879=VERTEX_POINT('',#2378);
#880=VERTEX_POINT('',#2380);
#881=VERTEX_POINT('',#2382);
#882=VERTEX_POINT('',#2384);
#883=VERTEX_POINT('',#2386);
#884=VERTEX_POINT('',#2388);
#885=VERTEX_POINT('',#2391);
#886=VERTEX_POINT('',#2392);
#887=VERTEX_POINT('',#2394);
#888=VERTEX_POINT('',#2396);
#889=VERTEX_POINT('',#2398);
#890=VERTEX_POINT('',#2400);
#891=VERTEX_POINT('',#2402);
#892=VERTEX_POINT('',#2404);
#893=VERTEX_POINT('',#2407);
#894=VERTEX_POINT('',#2408);
#895=VERTEX_POINT('',#2410);
#896=VERTEX_POINT('',#2412);
#897=VERTEX_POINT('',#2414);
#898=VERTEX_POINT('',#2416);
#899=VERTEX_POINT('',#2418);
#900=VERTEX_POINT('',#2420);
#901=VERTEX_POINT('',#2423);
#902=VERTEX_POINT('',#2424);
#903=VERTEX_POINT('',#2426);
#904=VERTEX_POINT('',#2428);
#905=VERTEX_POINT('',#2430);
#906=VERTEX_POINT('',#2432);
#907=VERTEX_POINT('',#2434);
#908=VERTEX_POINT('',#2436);
#909=VERTEX_POINT('',#2439);
#910=VERTEX_POINT('',#2440);
#911=VERTEX_POINT('',#2442);
#912=VERTEX_POINT('',#2444);
#913=VERTEX_POINT('',#2446);
#914=VERTEX_POINT('',#2448);
#915=VERTEX_POINT('',#2450);
#916=VERTEX_POINT('',#2452);
#917=VERTEX_POINT('',#2455);
#918=VERTEX_POINT('',#2456);
#919=VERTEX_POINT('',#2458);
#920=VERTEX_POINT('',#2460);
#921=VERTEX_POINT('',#2462);
#922=VERTEX_POINT('',#2464);
#923=VERTEX_POINT('',#2466);
#924=VERTEX_POINT('',#2468);
#925=VERTEX_POINT('',#2471);
#926=VERTEX_POINT('',#2472);
#927=VERTEX_POINT('',#2474);
#928=VERTEX_POINT('',#2476);
#929=VERTEX_POINT('',#2592);
#930=VERTEX_POINT('',#2594);
#931=VERTEX_POINT('',#2598);
#932=VERTEX_POINT('',#2602);
#933=LINE('',#2177,#1093);
#934=LINE('',#2182,#1094);
#935=LINE('',#2186,#1095);
#936=LINE('',#2191,#1096);
#937=LINE('',#2195,#1097);
#938=LINE('',#2198,#1098);
#939=LINE('',#2200,#1099);
#940=LINE('',#2202,#1100);
#941=LINE('',#2206,#1101);
#942=LINE('',#2210,#1102);
#943=LINE('',#2214,#1103);
#944=LINE('',#2218,#1104);
#945=LINE('',#2222,#1105);
#946=LINE('',#2226,#1106);
#947=LINE('',#2230,#1107);
#948=LINE('',#2234,#1108);
#949=LINE('',#2238,#1109);
#950=LINE('',#2242,#1110);
#951=LINE('',#2246,#1111);
#952=LINE('',#2250,#1112);
#953=LINE('',#2254,#1113);
#954=LINE('',#2258,#1114);
#955=LINE('',#2262,#1115);
#956=LINE('',#2266,#1116);
#957=LINE('',#2270,#1117);
#958=LINE('',#2274,#1118);
#959=LINE('',#2278,#1119);
#960=LINE('',#2282,#1120);
#961=LINE('',#2286,#1121);
#962=LINE('',#2290,#1122);
#963=LINE('',#2294,#1123);
#964=LINE('',#2298,#1124);
#965=LINE('',#2299,#1125);
#966=LINE('',#2302,#1126);
#967=LINE('',#2304,#1127);
#968=LINE('',#2306,#1128);
#969=LINE('',#2307,#1129);
#970=LINE('',#2310,#1130);
#971=LINE('',#2312,#1131);
#972=LINE('',#2314,#1132);
#973=LINE('',#2324,#1133);
#974=LINE('',#2326,#1134);
#975=LINE('',#2328,#1135);
#976=LINE('',#2330,#1136);
#977=LINE('',#2332,#1137);
#978=LINE('',#2333,#1138);
#979=LINE('',#2335,#1139);
#980=LINE('',#2337,#1140);
#981=LINE('',#2339,#1141);
#982=LINE('',#2341,#1142);
#983=LINE('',#2343,#1143);
#984=LINE('',#2344,#1144);
#985=LINE('',#2346,#1145);
#986=LINE('',#2348,#1146);
#987=LINE('',#2358,#1147);
#988=LINE('',#2361,#1148);
#989=LINE('',#2363,#1149);
#990=LINE('',#2365,#1150);
#991=LINE('',#2366,#1151);
#992=LINE('',#2369,#1152);
#993=LINE('',#2371,#1153);
#994=LINE('',#2373,#1154);
#995=LINE('',#2377,#1155);
#996=LINE('',#2381,#1156);
#997=LINE('',#2385,#1157);
#998=LINE('',#2389,#1158);
#999=LINE('',#2393,#1159);
#1000=LINE('',#2397,#1160);
#1001=LINE('',#2401,#1161);
#1002=LINE('',#2405,#1162);
#1003=LINE('',#2409,#1163);
#1004=LINE('',#2413,#1164);
#1005=LINE('',#2417,#1165);
#1006=LINE('',#2421,#1166);
#1007=LINE('',#2425,#1167);
#1008=LINE('',#2429,#1168);
#1009=LINE('',#2433,#1169);
#1010=LINE('',#2437,#1170);
#1011=LINE('',#2441,#1171);
#1012=LINE('',#2445,#1172);
#1013=LINE('',#2449,#1173);
#1014=LINE('',#2453,#1174);
#1015=LINE('',#2457,#1175);
#1016=LINE('',#2461,#1176);
#1017=LINE('',#2465,#1177);
#1018=LINE('',#2469,#1178);
#1019=LINE('',#2470,#1179);
#1020=LINE('',#2473,#1180);
#1021=LINE('',#2475,#1181);
#1022=LINE('',#2477,#1182);
#1023=LINE('',#2479,#1183);
#1024=LINE('',#2480,#1184);
#1025=LINE('',#2482,#1185);
#1026=LINE('',#2484,#1186);
#1027=LINE('',#2487,#1187);
#1028=LINE('',#2488,#1188);
#1029=LINE('',#2490,#1189);
#1030=LINE('',#2492,#1190);
#1031=LINE('',#2494,#1191);
#1032=LINE('',#2496,#1192);
#1033=LINE('',#2498,#1193);
#1034=LINE('',#2500,#1194);
#1035=LINE('',#2502,#1195);
#1036=LINE('',#2503,#1196);
#1037=LINE('',#2505,#1197);
#1038=LINE('',#2507,#1198);
#1039=LINE('',#2509,#1199);
#1040=LINE('',#2511,#1200);
#1041=LINE('',#2513,#1201);
#1042=LINE('',#2515,#1202);
#1043=LINE('',#2517,#1203);
#1044=LINE('',#2518,#1204);
#1045=LINE('',#2520,#1205);
#1046=LINE('',#2522,#1206);
#1047=LINE('',#2524,#1207);
#1048=LINE('',#2526,#1208);
#1049=LINE('',#2528,#1209);
#1050=LINE('',#2530,#1210);
#1051=LINE('',#2535,#1211);
#1052=LINE('',#2536,#1212);
#1053=LINE('',#2538,#1213);
#1054=LINE('',#2540,#1214);
#1055=LINE('',#2542,#1215);
#1056=LINE('',#2544,#1216);
#1057=LINE('',#2546,#1217);
#1058=LINE('',#2548,#1218);
#1059=LINE('',#2550,#1219);
#1060=LINE('',#2551,#1220);
#1061=LINE('',#2553,#1221);
#1062=LINE('',#2555,#1222);
#1063=LINE('',#2557,#1223);
#1064=LINE('',#2559,#1224);
#1065=LINE('',#2561,#1225);
#1066=LINE('',#2563,#1226);
#1067=LINE('',#2565,#1227);
#1068=LINE('',#2566,#1228);
#1069=LINE('',#2568,#1229);
#1070=LINE('',#2570,#1230);
#1071=LINE('',#2572,#1231);
#1072=LINE('',#2574,#1232);
#1073=LINE('',#2576,#1233);
#1074=LINE('',#2578,#1234);
#1075=LINE('',#2583,#1235);
#1076=LINE('',#2584,#1236);
#1077=LINE('',#2586,#1237);
#1078=LINE('',#2588,#1238);
#1079=LINE('',#2591,#1239);
#1080=LINE('',#2593,#1240);
#1081=LINE('',#2595,#1241);
#1082=LINE('',#2597,#1242);
#1083=LINE('',#2599,#1243);
#1084=LINE('',#2601,#1244);
#1085=LINE('',#2603,#1245);
#1086=LINE('',#2605,#1246);
#1087=LINE('',#2607,#1247);
#1088=LINE('',#2608,#1248);
#1089=LINE('',#2612,#1249);
#1090=LINE('',#2613,#1250);
#1091=LINE('',#2615,#1251);
#1092=LINE('',#2617,#1252);
#1093=VECTOR('',#1737,1.);
#1094=VECTOR('',#1740,1.);
#1095=VECTOR('',#1745,1.);
#1096=VECTOR('',#1748,1.);
#1097=VECTOR('',#1753,1.);
#1098=VECTOR('',#1754,1.);
#1099=VECTOR('',#1755,1.);
#1100=VECTOR('',#1756,1.);
#1101=VECTOR('',#1759,1.);
#1102=VECTOR('',#1762,1.);
#1103=VECTOR('',#1765,1.);
#1104=VECTOR('',#1768,1.);
#1105=VECTOR('',#1771,1.);
#1106=VECTOR('',#1774,1.);
#1107=VECTOR('',#1777,1.);
#1108=VECTOR('',#1780,1.);
#1109=VECTOR('',#1783,1.);
#1110=VECTOR('',#1786,1.);
#1111=VECTOR('',#1789,1.);
#1112=VECTOR('',#1792,1.);
#1113=VECTOR('',#1795,1.);
#1114=VECTOR('',#1798,1.);
#1115=VECTOR('',#1801,1.);
#1116=VECTOR('',#1804,1.);
#1117=VECTOR('',#1807,1.);
#1118=VECTOR('',#1810,1.);
#1119=VECTOR('',#1813,1.);
#1120=VECTOR('',#1816,1.);
#1121=VECTOR('',#1819,1.);
#1122=VECTOR('',#1822,1.);
#1123=VECTOR('',#1825,1.);
#1124=VECTOR('',#1828,1.);
#1125=VECTOR('',#1829,1.);
#1126=VECTOR('',#1830,1.);
#1127=VECTOR('',#1831,1.);
#1128=VECTOR('',#1832,1.);
#1129=VECTOR('',#1833,1.);
#1130=VECTOR('',#1834,1.);
#1131=VECTOR('',#1835,1.);
#1132=VECTOR('',#1836,1.);
#1133=VECTOR('',#1847,1.);
#1134=VECTOR('',#1848,1.);
#1135=VECTOR('',#1849,1.);
#1136=VECTOR('',#1852,1.);
#1137=VECTOR('',#1853,1.);
#1138=VECTOR('',#1854,1.);
#1139=VECTOR('',#1855,1.);
#1140=VECTOR('',#1858,1.);
#1141=VECTOR('',#1859,1.);
#1142=VECTOR('',#1860,1.);
#1143=VECTOR('',#1863,1.);
#1144=VECTOR('',#1864,1.);
#1145=VECTOR('',#1865,1.);
#1146=VECTOR('',#1866,1.);
#1147=VECTOR('',#1877,1.);
#1148=VECTOR('',#1878,1.);
#1149=VECTOR('',#1879,1.);
#1150=VECTOR('',#1880,1.);
#1151=VECTOR('',#1881,1.);
#1152=VECTOR('',#1882,1.);
#1153=VECTOR('',#1883,1.);
#1154=VECTOR('',#1884,1.);
#1155=VECTOR('',#1887,1.);
#1156=VECTOR('',#1890,1.);
#1157=VECTOR('',#1893,1.);
#1158=VECTOR('',#1896,1.);
#1159=VECTOR('',#1899,1.);
#1160=VECTOR('',#1902,1.);
#1161=VECTOR('',#1905,1.);
#1162=VECTOR('',#1908,1.);
#1163=VECTOR('',#1911,1.);
#1164=VECTOR('',#1914,1.);
#1165=VECTOR('',#1917,1.);
#1166=VECTOR('',#1920,1.);
#1167=VECTOR('',#1923,1.);
#1168=VECTOR('',#1926,1.);
#1169=VECTOR('',#1929,1.);
#1170=VECTOR('',#1932,1.);
#1171=VECTOR('',#1935,1.);
#1172=VECTOR('',#1938,1.);
#1173=VECTOR('',#1941,1.);
#1174=VECTOR('',#1944,1.);
#1175=VECTOR('',#1947,1.);
#1176=VECTOR('',#1950,1.);
#1177=VECTOR('',#1953,1.);
#1178=VECTOR('',#1956,1.);
#1179=VECTOR('',#1957,1.);
#1180=VECTOR('',#1958,1.);
#1181=VECTOR('',#1959,1.);
#1182=VECTOR('',#1960,1.);
#1183=VECTOR('',#1963,1.);
#1184=VECTOR('',#1964,1.);
#1185=VECTOR('',#1967,1.);
#1186=VECTOR('',#1970,1.);
#1187=VECTOR('',#1975,1.);
#1188=VECTOR('',#1976,1.);
#1189=VECTOR('',#1979,1.);
#1190=VECTOR('',#1982,1.);
#1191=VECTOR('',#1985,1.);
#1192=VECTOR('',#1988,1.);
#1193=VECTOR('',#1991,1.);
#1194=VECTOR('',#1994,1.);
#1195=VECTOR('',#1997,1.);
#1196=VECTOR('',#1998,1.);
#1197=VECTOR('',#2001,1.);
#1198=VECTOR('',#2004,1.);
#1199=VECTOR('',#2007,1.);
#1200=VECTOR('',#2010,1.);
#1201=VECTOR('',#2013,1.);
#1202=VECTOR('',#2016,1.);
#1203=VECTOR('',#2019,1.);
#1204=VECTOR('',#2020,1.);
#1205=VECTOR('',#2023,1.);
#1206=VECTOR('',#2026,1.);
#1207=VECTOR('',#2029,1.);
#1208=VECTOR('',#2032,1.);
#1209=VECTOR('',#2035,1.);
#1210=VECTOR('',#2038,1.);
#1211=VECTOR('',#2047,1.);
#1212=VECTOR('',#2048,1.);
#1213=VECTOR('',#2051,1.);
#1214=VECTOR('',#2054,1.);
#1215=VECTOR('',#2057,1.);
#1216=VECTOR('',#2060,1.);
#1217=VECTOR('',#2063,1.);
#1218=VECTOR('',#2066,1.);
#1219=VECTOR('',#2069,1.);
#1220=VECTOR('',#2070,1.);
#1221=VECTOR('',#2073,1.);
#1222=VECTOR('',#2076,1.);
#1223=VECTOR('',#2079,1.);
#1224=VECTOR('',#2082,1.);
#1225=VECTOR('',#2085,1.);
#1226=VECTOR('',#2088,1.);
#1227=VECTOR('',#2091,1.);
#1228=VECTOR('',#2092,1.);
#1229=VECTOR('',#2095,1.);
#1230=VECTOR('',#2098,1.);
#1231=VECTOR('',#2101,1.);
#1232=VECTOR('',#2104,1.);
#1233=VECTOR('',#2107,1.);
#1234=VECTOR('',#2110,1.);
#1235=VECTOR('',#2119,1.);
#1236=VECTOR('',#2120,1.);
#1237=VECTOR('',#2123,1.);
#1238=VECTOR('',#2126,1.);
#1239=VECTOR('',#2131,1.);
#1240=VECTOR('',#2132,1.);
#1241=VECTOR('',#2133,1.);
#1242=VECTOR('',#2136,1.);
#1243=VECTOR('',#2137,1.);
#1244=VECTOR('',#2140,1.);
#1245=VECTOR('',#2141,1.);
#1246=VECTOR('',#2144,1.);
#1247=VECTOR('',#2147,1.);
#1248=VECTOR('',#2148,1.);
#1249=VECTOR('',#2155,1.);
#1250=VECTOR('',#2156,1.);
#1251=VECTOR('',#2159,1.);
#1252=VECTOR('',#2162,1.);
#1253=EDGE_LOOP('',(#125,#126,#127,#128));
#1254=EDGE_LOOP('',(#129,#130,#131,#132));
#1255=EDGE_LOOP('',(#133,#134,#135,#136));
#1256=EDGE_LOOP('',(#137,#138,#139,#140,#141,#142,#143,#144));
#1257=EDGE_LOOP('',(#145,#146,#147,#148,#149,#150,#151,#152));
#1258=EDGE_LOOP('',(#153,#154,#155,#156,#157,#158,#159,#160));
#1259=EDGE_LOOP('',(#161,#162,#163,#164,#165,#166,#167,#168));
#1260=EDGE_LOOP('',(#169,#170,#171,#172,#173,#174,#175,#176));
#1261=EDGE_LOOP('',(#177,#178,#179,#180,#181,#182,#183,#184));
#1262=EDGE_LOOP('',(#185,#186,#187,#188));
#1263=EDGE_LOOP('',(#189,#190,#191,#192));
#1264=EDGE_LOOP('',(#193));
#1265=EDGE_LOOP('',(#194));
#1266=EDGE_LOOP('',(#195));
#1267=EDGE_LOOP('',(#196));
#1268=EDGE_LOOP('',(#197,#198,#199,#200));
#1269=EDGE_LOOP('',(#201,#202,#203,#204,#205,#206));
#1270=EDGE_LOOP('',(#207,#208,#209,#210));
#1271=EDGE_LOOP('',(#211,#212,#213,#214,#215,#216));
#1272=EDGE_LOOP('',(#217));
#1273=EDGE_LOOP('',(#218));
#1274=EDGE_LOOP('',(#219));
#1275=EDGE_LOOP('',(#220));
#1276=EDGE_LOOP('',(#221,#222,#223,#224));
#1277=EDGE_LOOP('',(#225,#226,#227,#228));
#1278=EDGE_LOOP('',(#229,#230,#231,#232,#233,#234,#235,#236));
#1279=EDGE_LOOP('',(#237,#238,#239,#240,#241,#242,#243,#244));
#1280=EDGE_LOOP('',(#245,#246,#247,#248,#249,#250,#251,#252));
#1281=EDGE_LOOP('',(#253,#254,#255,#256,#257,#258,#259,#260));
#1282=EDGE_LOOP('',(#261,#262,#263,#264,#265,#266,#267,#268));
#1283=EDGE_LOOP('',(#269,#270,#271,#272,#273,#274,#275,#276));
#1284=EDGE_LOOP('',(#277,#278,#279,#280));
#1285=EDGE_LOOP('',(#281,#282,#283,#284));
#1286=EDGE_LOOP('',(#285,#286,#287,#288));
#1287=EDGE_LOOP('',(#289,#290,#291,#292));
#1288=EDGE_LOOP('',(#293,#294,#295,#296));
#1289=EDGE_LOOP('',(#297,#298,#299,#300));
#1290=EDGE_LOOP('',(#301,#302,#303,#304));
#1291=EDGE_LOOP('',(#305,#306,#307,#308));
#1292=EDGE_LOOP('',(#309,#310,#311,#312));
#1293=EDGE_LOOP('',(#313,#314,#315,#316));
#1294=EDGE_LOOP('',(#317,#318,#319,#320));
#1295=EDGE_LOOP('',(#321,#322,#323,#324));
#1296=EDGE_LOOP('',(#325,#326,#327,#328));
#1297=EDGE_LOOP('',(#329,#330,#331,#332));
#1298=EDGE_LOOP('',(#333,#334,#335,#336));
#1299=EDGE_LOOP('',(#337,#338,#339,#340));
#1300=EDGE_LOOP('',(#341,#342,#343,#344));
#1301=EDGE_LOOP('',(#345,#346,#347,#348));
#1302=EDGE_LOOP('',(#349,#350,#351,#352));
#1303=EDGE_LOOP('',(#353,#354,#355,#356));
#1304=EDGE_LOOP('',(#357,#358,#359,#360));
#1305=EDGE_LOOP('',(#361,#362,#363,#364));
#1306=EDGE_LOOP('',(#365,#366,#367,#368));
#1307=EDGE_LOOP('',(#369,#370,#371,#372));
#1308=EDGE_LOOP('',(#373,#374,#375,#376));
#1309=EDGE_LOOP('',(#377,#378,#379,#380));
#1310=EDGE_LOOP('',(#381,#382,#383,#384));
#1311=EDGE_LOOP('',(#385,#386,#387,#388));
#1312=EDGE_LOOP('',(#389,#390,#391,#392));
#1313=EDGE_LOOP('',(#393,#394,#395,#396));
#1314=EDGE_LOOP('',(#397,#398,#399,#400));
#1315=EDGE_LOOP('',(#401,#402,#403,#404));
#1316=EDGE_LOOP('',(#405,#406,#407,#408));
#1317=EDGE_LOOP('',(#409,#410,#411,#412));
#1318=EDGE_LOOP('',(#413,#414,#415,#416));
#1319=EDGE_LOOP('',(#417,#418,#419,#420));
#1320=EDGE_LOOP('',(#421,#422,#423,#424));
#1321=EDGE_LOOP('',(#425,#426,#427,#428));
#1322=EDGE_LOOP('',(#429,#430,#431,#432));
#1323=EDGE_LOOP('',(#433,#434,#435,#436));
#1324=EDGE_LOOP('',(#437,#438,#439,#440));
#1325=EDGE_LOOP('',(#441,#442,#443,#444));
#1326=EDGE_LOOP('',(#445,#446,#447,#448));
#1327=EDGE_LOOP('',(#449,#450,#451,#452));
#1328=EDGE_LOOP('',(#453,#454,#455,#456));
#1329=EDGE_LOOP('',(#457,#458,#459,#460));
#1330=EDGE_LOOP('',(#461,#462,#463,#464));
#1331=EDGE_LOOP('',(#465,#466,#467,#468));
#1332=EDGE_LOOP('',(#469,#470,#471,#472));
#1333=EDGE_LOOP('',(#473,#474,#475,#476));
#1334=EDGE_LOOP('',(#477,#478,#479,#480));
#1335=EDGE_LOOP('',(#481,#482,#483,#484));
#1336=EDGE_LOOP('',(#485,#486,#487,#488));
#1337=EDGE_LOOP('',(#489,#490,#491,#492));
#1338=EDGE_LOOP('',(#493,#494,#495,#496));
#1339=EDGE_LOOP('',(#497,#498,#499,#500));
#1340=EDGE_LOOP('',(#501,#502,#503,#504));
#1341=EDGE_LOOP('',(#505,#506,#507,#508));
#1342=EDGE_LOOP('',(#509,#510,#511,#512));
#1343=EDGE_LOOP('',(#513,#514,#515,#516));
#1344=EDGE_LOOP('',(#517,#518,#519,#520));
#1345=EDGE_LOOP('',(#521,#522,#523,#524));
#1346=EDGE_LOOP('',(#525,#526,#527,#528));
#1347=EDGE_LOOP('',(#529,#530,#531,#532));
#1348=EDGE_LOOP('',(#533,#534,#535,#536));
#1349=EDGE_LOOP('',(#537,#538,#539,#540));
#1350=EDGE_LOOP('',(#541,#542,#543,#544,#545,#546));
#1351=EDGE_LOOP('',(#547,#548,#549,#550,#551,#552));
#1352=EDGE_LOOP('',(#553,#554,#555,#556));
#1353=EDGE_LOOP('',(#557));
#1354=EDGE_LOOP('',(#558));
#1355=EDGE_LOOP('',(#559));
#1356=EDGE_LOOP('',(#560));
#1357=EDGE_LOOP('',(#561));
#1358=EDGE_LOOP('',(#562));
#1359=EDGE_LOOP('',(#563));
#1360=EDGE_LOOP('',(#564));
#1361=FACE_BOUND('',#1253,.T.);
#1362=FACE_BOUND('',#1254,.T.);
#1363=FACE_BOUND('',#1255,.T.);
#1364=FACE_BOUND('',#1256,.T.);
#1365=FACE_BOUND('',#1257,.T.);
#1366=FACE_BOUND('',#1258,.T.);
#1367=FACE_BOUND('',#1259,.T.);
#1368=FACE_BOUND('',#1260,.T.);
#1369=FACE_BOUND('',#1261,.T.);
#1370=FACE_BOUND('',#1262,.T.);
#1371=FACE_BOUND('',#1263,.T.);
#1372=FACE_BOUND('',#1264,.T.);
#1373=FACE_BOUND('',#1265,.T.);
#1374=FACE_BOUND('',#1266,.T.);
#1375=FACE_BOUND('',#1267,.T.);
#1376=FACE_BOUND('',#1268,.T.);
#1377=FACE_BOUND('',#1269,.T.);
#1378=FACE_BOUND('',#1270,.T.);
#1379=FACE_BOUND('',#1271,.T.);
#1380=FACE_BOUND('',#1272,.T.);
#1381=FACE_BOUND('',#1273,.T.);
#1382=FACE_BOUND('',#1274,.T.);
#1383=FACE_BOUND('',#1275,.T.);
#1384=FACE_BOUND('',#1276,.T.);
#1385=FACE_BOUND('',#1277,.T.);
#1386=FACE_BOUND('',#1278,.T.);
#1387=FACE_BOUND('',#1279,.T.);
#1388=FACE_BOUND('',#1280,.T.);
#1389=FACE_BOUND('',#1281,.T.);
#1390=FACE_BOUND('',#1282,.T.);
#1391=FACE_BOUND('',#1283,.T.);
#1392=FACE_BOUND('',#1284,.T.);
#1393=FACE_BOUND('',#1285,.T.);
#1394=FACE_BOUND('',#1286,.T.);
#1395=FACE_BOUND('',#1287,.T.);
#1396=FACE_BOUND('',#1288,.T.);
#1397=FACE_BOUND('',#1289,.T.);
#1398=FACE_BOUND('',#1290,.T.);
#1399=FACE_BOUND('',#1291,.T.);
#1400=FACE_BOUND('',#1292,.T.);
#1401=FACE_BOUND('',#1293,.T.);
#1402=FACE_BOUND('',#1294,.T.);
#1403=FACE_BOUND('',#1295,.T.);
#1404=FACE_BOUND('',#1296,.T.);
#1405=FACE_BOUND('',#1297,.T.);
#1406=FACE_BOUND('',#1298,.T.);
#1407=FACE_BOUND('',#1299,.T.);
#1408=FACE_BOUND('',#1300,.T.);
#1409=FACE_BOUND('',#1301,.T.);
#1410=FACE_BOUND('',#1302,.T.);
#1411=FACE_BOUND('',#1303,.T.);
#1412=FACE_BOUND('',#1304,.T.);
#1413=FACE_BOUND('',#1305,.T.);
#1414=FACE_BOUND('',#1306,.T.);
#1415=FACE_BOUND('',#1307,.T.);
#1416=FACE_BOUND('',#1308,.T.);
#1417=FACE_BOUND('',#1309,.T.);
#1418=FACE_BOUND('',#1310,.T.);
#1419=FACE_BOUND('',#1311,.T.);
#1420=FACE_BOUND('',#1312,.T.);
#1421=FACE_BOUND('',#1313,.T.);
#1422=FACE_BOUND('',#1314,.T.);
#1423=FACE_BOUND('',#1315,.T.);
#1424=FACE_BOUND('',#1316,.T.);
#1425=FACE_BOUND('',#1317,.T.);
#1426=FACE_BOUND('',#1318,.T.);
#1427=FACE_BOUND('',#1319,.T.);
#1428=FACE_BOUND('',#1320,.T.);
#1429=FACE_BOUND('',#1321,.T.);
#1430=FACE_BOUND('',#1322,.T.);
#1431=FACE_BOUND('',#1323,.T.);
#1432=FACE_BOUND('',#1324,.T.);
#1433=FACE_BOUND('',#1325,.T.);
#1434=FACE_BOUND('',#1326,.T.);
#1435=FACE_BOUND('',#1327,.T.);
#1436=FACE_BOUND('',#1328,.T.);
#1437=FACE_BOUND('',#1329,.T.);
#1438=FACE_BOUND('',#1330,.T.);
#1439=FACE_BOUND('',#1331,.T.);
#1440=FACE_BOUND('',#1332,.T.);
#1441=FACE_BOUND('',#1333,.T.);
#1442=FACE_BOUND('',#1334,.T.);
#1443=FACE_BOUND('',#1335,.T.);
#1444=FACE_BOUND('',#1336,.T.);
#1445=FACE_BOUND('',#1337,.T.);
#1446=FACE_BOUND('',#1338,.T.);
#1447=FACE_BOUND('',#1339,.T.);
#1448=FACE_BOUND('',#1340,.T.);
#1449=FACE_BOUND('',#1341,.T.);
#1450=FACE_BOUND('',#1342,.T.);
#1451=FACE_BOUND('',#1343,.T.);
#1452=FACE_BOUND('',#1344,.T.);
#1453=FACE_BOUND('',#1345,.T.);
#1454=FACE_BOUND('',#1346,.T.);
#1455=FACE_BOUND('',#1347,.T.);
#1456=FACE_BOUND('',#1348,.T.);
#1457=FACE_BOUND('',#1349,.T.);
#1458=FACE_BOUND('',#1350,.T.);
#1459=FACE_BOUND('',#1351,.T.);
#1460=FACE_BOUND('',#1352,.T.);
#1461=FACE_BOUND('',#1353,.T.);
#1462=FACE_BOUND('',#1354,.T.);
#1463=FACE_BOUND('',#1355,.T.);
#1464=FACE_BOUND('',#1356,.T.);
#1465=FACE_BOUND('',#1357,.T.);
#1466=FACE_BOUND('',#1358,.T.);
#1467=FACE_BOUND('',#1359,.T.);
#1468=FACE_BOUND('',#1360,.T.);
#1469=CYLINDRICAL_SURFACE('',#1593,0.0002);
#1470=CYLINDRICAL_SURFACE('',#1596,0.0002);
#1471=CYLINDRICAL_SURFACE('',#1665,0.0005);
#1472=CYLINDRICAL_SURFACE('',#1667,0.0005);
#1473=CYLINDRICAL_SURFACE('',#1669,0.0005);
#1474=CYLINDRICAL_SURFACE('',#1671,0.0005);
#1475=CYLINDRICAL_SURFACE('',#1672,0.0005);
#1476=CYLINDRICAL_SURFACE('',#1674,0.0005);
#1477=CYLINDRICAL_SURFACE('',#1676,0.0005);
#1478=CYLINDRICAL_SURFACE('',#1678,0.0005);
#1479=CYLINDRICAL_SURFACE('',#1679,0.0005);
#1480=CYLINDRICAL_SURFACE('',#1681,0.000500000000000007);
#1481=CYLINDRICAL_SURFACE('',#1683,0.0005);
#1482=CYLINDRICAL_SURFACE('',#1685,0.0005);
#1483=CYLINDRICAL_SURFACE('',#1689,0.0005);
#1484=CYLINDRICAL_SURFACE('',#1691,0.0005);
#1485=CYLINDRICAL_SURFACE('',#1693,0.0005);
#1486=CYLINDRICAL_SURFACE('',#1695,0.0005);
#1487=CYLINDRICAL_SURFACE('',#1696,0.0005);
#1488=CYLINDRICAL_SURFACE('',#1698,0.0005);
#1489=CYLINDRICAL_SURFACE('',#1700,0.0005);
#1490=CYLINDRICAL_SURFACE('',#1702,0.0005);
#1491=CYLINDRICAL_SURFACE('',#1703,0.0005);
#1492=CYLINDRICAL_SURFACE('',#1705,0.0005);
#1493=CYLINDRICAL_SURFACE('',#1707,0.0005);
#1494=CYLINDRICAL_SURFACE('',#1709,0.000499999999999994);
#1495=CYLINDRICAL_SURFACE('',#1728,0.00145);
#1496=CYLINDRICAL_SURFACE('',#1729,0.00145);
#1497=CYLINDRICAL_SURFACE('',#1730,0.00145);
#1498=CYLINDRICAL_SURFACE('',#1731,0.00145);
#1499=ADVANCED_FACE('',(#1361),#1469,.T.);
#1500=ADVANCED_FACE('',(#1362),#1470,.T.);
#1501=ADVANCED_FACE('',(#1363,#1364,#1365,#1366,#1367,#1368,#1369,#1370,
#1371,#1372,#1373,#1374,#1375),#72,.F.);
#1502=ADVANCED_FACE('',(#1376),#73,.T.);
#1503=ADVANCED_FACE('',(#1377),#74,.T.);
#1504=ADVANCED_FACE('',(#1378),#75,.F.);
#1505=ADVANCED_FACE('',(#1379),#76,.T.);
#1506=ADVANCED_FACE('',(#1380,#1381,#1382,#1383,#1384,#1385,#1386,#1387,
#1388,#1389,#1390,#1391,#1392),#77,.T.);
#1507=ADVANCED_FACE('',(#1393),#78,.T.);
#1508=ADVANCED_FACE('',(#1394),#79,.F.);
#1509=ADVANCED_FACE('',(#1395),#80,.F.);
#1510=ADVANCED_FACE('',(#1396),#81,.T.);
#1511=ADVANCED_FACE('',(#1397),#1471,.F.);
#1512=ADVANCED_FACE('',(#1398),#82,.T.);
#1513=ADVANCED_FACE('',(#1399),#1472,.F.);
#1514=ADVANCED_FACE('',(#1400),#83,.T.);
#1515=ADVANCED_FACE('',(#1401),#1473,.F.);
#1516=ADVANCED_FACE('',(#1402),#84,.F.);
#1517=ADVANCED_FACE('',(#1403),#1474,.F.);
#1518=ADVANCED_FACE('',(#1404),#1475,.F.);
#1519=ADVANCED_FACE('',(#1405),#85,.T.);
#1520=ADVANCED_FACE('',(#1406),#1476,.F.);
#1521=ADVANCED_FACE('',(#1407),#86,.T.);
#1522=ADVANCED_FACE('',(#1408),#1477,.F.);
#1523=ADVANCED_FACE('',(#1409),#87,.F.);
#1524=ADVANCED_FACE('',(#1410),#1478,.F.);
#1525=ADVANCED_FACE('',(#1411),#1479,.F.);
#1526=ADVANCED_FACE('',(#1412),#88,.T.);
#1527=ADVANCED_FACE('',(#1413),#1480,.F.);
#1528=ADVANCED_FACE('',(#1414),#89,.T.);
#1529=ADVANCED_FACE('',(#1415),#1481,.F.);
#1530=ADVANCED_FACE('',(#1416),#90,.F.);
#1531=ADVANCED_FACE('',(#1417),#1482,.F.);
#1532=ADVANCED_FACE('',(#1418),#91,.F.);
#1533=ADVANCED_FACE('',(#1419),#92,.F.);
#1534=ADVANCED_FACE('',(#1420),#93,.F.);
#1535=ADVANCED_FACE('',(#1421),#1483,.F.);
#1536=ADVANCED_FACE('',(#1422),#94,.T.);
#1537=ADVANCED_FACE('',(#1423),#1484,.F.);
#1538=ADVANCED_FACE('',(#1424),#95,.F.);
#1539=ADVANCED_FACE('',(#1425),#1485,.F.);
#1540=ADVANCED_FACE('',(#1426),#96,.F.);
#1541=ADVANCED_FACE('',(#1427),#1486,.F.);
#1542=ADVANCED_FACE('',(#1428),#1487,.F.);
#1543=ADVANCED_FACE('',(#1429),#97,.T.);
#1544=ADVANCED_FACE('',(#1430),#1488,.F.);
#1545=ADVANCED_FACE('',(#1431),#98,.F.);
#1546=ADVANCED_FACE('',(#1432),#1489,.F.);
#1547=ADVANCED_FACE('',(#1433),#99,.F.);
#1548=ADVANCED_FACE('',(#1434),#1490,.F.);
#1549=ADVANCED_FACE('',(#1435),#1491,.F.);
#1550=ADVANCED_FACE('',(#1436),#100,.T.);
#1551=ADVANCED_FACE('',(#1437),#1492,.F.);
#1552=ADVANCED_FACE('',(#1438),#101,.F.);
#1553=ADVANCED_FACE('',(#1439),#1493,.F.);
#1554=ADVANCED_FACE('',(#1440),#102,.F.);
#1555=ADVANCED_FACE('',(#1441),#1494,.F.);
#1556=ADVANCED_FACE('',(#1442),#103,.T.);
#1557=ADVANCED_FACE('',(#1443),#104,.T.);
#1558=ADVANCED_FACE('',(#1444),#105,.T.);
#1559=ADVANCED_FACE('',(#1445),#106,.T.);
#1560=ADVANCED_FACE('',(#1446),#107,.F.);
#1561=ADVANCED_FACE('',(#1447),#108,.F.);
#1562=ADVANCED_FACE('',(#1448),#109,.T.);
#1563=ADVANCED_FACE('',(#1449),#110,.T.);
#1564=ADVANCED_FACE('',(#1450),#111,.T.);
#1565=ADVANCED_FACE('',(#1451),#112,.T.);
#1566=ADVANCED_FACE('',(#1452),#113,.T.);
#1567=ADVANCED_FACE('',(#1453,#1454),#114,.T.);
#1568=ADVANCED_FACE('',(#1455),#115,.T.);
#1569=ADVANCED_FACE('',(#1456),#116,.T.);
#1570=ADVANCED_FACE('',(#1457),#117,.F.);
#1571=ADVANCED_FACE('',(#1458),#118,.F.);
#1572=ADVANCED_FACE('',(#1459),#119,.T.);
#1573=ADVANCED_FACE('',(#1460),#120,.F.);
#1574=ADVANCED_FACE('',(#1461,#1462),#1495,.F.);
#1575=ADVANCED_FACE('',(#1463,#1464),#1496,.F.);
#1576=ADVANCED_FACE('',(#1465,#1466),#1497,.F.);
#1577=ADVANCED_FACE('',(#1467,#1468),#1498,.F.);
#1578=CLOSED_SHELL('',(#1499,#1500,#1501,#1502,#1503,#1504,#1505,#1506,
#1507,#1508,#1509,#1510,#1511,#1512,#1513,#1514,#1515,#1516,#1517,#1518,
#1519,#1520,#1521,#1522,#1523,#1524,#1525,#1526,#1527,#1528,#1529,#1530,
#1531,#1532,#1533,#1534,#1535,#1536,#1537,#1538,#1539,#1540,#1541,#1542,
#1543,#1544,#1545,#1546,#1547,#1548,#1549,#1550,#1551,#1552,#1553,#1554,
#1555,#1556,#1557,#1558,#1559,#1560,#1561,#1562,#1563,#1564,#1565,#1566,
#1567,#1568,#1569,#1570,#1571,#1572,#1573,#1574,#1575,#1576,#1577));
#1579=STYLED_ITEM('',(#1580),#1587);
#1580=PRESENTATION_STYLE_ASSIGNMENT((#1581));
#1581=SURFACE_STYLE_USAGE(.BOTH.,#1582);
#1582=SURFACE_SIDE_STYLE('',(#1583));
#1583=SURFACE_STYLE_FILL_AREA(#1584);
#1584=FILL_AREA_STYLE('',(#1585));
#1585=FILL_AREA_STYLE_COLOUR('',#1586);
#1586=COLOUR_RGB('',0.8,0.8,0.8);
#1587=MANIFOLD_SOLID_BREP('Part 2',#1578);
#1588=SHAPE_DEFINITION_REPRESENTATION(#2632,#1590);
#1589=SHAPE_DEFINITION_REPRESENTATION(#2633,#1591);
#1590=SHAPE_REPRESENTATION('Top Part',(#1592,#1732),#2625);
#1591=SHAPE_REPRESENTATION('Part 2',(#1592),#2626);
#1592=AXIS2_PLACEMENT_3D('',#2175,#1733,#1734);
#1593=AXIS2_PLACEMENT_3D('',#2176,#1735,#1736);
#1594=AXIS2_PLACEMENT_3D('',#2180,#1738,#1739);
#1595=AXIS2_PLACEMENT_3D('',#2184,#1741,#1742);
#1596=AXIS2_PLACEMENT_3D('',#2185,#1743,#1744);
#1597=AXIS2_PLACEMENT_3D('',#2189,#1746,#1747);
#1598=AXIS2_PLACEMENT_3D('',#2193,#1749,#1750);
#1599=AXIS2_PLACEMENT_3D('',#2194,#1751,#1752);
#1600=AXIS2_PLACEMENT_3D('',#2203,#1757,#1758);
#1601=AXIS2_PLACEMENT_3D('',#2208,#1760,#1761);
#1602=AXIS2_PLACEMENT_3D('',#2212,#1763,#1764);
#1603=AXIS2_PLACEMENT_3D('',#2216,#1766,#1767);
#1604=AXIS2_PLACEMENT_3D('',#2219,#1769,#1770);
#1605=AXIS2_PLACEMENT_3D('',#2224,#1772,#1773);
#1606=AXIS2_PLACEMENT_3D('',#2228,#1775,#1776);
#1607=AXIS2_PLACEMENT_3D('',#2232,#1778,#1779);
#1608=AXIS2_PLACEMENT_3D('',#2235,#1781,#1782);
#1609=AXIS2_PLACEMENT_3D('',#2240,#1784,#1785);
#1610=AXIS2_PLACEMENT_3D('',#2244,#1787,#1788);
#1611=AXIS2_PLACEMENT_3D('',#2248,#1790,#1791);
#1612=AXIS2_PLACEMENT_3D('',#2251,#1793,#1794);
#1613=AXIS2_PLACEMENT_3D('',#2256,#1796,#1797);
#1614=AXIS2_PLACEMENT_3D('',#2260,#1799,#1800);
#1615=AXIS2_PLACEMENT_3D('',#2264,#1802,#1803);
#1616=AXIS2_PLACEMENT_3D('',#2267,#1805,#1806);
#1617=AXIS2_PLACEMENT_3D('',#2272,#1808,#1809);
#1618=AXIS2_PLACEMENT_3D('',#2276,#1811,#1812);
#1619=AXIS2_PLACEMENT_3D('',#2280,#1814,#1815);
#1620=AXIS2_PLACEMENT_3D('',#2283,#1817,#1818);
#1621=AXIS2_PLACEMENT_3D('',#2288,#1820,#1821);
#1622=AXIS2_PLACEMENT_3D('',#2292,#1823,#1824);
#1623=AXIS2_PLACEMENT_3D('',#2296,#1826,#1827);
#1624=AXIS2_PLACEMENT_3D('',#2315,#1837,#1838);
#1625=AXIS2_PLACEMENT_3D('',#2317,#1839,#1840);
#1626=AXIS2_PLACEMENT_3D('',#2319,#1841,#1842);
#1627=AXIS2_PLACEMENT_3D('',#2321,#1843,#1844);
#1628=AXIS2_PLACEMENT_3D('',#2323,#1845,#1846);
#1629=AXIS2_PLACEMENT_3D('',#2329,#1850,#1851);
#1630=AXIS2_PLACEMENT_3D('',#2336,#1856,#1857);
#1631=AXIS2_PLACEMENT_3D('',#2342,#1861,#1862);
#1632=AXIS2_PLACEMENT_3D('',#2349,#1867,#1868);
#1633=AXIS2_PLACEMENT_3D('',#2350,#1869,#1870);
#1634=AXIS2_PLACEMENT_3D('',#2352,#1871,#1872);
#1635=AXIS2_PLACEMENT_3D('',#2354,#1873,#1874);
#1636=AXIS2_PLACEMENT_3D('',#2356,#1875,#1876);
#1637=AXIS2_PLACEMENT_3D('',#2374,#1885,#1886);
#1638=AXIS2_PLACEMENT_3D('',#2379,#1888,#1889);
#1639=AXIS2_PLACEMENT_3D('',#2383,#1891,#1892);
#1640=AXIS2_PLACEMENT_3D('',#2387,#1894,#1895);
#1641=AXIS2_PLACEMENT_3D('',#2390,#1897,#1898);
#1642=AXIS2_PLACEMENT_3D('',#2395,#1900,#1901);
#1643=AXIS2_PLACEMENT_3D('',#2399,#1903,#1904);
#1644=AXIS2_PLACEMENT_3D('',#2403,#1906,#1907);
#1645=AXIS2_PLACEMENT_3D('',#2406,#1909,#1910);
#1646=AXIS2_PLACEMENT_3D('',#2411,#1912,#1913);
#1647=AXIS2_PLACEMENT_3D('',#2415,#1915,#1916);
#1648=AXIS2_PLACEMENT_3D('',#2419,#1918,#1919);
#1649=AXIS2_PLACEMENT_3D('',#2422,#1921,#1922);
#1650=AXIS2_PLACEMENT_3D('',#2427,#1924,#1925);
#1651=AXIS2_PLACEMENT_3D('',#2431,#1927,#1928);
#1652=AXIS2_PLACEMENT_3D('',#2435,#1930,#1931);
#1653=AXIS2_PLACEMENT_3D('',#2438,#1933,#1934);
#1654=AXIS2_PLACEMENT_3D('',#2443,#1936,#1937);
#1655=AXIS2_PLACEMENT_3D('',#2447,#1939,#1940);
#1656=AXIS2_PLACEMENT_3D('',#2451,#1942,#1943);
#1657=AXIS2_PLACEMENT_3D('',#2454,#1945,#1946);
#1658=AXIS2_PLACEMENT_3D('',#2459,#1948,#1949);
#1659=AXIS2_PLACEMENT_3D('',#2463,#1951,#1952);
#1660=AXIS2_PLACEMENT_3D('',#2467,#1954,#1955);
#1661=AXIS2_PLACEMENT_3D('',#2478,#1961,#1962);
#1662=AXIS2_PLACEMENT_3D('',#2481,#1965,#1966);
#1663=AXIS2_PLACEMENT_3D('',#2483,#1968,#1969);
#1664=AXIS2_PLACEMENT_3D('',#2485,#1971,#1972);
#1665=AXIS2_PLACEMENT_3D('',#2486,#1973,#1974);
#1666=AXIS2_PLACEMENT_3D('',#2489,#1977,#1978);
#1667=AXIS2_PLACEMENT_3D('',#2491,#1980,#1981);
#1668=AXIS2_PLACEMENT_3D('',#2493,#1983,#1984);
#1669=AXIS2_PLACEMENT_3D('',#2495,#1986,#1987);
#1670=AXIS2_PLACEMENT_3D('',#2497,#1989,#1990);
#1671=AXIS2_PLACEMENT_3D('',#2499,#1992,#1993);
#1672=AXIS2_PLACEMENT_3D('',#2501,#1995,#1996);
#1673=AXIS2_PLACEMENT_3D('',#2504,#1999,#2000);
#1674=AXIS2_PLACEMENT_3D('',#2506,#2002,#2003);
#1675=AXIS2_PLACEMENT_3D('',#2508,#2005,#2006);
#1676=AXIS2_PLACEMENT_3D('',#2510,#2008,#2009);
#1677=AXIS2_PLACEMENT_3D('',#2512,#2011,#2012);
#1678=AXIS2_PLACEMENT_3D('',#2514,#2014,#2015);
#1679=AXIS2_PLACEMENT_3D('',#2516,#2017,#2018);
#1680=AXIS2_PLACEMENT_3D('',#2519,#2021,#2022);
#1681=AXIS2_PLACEMENT_3D('',#2521,#2024,#2025);
#1682=AXIS2_PLACEMENT_3D('',#2523,#2027,#2028);
#1683=AXIS2_PLACEMENT_3D('',#2525,#2030,#2031);
#1684=AXIS2_PLACEMENT_3D('',#2527,#2033,#2034);
#1685=AXIS2_PLACEMENT_3D('',#2529,#2036,#2037);
#1686=AXIS2_PLACEMENT_3D('',#2531,#2039,#2040);
#1687=AXIS2_PLACEMENT_3D('',#2532,#2041,#2042);
#1688=AXIS2_PLACEMENT_3D('',#2533,#2043,#2044);
#1689=AXIS2_PLACEMENT_3D('',#2534,#2045,#2046);
#1690=AXIS2_PLACEMENT_3D('',#2537,#2049,#2050);
#1691=AXIS2_PLACEMENT_3D('',#2539,#2052,#2053);
#1692=AXIS2_PLACEMENT_3D('',#2541,#2055,#2056);
#1693=AXIS2_PLACEMENT_3D('',#2543,#2058,#2059);
#1694=AXIS2_PLACEMENT_3D('',#2545,#2061,#2062);
#1695=AXIS2_PLACEMENT_3D('',#2547,#2064,#2065);
#1696=AXIS2_PLACEMENT_3D('',#2549,#2067,#2068);
#1697=AXIS2_PLACEMENT_3D('',#2552,#2071,#2072);
#1698=AXIS2_PLACEMENT_3D('',#2554,#2074,#2075);
#1699=AXIS2_PLACEMENT_3D('',#2556,#2077,#2078);
#1700=AXIS2_PLACEMENT_3D('',#2558,#2080,#2081);
#1701=AXIS2_PLACEMENT_3D('',#2560,#2083,#2084);
#1702=AXIS2_PLACEMENT_3D('',#2562,#2086,#2087);
#1703=AXIS2_PLACEMENT_3D('',#2564,#2089,#2090);
#1704=AXIS2_PLACEMENT_3D('',#2567,#2093,#2094);
#1705=AXIS2_PLACEMENT_3D('',#2569,#2096,#2097);
#1706=AXIS2_PLACEMENT_3D('',#2571,#2099,#2100);
#1707=AXIS2_PLACEMENT_3D('',#2573,#2102,#2103);
#1708=AXIS2_PLACEMENT_3D('',#2575,#2105,#2106);
#1709=AXIS2_PLACEMENT_3D('',#2577,#2108,#2109);
#1710=AXIS2_PLACEMENT_3D('',#2579,#2111,#2112);
#1711=AXIS2_PLACEMENT_3D('',#2580,#2113,#2114);
#1712=AXIS2_PLACEMENT_3D('',#2581,#2115,#2116);
#1713=AXIS2_PLACEMENT_3D('',#2582,#2117,#2118);
#1714=AXIS2_PLACEMENT_3D('',#2585,#2121,#2122);
#1715=AXIS2_PLACEMENT_3D('',#2587,#2124,#2125);
#1716=AXIS2_PLACEMENT_3D('',#2589,#2127,#2128);
#1717=AXIS2_PLACEMENT_3D('',#2590,#2129,#2130);
#1718=AXIS2_PLACEMENT_3D('',#2596,#2134,#2135);
#1719=AXIS2_PLACEMENT_3D('',#2600,#2138,#2139);
#1720=AXIS2_PLACEMENT_3D('',#2604,#2142,#2143);
#1721=AXIS2_PLACEMENT_3D('',#2606,#2145,#2146);
#1722=AXIS2_PLACEMENT_3D('',#2609,#2149,#2150);
#1723=AXIS2_PLACEMENT_3D('',#2610,#2151,#2152);
#1724=AXIS2_PLACEMENT_3D('',#2611,#2153,#2154);
#1725=AXIS2_PLACEMENT_3D('',#2614,#2157,#2158);
#1726=AXIS2_PLACEMENT_3D('',#2616,#2160,#2161);
#1727=AXIS2_PLACEMENT_3D('',#2618,#2163,#2164);
#1728=AXIS2_PLACEMENT_3D('',#2619,#2165,#2166);
#1729=AXIS2_PLACEMENT_3D('',#2620,#2167,#2168);
#1730=AXIS2_PLACEMENT_3D('',#2621,#2169,#2170);
#1731=AXIS2_PLACEMENT_3D('',#2622,#2171,#2172);
#1732=AXIS2_PLACEMENT_3D('',#2623,#2173,#2174);
#1733=DIRECTION('',(0.,0.,1.));
#1734=DIRECTION('',(1.,0.,0.));
#1735=DIRECTION('',(0.,1.,0.));
#1736=DIRECTION('',(0.,0.,1.));
#1737=DIRECTION('',(0.,1.,0.));
#1738=DIRECTION('',(0.,-0.707106781186548,0.707106781186548));
#1739=DIRECTION('',(0.,0.707106781186548,0.707106781186548));
#1740=DIRECTION('',(0.,-1.,0.));
#1741=DIRECTION('',(-2.4532694666934E-16,0.707106781186548,0.707106781186548));
#1742=DIRECTION('',(2.4532694666934E-16,0.707106781186548,-0.707106781186548));
#1743=DIRECTION('',(0.,-1.,0.));
#1744=DIRECTION('',(0.,0.,-1.));
#1745=DIRECTION('',(0.,1.,0.));
#1746=DIRECTION('',(-2.4532694666934E-16,0.707106781186548,0.707106781186548));
#1747=DIRECTION('',(-2.4532694666934E-16,-0.707106781186548,0.707106781186548));
#1748=DIRECTION('',(0.,1.,0.));
#1749=DIRECTION('',(0.,-0.707106781186548,0.707106781186548));
#1750=DIRECTION('',(0.,-0.707106781186548,-0.707106781186548));
#1751=DIRECTION('',(0.,0.,1.));
#1752=DIRECTION('',(1.,0.,0.));
#1753=DIRECTION('',(0.,-1.,0.));
#1754=DIRECTION('',(-1.,0.,0.));
#1755=DIRECTION('',(0.,-1.,0.));
#1756=DIRECTION('',(-1.,0.,0.));
#1757=DIRECTION('',(0.,0.,1.));
#1758=DIRECTION('',(1.,0.,0.));
#1759=DIRECTION('',(2.66880534765662E-16,-1.,0.));
#1760=DIRECTION('',(0.,0.,1.));
#1761=DIRECTION('',(1.,0.,0.));
#1762=DIRECTION('',(1.,0.,0.));
#1763=DIRECTION('',(0.,0.,1.));
#1764=DIRECTION('',(1.,0.,0.));
#1765=DIRECTION('',(2.66880534765662E-16,-1.,0.));
#1766=DIRECTION('',(0.,0.,1.));
#1767=DIRECTION('',(1.,0.,0.));
#1768=DIRECTION('',(1.,0.,0.));
#1769=DIRECTION('',(0.,0.,1.));
#1770=DIRECTION('',(1.,0.,0.));
#1771=DIRECTION('',(2.66880534765662E-16,-1.,0.));
#1772=DIRECTION('',(0.,0.,1.));
#1773=DIRECTION('',(1.,0.,0.));
#1774=DIRECTION('',(1.,0.,0.));
#1775=DIRECTION('',(0.,0.,1.));
#1776=DIRECTION('',(1.,0.,0.));
#1777=DIRECTION('',(0.,-1.,0.));
#1778=DIRECTION('',(0.,0.,1.));
#1779=DIRECTION('',(1.,0.,0.));
#1780=DIRECTION('',(1.,0.,0.));
#1781=DIRECTION('',(0.,0.,1.));
#1782=DIRECTION('',(1.,0.,0.));
#1783=DIRECTION('',(0.,-1.,0.));
#1784=DIRECTION('',(0.,0.,1.));
#1785=DIRECTION('',(1.,0.,0.));
#1786=DIRECTION('',(1.,0.,0.));
#1787=DIRECTION('',(0.,0.,1.));
#1788=DIRECTION('',(1.,0.,0.));
#1789=DIRECTION('',(0.,-1.,0.));
#1790=DIRECTION('',(0.,0.,1.));
#1791=DIRECTION('',(1.,0.,0.));
#1792=DIRECTION('',(1.,0.,0.));
#1793=DIRECTION('',(0.,0.,1.));
#1794=DIRECTION('',(1.,0.,0.));
#1795=DIRECTION('',(1.,0.,0.));
#1796=DIRECTION('',(0.,0.,1.));
#1797=DIRECTION('',(1.,0.,0.));
#1798=DIRECTION('',(2.66880534765662E-16,-1.,0.));
#1799=DIRECTION('',(0.,0.,1.));
#1800=DIRECTION('',(1.,0.,0.));
#1801=DIRECTION('',(1.,0.,0.));
#1802=DIRECTION('',(0.,0.,1.));
#1803=DIRECTION('',(1.,0.,0.));
#1804=DIRECTION('',(2.66880534765662E-16,-1.,0.));
#1805=DIRECTION('',(0.,0.,1.));
#1806=DIRECTION('',(1.,0.,0.));
#1807=DIRECTION('',(1.,0.,0.));
#1808=DIRECTION('',(0.,0.,1.));
#1809=DIRECTION('',(1.,0.,0.));
#1810=DIRECTION('',(2.66880534765662E-16,-1.,0.));
#1811=DIRECTION('',(0.,0.,1.));
#1812=DIRECTION('',(1.,0.,0.));
#1813=DIRECTION('',(1.,0.,0.));
#1814=DIRECTION('',(0.,0.,1.));
#1815=DIRECTION('',(1.,0.,0.));
#1816=DIRECTION('',(0.,-1.,0.));
#1817=DIRECTION('',(0.,0.,1.));
#1818=DIRECTION('',(1.,0.,0.));
#1819=DIRECTION('',(1.,0.,0.));
#1820=DIRECTION('',(0.,0.,1.));
#1821=DIRECTION('',(1.,0.,0.));
#1822=DIRECTION('',(0.,-1.,0.));
#1823=DIRECTION('',(0.,0.,1.));
#1824=DIRECTION('',(1.,0.,0.));
#1825=DIRECTION('',(1.,0.,0.));
#1826=DIRECTION('',(0.,0.,1.));
#1827=DIRECTION('',(1.,0.,0.));
#1828=DIRECTION('',(0.,-1.,0.));
#1829=DIRECTION('',(1.,0.,0.));
#1830=DIRECTION('',(-2.66880534765662E-16,1.,0.));
#1831=DIRECTION('',(1.,3.46944695195362E-16,0.));
#1832=DIRECTION('',(0.,1.,0.));
#1833=DIRECTION('',(1.,0.,0.));
#1834=DIRECTION('',(0.,-1.,0.));
#1835=DIRECTION('',(1.,0.,0.));
#1836=DIRECTION('',(6.12323399573677E-17,-1.,0.));
#1837=DIRECTION('',(0.,0.,1.));
#1838=DIRECTION('',(1.,0.,0.));
#1839=DIRECTION('',(0.,0.,1.));
#1840=DIRECTION('',(1.,0.,0.));
#1841=DIRECTION('',(0.,0.,1.));
#1842=DIRECTION('',(1.,0.,0.));
#1843=DIRECTION('',(0.,0.,1.));
#1844=DIRECTION('',(1.,0.,0.));
#1845=DIRECTION('',(1.,2.66880534765662E-16,0.));
#1846=DIRECTION('',(-2.66880534765662E-16,1.,0.));
#1847=DIRECTION('',(0.,0.,1.));
#1848=DIRECTION('',(-2.66880534765662E-16,1.,0.));
#1849=DIRECTION('',(0.,0.,1.));
#1850=DIRECTION('',(-2.4532694666934E-16,0.707106781186548,0.707106781186548));
#1851=DIRECTION('',(2.4532694666934E-16,-0.707106781186548,0.707106781186548));
#1852=DIRECTION('',(-0.577350269189626,0.577350269189626,-0.577350269189626));
#1853=DIRECTION('',(1.,3.46944695195362E-16,0.));
#1854=DIRECTION('',(-0.577350269189626,-0.577350269189626,0.577350269189626));
#1855=DIRECTION('',(1.,3.46944695195362E-16,0.));
#1856=DIRECTION('',(1.,0.,0.));
#1857=DIRECTION('',(0.,0.,-1.));
#1858=DIRECTION('',(0.,0.,1.));
#1859=DIRECTION('',(0.,1.,0.));
#1860=DIRECTION('',(0.,0.,1.));
#1861=DIRECTION('',(0.,-0.707106781186548,0.707106781186548));
#1862=DIRECTION('',(0.,0.707106781186548,0.707106781186548));
#1863=DIRECTION('',(1.,0.,0.));
#1864=DIRECTION('',(0.577350269189626,0.577350269189626,0.577350269189626));
#1865=DIRECTION('',(-1.,0.,0.));
#1866=DIRECTION('',(0.577350269189626,-0.577350269189626,-0.577350269189626));
#1867=DIRECTION('',(0.,0.,1.));
#1868=DIRECTION('',(1.,0.,0.));
#1869=DIRECTION('',(0.,0.,-1.));
#1870=DIRECTION('',(-1.,0.,0.));
#1871=DIRECTION('',(0.,0.,-1.));
#1872=DIRECTION('',(-1.,0.,0.));
#1873=DIRECTION('',(0.,0.,-1.));
#1874=DIRECTION('',(-1.,0.,0.));
#1875=DIRECTION('',(0.,0.,-1.));
#1876=DIRECTION('',(-1.,0.,0.));
#1877=DIRECTION('',(1.,3.1540426835942E-16,0.));
#1878=DIRECTION('',(3.65204942310906E-16,-1.,0.));
#1879=DIRECTION('',(-1.,-3.1540426835942E-16,0.));
#1880=DIRECTION('',(-4.1085556009977E-16,1.,0.));
#1881=DIRECTION('',(1.,0.,0.));
#1882=DIRECTION('',(6.12323399573677E-17,-1.,0.));
#1883=DIRECTION('',(1.,0.,0.));
#1884=DIRECTION('',(0.,-1.,0.));
#1885=DIRECTION('',(0.,0.,1.));
#1886=DIRECTION('',(1.,0.,0.));
#1887=DIRECTION('',(2.66880534765662E-16,-1.,0.));
#1888=DIRECTION('',(0.,0.,1.));
#1889=DIRECTION('',(1.,0.,0.));
#1890=DIRECTION('',(1.,0.,0.));
#1891=DIRECTION('',(0.,0.,1.));
#1892=DIRECTION('',(1.,0.,0.));
#1893=DIRECTION('',(2.66880534765662E-16,-1.,0.));
#1894=DIRECTION('',(0.,0.,1.));
#1895=DIRECTION('',(1.,0.,0.));
#1896=DIRECTION('',(1.,0.,0.));
#1897=DIRECTION('',(0.,0.,1.));
#1898=DIRECTION('',(1.,0.,0.));
#1899=DIRECTION('',(0.,-1.,0.));
#1900=DIRECTION('',(0.,0.,1.));
#1901=DIRECTION('',(1.,0.,0.));
#1902=DIRECTION('',(1.,0.,0.));
#1903=DIRECTION('',(0.,0.,1.));
#1904=DIRECTION('',(1.,0.,0.));
#1905=DIRECTION('',(2.66880534765662E-16,-1.,0.));
#1906=DIRECTION('',(0.,0.,1.));
#1907=DIRECTION('',(1.,0.,0.));
#1908=DIRECTION('',(1.,0.,0.));
#1909=DIRECTION('',(0.,0.,1.));
#1910=DIRECTION('',(1.,0.,0.));
#1911=DIRECTION('',(0.,-1.,0.));
#1912=DIRECTION('',(0.,0.,1.));
#1913=DIRECTION('',(1.,0.,0.));
#1914=DIRECTION('',(1.,0.,0.));
#1915=DIRECTION('',(0.,0.,1.));
#1916=DIRECTION('',(1.,0.,0.));
#1917=DIRECTION('',(0.,-1.,0.));
#1918=DIRECTION('',(0.,0.,1.));
#1919=DIRECTION('',(1.,0.,0.));
#1920=DIRECTION('',(1.,0.,0.));
#1921=DIRECTION('',(0.,0.,1.));
#1922=DIRECTION('',(1.,0.,0.));
#1923=DIRECTION('',(1.,0.,0.));
#1924=DIRECTION('',(0.,0.,1.));
#1925=DIRECTION('',(1.,0.,0.));
#1926=DIRECTION('',(2.66880534765662E-16,-1.,0.));
#1927=DIRECTION('',(0.,0.,1.));
#1928=DIRECTION('',(1.,0.,0.));
#1929=DIRECTION('',(1.,0.,0.));
#1930=DIRECTION('',(0.,0.,1.));
#1931=DIRECTION('',(1.,0.,0.));
#1932=DIRECTION('',(2.66880534765662E-16,-1.,0.));
#1933=DIRECTION('',(0.,0.,1.));
#1934=DIRECTION('',(1.,0.,0.));
#1935=DIRECTION('',(1.,0.,0.));
#1936=DIRECTION('',(0.,0.,1.));
#1937=DIRECTION('',(1.,0.,0.));
#1938=DIRECTION('',(0.,-1.,0.));
#1939=DIRECTION('',(0.,0.,1.));
#1940=DIRECTION('',(1.,0.,0.));
#1941=DIRECTION('',(1.,0.,0.));
#1942=DIRECTION('',(0.,0.,1.));
#1943=DIRECTION('',(1.,0.,0.));
#1944=DIRECTION('',(2.66880534765662E-16,-1.,0.));
#1945=DIRECTION('',(0.,0.,1.));
#1946=DIRECTION('',(1.,0.,0.));
#1947=DIRECTION('',(1.,0.,0.));
#1948=DIRECTION('',(0.,0.,1.));
#1949=DIRECTION('',(1.,0.,0.));
#1950=DIRECTION('',(0.,-1.,0.));
#1951=DIRECTION('',(0.,0.,1.));
#1952=DIRECTION('',(1.,0.,0.));
#1953=DIRECTION('',(1.,0.,0.));
#1954=DIRECTION('',(0.,0.,1.));
#1955=DIRECTION('',(1.,0.,0.));
#1956=DIRECTION('',(0.,-1.,0.));
#1957=DIRECTION('',(-1.,0.,0.));
#1958=DIRECTION('',(0.,-1.,0.));
#1959=DIRECTION('',(-1.,0.,0.));
#1960=DIRECTION('',(0.,-1.,0.));
#1961=DIRECTION('',(0.,1.,0.));
#1962=DIRECTION('',(0.,0.,1.));
#1963=DIRECTION('',(0.,0.,-1.));
#1964=DIRECTION('',(0.,0.,-1.));
#1965=DIRECTION('',(1.,6.12323399573677E-17,0.));
#1966=DIRECTION('',(-6.12323399573677E-17,1.,0.));
#1967=DIRECTION('',(0.,0.,-1.));
#1968=DIRECTION('',(0.,1.,0.));
#1969=DIRECTION('',(0.,0.,1.));
#1970=DIRECTION('',(0.,0.,-1.));
#1971=DIRECTION('',(1.,0.,0.));
#1972=DIRECTION('',(0.,0.,-1.));
#1973=DIRECTION('',(0.,0.,1.));
#1974=DIRECTION('',(1.,0.,0.));
#1975=DIRECTION('',(0.,0.,1.));
#1976=DIRECTION('',(0.,0.,1.));
#1977=DIRECTION('',(0.,-1.,0.));
#1978=DIRECTION('',(0.,0.,-1.));
#1979=DIRECTION('',(0.,0.,1.));
#1980=DIRECTION('',(0.,0.,1.));
#1981=DIRECTION('',(1.,0.,0.));
#1982=DIRECTION('',(0.,0.,1.));
#1983=DIRECTION('',(-1.,0.,0.));
#1984=DIRECTION('',(0.,0.,1.));
#1985=DIRECTION('',(0.,0.,1.));
#1986=DIRECTION('',(0.,0.,1.));
#1987=DIRECTION('',(1.,0.,0.));
#1988=DIRECTION('',(0.,0.,1.));
#1989=DIRECTION('',(0.,-1.,0.));
#1990=DIRECTION('',(0.,0.,-1.));
#1991=DIRECTION('',(0.,0.,1.));
#1992=DIRECTION('',(0.,0.,1.));
#1993=DIRECTION('',(1.,0.,0.));
#1994=DIRECTION('',(0.,0.,1.));
#1995=DIRECTION('',(0.,0.,1.));
#1996=DIRECTION('',(1.,0.,0.));
#1997=DIRECTION('',(0.,0.,1.));
#1998=DIRECTION('',(0.,0.,1.));
#1999=DIRECTION('',(0.,-1.,0.));
#2000=DIRECTION('',(0.,0.,-1.));
#2001=DIRECTION('',(0.,0.,1.));
#2002=DIRECTION('',(0.,0.,1.));
#2003=DIRECTION('',(1.,0.,0.));
#2004=DIRECTION('',(0.,0.,1.));
#2005=DIRECTION('',(-1.,0.,0.));
#2006=DIRECTION('',(0.,0.,1.));
#2007=DIRECTION('',(0.,0.,1.));
#2008=DIRECTION('',(0.,0.,1.));
#2009=DIRECTION('',(1.,0.,0.));
#2010=DIRECTION('',(0.,0.,1.));
#2011=DIRECTION('',(0.,-1.,0.));
#2012=DIRECTION('',(0.,0.,-1.));
#2013=DIRECTION('',(0.,0.,1.));
#2014=DIRECTION('',(0.,0.,1.));
#2015=DIRECTION('',(1.,0.,0.));
#2016=DIRECTION('',(0.,0.,1.));
#2017=DIRECTION('',(0.,0.,1.));
#2018=DIRECTION('',(1.,0.,0.));
#2019=DIRECTION('',(0.,0.,1.));
#2020=DIRECTION('',(0.,0.,1.));
#2021=DIRECTION('',(0.,-1.,0.));
#2022=DIRECTION('',(0.,0.,-1.));
#2023=DIRECTION('',(0.,0.,1.));
#2024=DIRECTION('',(0.,0.,1.));
#2025=DIRECTION('',(1.,0.,0.));
#2026=DIRECTION('',(0.,0.,1.));
#2027=DIRECTION('',(-1.,-2.66880534765662E-16,0.));
#2028=DIRECTION('',(2.66880534765662E-16,-1.,0.));
#2029=DIRECTION('',(0.,0.,1.));
#2030=DIRECTION('',(0.,0.,1.));
#2031=DIRECTION('',(1.,0.,0.));
#2032=DIRECTION('',(0.,0.,1.));
#2033=DIRECTION('',(0.,-1.,0.));
#2034=DIRECTION('',(0.,0.,-1.));
#2035=DIRECTION('',(0.,0.,1.));
#2036=DIRECTION('',(0.,0.,1.));
#2037=DIRECTION('',(1.,0.,0.));
#2038=DIRECTION('',(0.,0.,1.));
#2039=DIRECTION('',(-1.,-2.66880534765662E-16,0.));
#2040=DIRECTION('',(2.66880534765662E-16,-1.,0.));
#2041=DIRECTION('',(-1.,-2.66880534765662E-16,0.));
#2042=DIRECTION('',(2.66880534765662E-16,-1.,0.));
#2043=DIRECTION('',(-1.,0.,0.));
#2044=DIRECTION('',(0.,0.,1.));
#2045=DIRECTION('',(0.,0.,1.));
#2046=DIRECTION('',(1.,0.,0.));
#2047=DIRECTION('',(0.,0.,1.));
#2048=DIRECTION('',(0.,0.,1.));
#2049=DIRECTION('',(-1.,0.,0.));
#2050=DIRECTION('',(0.,0.,1.));
#2051=DIRECTION('',(0.,0.,1.));
#2052=DIRECTION('',(0.,0.,1.));
#2053=DIRECTION('',(1.,0.,0.));
#2054=DIRECTION('',(0.,0.,1.));
#2055=DIRECTION('',(0.,-1.,0.));
#2056=DIRECTION('',(0.,0.,-1.));
#2057=DIRECTION('',(0.,0.,1.));
#2058=DIRECTION('',(0.,0.,1.));
#2059=DIRECTION('',(1.,0.,0.));
#2060=DIRECTION('',(0.,0.,1.));
#2061=DIRECTION('',(-1.,0.,0.));
#2062=DIRECTION('',(0.,0.,1.));
#2063=DIRECTION('',(0.,0.,1.));
#2064=DIRECTION('',(0.,0.,1.));
#2065=DIRECTION('',(1.,0.,0.));
#2066=DIRECTION('',(0.,0.,1.));
#2067=DIRECTION('',(0.,0.,1.));
#2068=DIRECTION('',(1.,0.,0.));
#2069=DIRECTION('',(0.,0.,1.));
#2070=DIRECTION('',(0.,0.,1.));
#2071=DIRECTION('',(-1.,0.,0.));
#2072=DIRECTION('',(0.,0.,1.));
#2073=DIRECTION('',(0.,0.,1.));
#2074=DIRECTION('',(0.,0.,1.));
#2075=DIRECTION('',(1.,0.,0.));
#2076=DIRECTION('',(0.,0.,1.));
#2077=DIRECTION('',(0.,-1.,0.));
#2078=DIRECTION('',(0.,0.,-1.));
#2079=DIRECTION('',(0.,0.,1.));
#2080=DIRECTION('',(0.,0.,1.));
#2081=DIRECTION('',(1.,0.,0.));
#2082=DIRECTION('',(0.,0.,1.));
#2083=DIRECTION('',(-1.,-2.66880534765662E-16,0.));
#2084=DIRECTION('',(2.66880534765662E-16,-1.,0.));
#2085=DIRECTION('',(0.,0.,1.));
#2086=DIRECTION('',(0.,0.,1.));
#2087=DIRECTION('',(1.,0.,0.));
#2088=DIRECTION('',(0.,0.,1.));
#2089=DIRECTION('',(0.,0.,1.));
#2090=DIRECTION('',(1.,0.,0.));
#2091=DIRECTION('',(0.,0.,1.));
#2092=DIRECTION('',(0.,0.,1.));
#2093=DIRECTION('',(-1.,-2.66880534765662E-16,0.));
#2094=DIRECTION('',(2.66880534765662E-16,-1.,0.));
#2095=DIRECTION('',(0.,0.,1.));
#2096=DIRECTION('',(0.,0.,1.));
#2097=DIRECTION('',(1.,0.,0.));
#2098=DIRECTION('',(0.,0.,1.));
#2099=DIRECTION('',(0.,-1.,0.));
#2100=DIRECTION('',(0.,0.,-1.));
#2101=DIRECTION('',(0.,0.,1.));
#2102=DIRECTION('',(0.,0.,1.));
#2103=DIRECTION('',(1.,0.,0.));
#2104=DIRECTION('',(0.,0.,1.));
#2105=DIRECTION('',(-1.,-2.66880534765662E-16,0.));
#2106=DIRECTION('',(2.66880534765662E-16,-1.,0.));
#2107=DIRECTION('',(0.,0.,1.));
#2108=DIRECTION('',(0.,0.,1.));
#2109=DIRECTION('',(1.,0.,0.));
#2110=DIRECTION('',(0.,0.,1.));
#2111=DIRECTION('',(0.,-1.,0.));
#2112=DIRECTION('',(0.,0.,-1.));
#2113=DIRECTION('',(0.,-1.,0.));
#2114=DIRECTION('',(0.,0.,-1.));
#2115=DIRECTION('',(0.,-1.,0.));
#2116=DIRECTION('',(0.,0.,-1.));
#2117=DIRECTION('',(-1.,0.,0.));
#2118=DIRECTION('',(0.,0.,1.));
#2119=DIRECTION('',(0.,0.,1.));
#2120=DIRECTION('',(0.,0.,1.));
#2121=DIRECTION('',(0.,1.,0.));
#2122=DIRECTION('',(0.,0.,1.));
#2123=DIRECTION('',(0.,0.,1.));
#2124=DIRECTION('',(-1.,0.,0.));
#2125=DIRECTION('',(0.,0.,1.));
#2126=DIRECTION('',(0.,0.,1.));
#2127=DIRECTION('',(0.,1.,0.));
#2128=DIRECTION('',(0.,0.,1.));
#2129=DIRECTION('',(-2.23024496972127E-16,0.707106781186548,0.707106781186548));
#2130=DIRECTION('',(2.23024496972127E-16,-0.707106781186548,0.707106781186548));
#2131=DIRECTION('',(0.577350269189626,-0.577350269189626,0.577350269189626));
#2132=DIRECTION('',(1.,3.1540426835942E-16,0.));
#2133=DIRECTION('',(0.577350269189626,0.577350269189626,-0.577350269189626));
#2134=DIRECTION('',(-0.707106781186548,-2.90518752634745E-16,0.707106781186548));
#2135=DIRECTION('',(0.707106781186548,2.90518752634745E-16,0.707106781186548));
#2136=DIRECTION('',(-0.577350269189626,-0.577350269189626,-0.577350269189626));
#2137=DIRECTION('',(-4.1085556009977E-16,1.,0.));
#2138=DIRECTION('',(2.23024496972127E-16,-0.707106781186548,0.707106781186548));
#2139=DIRECTION('',(-2.23024496972127E-16,0.707106781186548,0.707106781186548));
#2140=DIRECTION('',(-0.577350269189626,0.577350269189626,0.577350269189626));
#2141=DIRECTION('',(-1.,-3.1540426835942E-16,0.));
#2142=DIRECTION('',(0.707106781186548,2.58238891230884E-16,0.707106781186548));
#2143=DIRECTION('',(-0.707106781186548,-2.58238891230884E-16,0.707106781186548));
#2144=DIRECTION('',(3.65204942310906E-16,-1.,0.));
#2145=DIRECTION('',(0.,0.,1.));
#2146=DIRECTION('',(1.,0.,0.));
#2147=DIRECTION('',(0.,-1.,0.));
#2148=DIRECTION('',(0.,1.,0.));
#2149=DIRECTION('',(-0.707106781186548,0.,0.707106781186548));
#2150=DIRECTION('',(0.707106781186548,0.,0.707106781186548));
#2151=DIRECTION('',(0.707106781186548,0.,0.707106781186548));
#2152=DIRECTION('',(-0.707106781186548,0.,0.707106781186548));
#2153=DIRECTION('',(0.,0.,1.));
#2154=DIRECTION('',(1.,0.,0.));
#2155=DIRECTION('',(1.,0.,0.));
#2156=DIRECTION('',(1.,3.46944695195362E-16,0.));
#2157=DIRECTION('',(3.46944695195362E-16,-1.,0.));
#2158=DIRECTION('',(1.,3.46944695195362E-16,0.));
#2159=DIRECTION('',(1.,3.46944695195362E-16,0.));
#2160=DIRECTION('',(0.,-1.,0.));
#2161=DIRECTION('',(0.,0.,-1.));
#2162=DIRECTION('',(1.,0.,0.));
#2163=DIRECTION('',(0.,0.,1.));
#2164=DIRECTION('',(1.,0.,0.));
#2165=DIRECTION('',(0.,0.,-1.));
#2166=DIRECTION('',(-1.,0.,0.));
#2167=DIRECTION('',(0.,0.,-1.));
#2168=DIRECTION('',(-1.,0.,0.));
#2169=DIRECTION('',(0.,0.,-1.));
#2170=DIRECTION('',(-1.,0.,0.));
#2171=DIRECTION('',(0.,0.,-1.));
#2172=DIRECTION('',(-1.,0.,0.));
#2173=DIRECTION('',(0.,0.,1.));
#2174=DIRECTION('',(1.,0.,0.));
#2175=CARTESIAN_POINT('',(0.,0.,0.));
#2176=CARTESIAN_POINT('',(0.0140171572875254,0.043325,0.0152));
#2177=CARTESIAN_POINT('',(0.0140171572875254,0.043325,0.015));
#2178=CARTESIAN_POINT('',(0.0140171572875254,0.0724125,0.015));
#2179=CARTESIAN_POINT('',(0.0140171572875254,0.0594125,0.015));
#2180=CARTESIAN_POINT('',(0.0140171572875254,0.0726125,0.0152));
#2181=CARTESIAN_POINT('',(0.0141585786437627,0.0727539213562373,0.0153414213562373));
#2182=CARTESIAN_POINT('',(0.0141585786437627,0.043325,0.0153414213562373));
#2183=CARTESIAN_POINT('',(0.0141585786437627,0.0590710786437627,0.0153414213562373));
#2184=CARTESIAN_POINT('',(0.0140171572875254,0.0592125,0.0152));
#2185=CARTESIAN_POINT('',(0.0434828427124746,0.043325,0.0152));
#2186=CARTESIAN_POINT('',(0.0434828427124746,0.043325,0.015));
#2187=CARTESIAN_POINT('',(0.0434828427124746,0.0594125,0.015));
#2188=CARTESIAN_POINT('',(0.0434828427124746,0.0724125,0.015));
#2189=CARTESIAN_POINT('',(0.0434828427124746,0.0592125,0.0152));
#2190=CARTESIAN_POINT('',(0.0433414213562373,0.0590710786437627,0.0153414213562373));
#2191=CARTESIAN_POINT('',(0.0433414213562373,0.043325,0.0153414213562373));
#2192=CARTESIAN_POINT('',(0.0433414213562373,0.0727539213562373,0.0153414213562373));
#2193=CARTESIAN_POINT('',(0.0434828427124746,0.0726125,0.0152));
#2194=CARTESIAN_POINT('',(0.039995,0.043325,0.013));
#2195=CARTESIAN_POINT('',(0.06499,0.06529375,0.013));
#2196=CARTESIAN_POINT('',(0.06499,0.07184375,0.013));
#2197=CARTESIAN_POINT('',(0.06499,0.05874375,0.013));
#2198=CARTESIAN_POINT('',(0.05844,0.07184375,0.013));
#2199=CARTESIAN_POINT('',(0.05189,0.07184375,0.013));
#2200=CARTESIAN_POINT('',(0.05189,0.06529375,0.013));
#2201=CARTESIAN_POINT('',(0.05189,0.05874375,0.013));
#2202=CARTESIAN_POINT('',(0.05844,0.05874375,0.013));
#2203=CARTESIAN_POINT('',(0.01102,0.0302625,0.013));
#2204=CARTESIAN_POINT('',(0.01102,0.0307625,0.013));
#2205=CARTESIAN_POINT('',(0.01052,0.0302625,0.013));
#2206=CARTESIAN_POINT('',(0.01052,0.0237625,0.013));
#2207=CARTESIAN_POINT('',(0.01052,0.0172625,0.013));
#2208=CARTESIAN_POINT('',(0.01102,0.0172625,0.013));
#2209=CARTESIAN_POINT('',(0.01102,0.0167625,0.013));
#2210=CARTESIAN_POINT('',(0.01752,0.0167625,0.013));
#2211=CARTESIAN_POINT('',(0.02402,0.0167625,0.013));
#2212=CARTESIAN_POINT('',(0.02402,0.0172625,0.013));
#2213=CARTESIAN_POINT('',(0.02452,0.0172625,0.013));
#2214=CARTESIAN_POINT('',(0.02452,0.0237625,0.013));
#2215=CARTESIAN_POINT('',(0.02452,0.0302625,0.013));
#2216=CARTESIAN_POINT('',(0.02402,0.0302625,0.013));
#2217=CARTESIAN_POINT('',(0.02402,0.0307625,0.013));
#2218=CARTESIAN_POINT('',(0.01752,0.0307625,0.013));
#2219=CARTESIAN_POINT('',(0.03007,0.0302625,0.013));
#2220=CARTESIAN_POINT('',(0.03007,0.0307625,0.013));
#2221=CARTESIAN_POINT('',(0.02957,0.0302625,0.013));
#2222=CARTESIAN_POINT('',(0.02957,0.0237625,0.013));
#2223=CARTESIAN_POINT('',(0.02957,0.0172625,0.013));
#2224=CARTESIAN_POINT('',(0.03007,0.0172625,0.013));
#2225=CARTESIAN_POINT('',(0.03007,0.0167625,0.013));
#2226=CARTESIAN_POINT('',(0.03657,0.0167625,0.013));
#2227=CARTESIAN_POINT('',(0.04307,0.0167625,0.013));
#2228=CARTESIAN_POINT('',(0.04307,0.0172625,0.013));
#2229=CARTESIAN_POINT('',(0.04357,0.0172625,0.013));
#2230=CARTESIAN_POINT('',(0.04357,0.0237625,0.013));
#2231=CARTESIAN_POINT('',(0.04357,0.0302625,0.013));
#2232=CARTESIAN_POINT('',(0.04307,0.0302625,0.013));
#2233=CARTESIAN_POINT('',(0.04307,0.0307625,0.013));
#2234=CARTESIAN_POINT('',(0.03657,0.0307625,0.013));
#2235=CARTESIAN_POINT('',(0.04912,0.0302625,0.013));
#2236=CARTESIAN_POINT('',(0.04912,0.0307625,0.013));
#2237=CARTESIAN_POINT('',(0.04862,0.0302625,0.013));
#2238=CARTESIAN_POINT('',(0.04862,0.0237625,0.013));
#2239=CARTESIAN_POINT('',(0.04862,0.0172625,0.013));
#2240=CARTESIAN_POINT('',(0.04912,0.0172625,0.013));
#2241=CARTESIAN_POINT('',(0.04912,0.0167625,0.013));
#2242=CARTESIAN_POINT('',(0.05562,0.0167625,0.013));
#2243=CARTESIAN_POINT('',(0.06212,0.0167625,0.013));
#2244=CARTESIAN_POINT('',(0.06212,0.0172625,0.013));
#2245=CARTESIAN_POINT('',(0.06262,0.0172625,0.013));
#2246=CARTESIAN_POINT('',(0.06262,0.0237625,0.013));
#2247=CARTESIAN_POINT('',(0.06262,0.0302625,0.013));
#2248=CARTESIAN_POINT('',(0.06212,0.0302625,0.013));
#2249=CARTESIAN_POINT('',(0.06212,0.0307625,0.013));
#2250=CARTESIAN_POINT('',(0.05562,0.0307625,0.013));
#2251=CARTESIAN_POINT('',(0.02402,0.05055,0.013));
#2252=CARTESIAN_POINT('',(0.02452,0.05055,0.013));
#2253=CARTESIAN_POINT('',(0.02402,0.05105,0.013));
#2254=CARTESIAN_POINT('',(0.01752,0.05105,0.013));
#2255=CARTESIAN_POINT('',(0.01102,0.05105,0.013));
#2256=CARTESIAN_POINT('',(0.01102,0.05055,0.013));
#2257=CARTESIAN_POINT('',(0.01052,0.05055,0.013));
#2258=CARTESIAN_POINT('',(0.01052,0.04405,0.013));
#2259=CARTESIAN_POINT('',(0.01052,0.03755,0.013));
#2260=CARTESIAN_POINT('',(0.01102,0.03755,0.013));
#2261=CARTESIAN_POINT('',(0.01102,0.03705,0.013));
#2262=CARTESIAN_POINT('',(0.01752,0.03705,0.013));
#2263=CARTESIAN_POINT('',(0.02402,0.03705,0.013));
#2264=CARTESIAN_POINT('',(0.02402,0.03755,0.013));
#2265=CARTESIAN_POINT('',(0.02452,0.03755,0.013));
#2266=CARTESIAN_POINT('',(0.02452,0.04405,0.013));
#2267=CARTESIAN_POINT('',(0.04307,0.05055,0.013));
#2268=CARTESIAN_POINT('',(0.04357,0.05055,0.013));
#2269=CARTESIAN_POINT('',(0.04307,0.05105,0.013));
#2270=CARTESIAN_POINT('',(0.03657,0.05105,0.013));
#2271=CARTESIAN_POINT('',(0.03007,0.05105,0.013));
#2272=CARTESIAN_POINT('',(0.03007,0.05055,0.013));
#2273=CARTESIAN_POINT('',(0.02957,0.05055,0.013));
#2274=CARTESIAN_POINT('',(0.02957,0.04405,0.013));
#2275=CARTESIAN_POINT('',(0.02957,0.03755,0.013));
#2276=CARTESIAN_POINT('',(0.03007,0.03755,0.013));
#2277=CARTESIAN_POINT('',(0.03007,0.03705,0.013));
#2278=CARTESIAN_POINT('',(0.03657,0.03705,0.013));
#2279=CARTESIAN_POINT('',(0.04307,0.03705,0.013));
#2280=CARTESIAN_POINT('',(0.04307,0.03755,0.013));
#2281=CARTESIAN_POINT('',(0.04357,0.03755,0.013));
#2282=CARTESIAN_POINT('',(0.04357,0.04405,0.013));
#2283=CARTESIAN_POINT('',(0.06212,0.05055,0.013));
#2284=CARTESIAN_POINT('',(0.06262,0.05055,0.013));
#2285=CARTESIAN_POINT('',(0.06212,0.05105,0.013));
#2286=CARTESIAN_POINT('',(0.05562,0.05105,0.013));
#2287=CARTESIAN_POINT('',(0.04912,0.05105,0.013));
#2288=CARTESIAN_POINT('',(0.04912,0.05055,0.013));
#2289=CARTESIAN_POINT('',(0.04862,0.05055,0.013));
#2290=CARTESIAN_POINT('',(0.04862,0.04405,0.013));
#2291=CARTESIAN_POINT('',(0.04862,0.03755,0.013));
#2292=CARTESIAN_POINT('',(0.04912,0.03755,0.013));
#2293=CARTESIAN_POINT('',(0.04912,0.03705,0.013));
#2294=CARTESIAN_POINT('',(0.05562,0.03705,0.013));
#2295=CARTESIAN_POINT('',(0.06212,0.03705,0.013));
#2296=CARTESIAN_POINT('',(0.06212,0.03755,0.013));
#2297=CARTESIAN_POINT('',(0.06262,0.03755,0.013));
#2298=CARTESIAN_POINT('',(0.06262,0.04405,0.013));
#2299=CARTESIAN_POINT('',(0.0285,0.0724125,0.013));
#2300=CARTESIAN_POINT('',(0.0085,0.0724125,0.013));
#2301=CARTESIAN_POINT('',(0.0485,0.0724125,0.013));
#2302=CARTESIAN_POINT('',(0.0085,0.0659125,0.013));
#2303=CARTESIAN_POINT('',(0.0085,0.0594125,0.013));
#2304=CARTESIAN_POINT('',(0.0285,0.0594125,0.013));
#2305=CARTESIAN_POINT('',(0.0485,0.0594125,0.013));
#2306=CARTESIAN_POINT('',(0.0485,0.0659125,0.013));
#2307=CARTESIAN_POINT('',(0.039995,0.08665,0.013));
#2308=CARTESIAN_POINT('',(-5.39703848357252E-18,0.08665,0.013));
#2309=CARTESIAN_POINT('',(0.07999,0.08665,0.013));
#2310=CARTESIAN_POINT('',(0.07999,0.043325,0.013));
#2311=CARTESIAN_POINT('',(0.07999,0.,0.013));
#2312=CARTESIAN_POINT('',(0.039995,0.,0.013));
#2313=CARTESIAN_POINT('',(0.,0.,0.013));
#2314=CARTESIAN_POINT('',(-2.74414735491956E-18,0.043325,0.013));
#2315=CARTESIAN_POINT('',(0.07499,0.08165,0.013));
#2316=CARTESIAN_POINT('',(0.07644,0.08165,0.013));
#2317=CARTESIAN_POINT('',(0.07499,0.005,0.013));
#2318=CARTESIAN_POINT('',(0.07644,0.005,0.013));
#2319=CARTESIAN_POINT('',(0.005,0.005,0.013));
#2320=CARTESIAN_POINT('',(0.00645,0.005,0.013));
#2321=CARTESIAN_POINT('',(0.005,0.08165,0.013));
#2322=CARTESIAN_POINT('',(0.00645,0.08165,0.013));
#2323=CARTESIAN_POINT('',(0.0085,0.0659125,0.013));
#2324=CARTESIAN_POINT('',(0.0085,0.0724125,0.013));
#2325=CARTESIAN_POINT('',(0.0085,0.0724125,0.015));
#2326=CARTESIAN_POINT('',(0.0085,0.0659125,0.015));
#2327=CARTESIAN_POINT('',(0.0085,0.0594125,0.015));
#2328=CARTESIAN_POINT('',(0.0085,0.0594125,0.013));
#2329=CARTESIAN_POINT('',(0.039995,0.0594125,0.015));
#2330=CARTESIAN_POINT('',(0.0483625,0.05405,0.0203625));
#2331=CARTESIAN_POINT('',(0.044,0.0584125,0.016));
#2332=CARTESIAN_POINT('',(0.0285,0.0594125,0.015));
#2333=CARTESIAN_POINT('',(0.0091375,0.05405,0.0203625));
#2334=CARTESIAN_POINT('',(0.0135,0.0584125,0.016));
#2335=CARTESIAN_POINT('',(0.039995,0.0584125,0.016));
#2336=CARTESIAN_POINT('',(0.0485,0.0659125,0.013));
#2337=CARTESIAN_POINT('',(0.0485,0.0594125,0.013));
#2338=CARTESIAN_POINT('',(0.0485,0.0594125,0.015));
#2339=CARTESIAN_POINT('',(0.0485,0.0659125,0.015));
#2340=CARTESIAN_POINT('',(0.0485,0.0724125,0.015));
#2341=CARTESIAN_POINT('',(0.0485,0.0724125,0.013));
#2342=CARTESIAN_POINT('',(0.039995,0.0724125,0.015));
#2343=CARTESIAN_POINT('',(0.0285,0.0724125,0.015));
#2344=CARTESIAN_POINT('',(0.0333041666666666,0.0627166666666667,0.00530416666666666));
#2345=CARTESIAN_POINT('',(0.044,0.0734125,0.016));
#2346=CARTESIAN_POINT('',(0.039995,0.0734125,0.016));
#2347=CARTESIAN_POINT('',(0.0135,0.0734125,0.016));
#2348=CARTESIAN_POINT('',(0.0241958333333334,0.0627166666666667,0.00530416666666666));
#2349=CARTESIAN_POINT('',(0.039995,0.043325,0.015));
#2350=CARTESIAN_POINT('',(0.07499,0.08165,0.015));
#2351=CARTESIAN_POINT('',(0.07354,0.08165,0.015));
#2352=CARTESIAN_POINT('',(0.07499,0.005,0.015));
#2353=CARTESIAN_POINT('',(0.07354,0.005,0.015));
#2354=CARTESIAN_POINT('',(0.005,0.005,0.015));
#2355=CARTESIAN_POINT('',(0.00355,0.005,0.015));
#2356=CARTESIAN_POINT('',(0.005,0.08165,0.015));
#2357=CARTESIAN_POINT('',(0.00355,0.08165,0.015));
#2358=CARTESIAN_POINT('',(0.039995,0.0754125,0.015));
#2359=CARTESIAN_POINT('',(0.0065,0.0754125,0.015));
#2360=CARTESIAN_POINT('',(0.0505,0.0754125,0.015));
#2361=CARTESIAN_POINT('',(0.0505,0.043325,0.015));
#2362=CARTESIAN_POINT('',(0.0505,0.0564125,0.015));
#2363=CARTESIAN_POINT('',(0.039995,0.0564125,0.015));
#2364=CARTESIAN_POINT('',(0.0065,0.0564125,0.015));
#2365=CARTESIAN_POINT('',(0.0065,0.043325,0.015));
#2366=CARTESIAN_POINT('',(0.039995,0.08665,0.015));
#2367=CARTESIAN_POINT('',(-6.93889390390723E-18,0.08665,0.015));
#2368=CARTESIAN_POINT('',(0.07999,0.08665,0.015));
#2369=CARTESIAN_POINT('',(-2.74414735491956E-18,0.043325,0.015));
#2370=CARTESIAN_POINT('',(0.,0.,0.015));
#2371=CARTESIAN_POINT('',(0.039995,0.,0.015));
#2372=CARTESIAN_POINT('',(0.07999,-3.46944695195361E-18,0.015));
#2373=CARTESIAN_POINT('',(0.07999,0.043325,0.015));
#2374=CARTESIAN_POINT('',(0.02402,0.05055,0.015));
#2375=CARTESIAN_POINT('',(0.02452,0.05055,0.015));
#2376=CARTESIAN_POINT('',(0.02402,0.05105,0.015));
#2377=CARTESIAN_POINT('',(0.02452,0.04405,0.015));
#2378=CARTESIAN_POINT('',(0.02452,0.03755,0.015));
#2379=CARTESIAN_POINT('',(0.02402,0.03755,0.015));
#2380=CARTESIAN_POINT('',(0.02402,0.03705,0.015));
#2381=CARTESIAN_POINT('',(0.01752,0.03705,0.015));
#2382=CARTESIAN_POINT('',(0.01102,0.03705,0.015));
#2383=CARTESIAN_POINT('',(0.01102,0.03755,0.015));
#2384=CARTESIAN_POINT('',(0.01052,0.03755,0.015));
#2385=CARTESIAN_POINT('',(0.01052,0.04405,0.015));
#2386=CARTESIAN_POINT('',(0.01052,0.05055,0.015));
#2387=CARTESIAN_POINT('',(0.01102,0.05055,0.015));
#2388=CARTESIAN_POINT('',(0.01102,0.05105,0.015));
#2389=CARTESIAN_POINT('',(0.01752,0.05105,0.015));
#2390=CARTESIAN_POINT('',(0.04307,0.05055,0.015));
#2391=CARTESIAN_POINT('',(0.04357,0.05055,0.015));
#2392=CARTESIAN_POINT('',(0.04307,0.05105,0.015));
#2393=CARTESIAN_POINT('',(0.04357,0.04405,0.015));
#2394=CARTESIAN_POINT('',(0.04357,0.03755,0.015));
#2395=CARTESIAN_POINT('',(0.04307,0.03755,0.015));
#2396=CARTESIAN_POINT('',(0.04307,0.03705,0.015));
#2397=CARTESIAN_POINT('',(0.03657,0.03705,0.015));
#2398=CARTESIAN_POINT('',(0.03007,0.03705,0.015));
#2399=CARTESIAN_POINT('',(0.03007,0.03755,0.015));
#2400=CARTESIAN_POINT('',(0.02957,0.03755,0.015));
#2401=CARTESIAN_POINT('',(0.02957,0.04405,0.015));
#2402=CARTESIAN_POINT('',(0.02957,0.05055,0.015));
#2403=CARTESIAN_POINT('',(0.03007,0.05055,0.015));
#2404=CARTESIAN_POINT('',(0.03007,0.05105,0.015));
#2405=CARTESIAN_POINT('',(0.03657,0.05105,0.015));
#2406=CARTESIAN_POINT('',(0.06212,0.05055,0.015));
#2407=CARTESIAN_POINT('',(0.06262,0.05055,0.015));
#2408=CARTESIAN_POINT('',(0.06212,0.05105,0.015));
#2409=CARTESIAN_POINT('',(0.06262,0.04405,0.015));
#2410=CARTESIAN_POINT('',(0.06262,0.03755,0.015));
#2411=CARTESIAN_POINT('',(0.06212,0.03755,0.015));
#2412=CARTESIAN_POINT('',(0.06212,0.03705,0.015));
#2413=CARTESIAN_POINT('',(0.05562,0.03705,0.015));
#2414=CARTESIAN_POINT('',(0.04912,0.03705,0.015));
#2415=CARTESIAN_POINT('',(0.04912,0.03755,0.015));
#2416=CARTESIAN_POINT('',(0.04862,0.03755,0.015));
#2417=CARTESIAN_POINT('',(0.04862,0.04405,0.015));
#2418=CARTESIAN_POINT('',(0.04862,0.05055,0.015));
#2419=CARTESIAN_POINT('',(0.04912,0.05055,0.015));
#2420=CARTESIAN_POINT('',(0.04912,0.05105,0.015));
#2421=CARTESIAN_POINT('',(0.05562,0.05105,0.015));
#2422=CARTESIAN_POINT('',(0.01102,0.0302625,0.015));
#2423=CARTESIAN_POINT('',(0.01102,0.0307625,0.015));
#2424=CARTESIAN_POINT('',(0.01052,0.0302625,0.015));
#2425=CARTESIAN_POINT('',(0.01752,0.0307625,0.015));
#2426=CARTESIAN_POINT('',(0.02402,0.0307625,0.015));
#2427=CARTESIAN_POINT('',(0.02402,0.0302625,0.015));
#2428=CARTESIAN_POINT('',(0.02452,0.0302625,0.015));
#2429=CARTESIAN_POINT('',(0.02452,0.0237625,0.015));
#2430=CARTESIAN_POINT('',(0.02452,0.0172625,0.015));
#2431=CARTESIAN_POINT('',(0.02402,0.0172625,0.015));
#2432=CARTESIAN_POINT('',(0.02402,0.0167625,0.015));
#2433=CARTESIAN_POINT('',(0.01752,0.0167625,0.015));
#2434=CARTESIAN_POINT('',(0.01102,0.0167625,0.015));
#2435=CARTESIAN_POINT('',(0.01102,0.0172625,0.015));
#2436=CARTESIAN_POINT('',(0.01052,0.0172625,0.015));
#2437=CARTESIAN_POINT('',(0.01052,0.0237625,0.015));
#2438=CARTESIAN_POINT('',(0.03007,0.0302625,0.015));
#2439=CARTESIAN_POINT('',(0.03007,0.0307625,0.015));
#2440=CARTESIAN_POINT('',(0.02957,0.0302625,0.015));
#2441=CARTESIAN_POINT('',(0.03657,0.0307625,0.015));
#2442=CARTESIAN_POINT('',(0.04307,0.0307625,0.015));
#2443=CARTESIAN_POINT('',(0.04307,0.0302625,0.015));
#2444=CARTESIAN_POINT('',(0.04357,0.0302625,0.015));
#2445=CARTESIAN_POINT('',(0.04357,0.0237625,0.015));
#2446=CARTESIAN_POINT('',(0.04357,0.0172625,0.015));
#2447=CARTESIAN_POINT('',(0.04307,0.0172625,0.015));
#2448=CARTESIAN_POINT('',(0.04307,0.0167625,0.015));
#2449=CARTESIAN_POINT('',(0.03657,0.0167625,0.015));
#2450=CARTESIAN_POINT('',(0.03007,0.0167625,0.015));
#2451=CARTESIAN_POINT('',(0.03007,0.0172625,0.015));
#2452=CARTESIAN_POINT('',(0.02957,0.0172625,0.015));
#2453=CARTESIAN_POINT('',(0.02957,0.0237625,0.015));
#2454=CARTESIAN_POINT('',(0.04912,0.0302625,0.015));
#2455=CARTESIAN_POINT('',(0.04912,0.0307625,0.015));
#2456=CARTESIAN_POINT('',(0.04862,0.0302625,0.015));
#2457=CARTESIAN_POINT('',(0.05562,0.0307625,0.015));
#2458=CARTESIAN_POINT('',(0.06212,0.0307625,0.015));
#2459=CARTESIAN_POINT('',(0.06212,0.0302625,0.015));
#2460=CARTESIAN_POINT('',(0.06262,0.0302625,0.015));
#2461=CARTESIAN_POINT('',(0.06262,0.0237625,0.015));
#2462=CARTESIAN_POINT('',(0.06262,0.0172625,0.015));
#2463=CARTESIAN_POINT('',(0.06212,0.0172625,0.015));
#2464=CARTESIAN_POINT('',(0.06212,0.0167625,0.015));
#2465=CARTESIAN_POINT('',(0.05562,0.0167625,0.015));
#2466=CARTESIAN_POINT('',(0.04912,0.0167625,0.015));
#2467=CARTESIAN_POINT('',(0.04912,0.0172625,0.015));
#2468=CARTESIAN_POINT('',(0.04862,0.0172625,0.015));
#2469=CARTESIAN_POINT('',(0.04862,0.0237625,0.015));
#2470=CARTESIAN_POINT('',(0.05844,0.07184375,0.015));
#2471=CARTESIAN_POINT('',(0.06499,0.07184375,0.015));
#2472=CARTESIAN_POINT('',(0.05189,0.07184375,0.015));
#2473=CARTESIAN_POINT('',(0.06499,0.06529375,0.015));
#2474=CARTESIAN_POINT('',(0.06499,0.05874375,0.015));
#2475=CARTESIAN_POINT('',(0.05844,0.05874375,0.015));
#2476=CARTESIAN_POINT('',(0.05189,0.05874375,0.015));
#2477=CARTESIAN_POINT('',(0.05189,0.06529375,0.015));
#2478=CARTESIAN_POINT('',(0.039995,0.08665,0.015));
#2479=CARTESIAN_POINT('',(-6.93889390390723E-18,0.08665,0.015));
#2480=CARTESIAN_POINT('',(0.07999,0.08665,0.015));
#2481=CARTESIAN_POINT('',(-2.74414735491956E-18,0.043325,0.015));
#2482=CARTESIAN_POINT('',(0.,0.,0.015));
#2483=CARTESIAN_POINT('',(0.039995,0.,0.015));
#2484=CARTESIAN_POINT('',(0.07999,-3.46944695195361E-18,0.015));
#2485=CARTESIAN_POINT('',(0.07999,0.043325,0.015));
#2486=CARTESIAN_POINT('',(0.04912,0.0302625,0.013));
#2487=CARTESIAN_POINT('',(0.04862,0.0302625,0.013));
#2488=CARTESIAN_POINT('',(0.04912,0.0307625,0.013));
#2489=CARTESIAN_POINT('',(0.05562,0.0307625,0.013));
#2490=CARTESIAN_POINT('',(0.06212,0.0307625,0.013));
#2491=CARTESIAN_POINT('',(0.06212,0.0302625,0.013));
#2492=CARTESIAN_POINT('',(0.06262,0.0302625,0.013));
#2493=CARTESIAN_POINT('',(0.06262,0.0237625,0.013));
#2494=CARTESIAN_POINT('',(0.06262,0.0172625,0.013));
#2495=CARTESIAN_POINT('',(0.06212,0.0172625,0.013));
#2496=CARTESIAN_POINT('',(0.06212,0.0167625,0.013));
#2497=CARTESIAN_POINT('',(0.05562,0.0167625,0.013));
#2498=CARTESIAN_POINT('',(0.04912,0.0167625,0.013));
#2499=CARTESIAN_POINT('',(0.04912,0.0172625,0.013));
#2500=CARTESIAN_POINT('',(0.04862,0.0172625,0.013));
#2501=CARTESIAN_POINT('',(0.03007,0.0302625,0.013));
#2502=CARTESIAN_POINT('',(0.02957,0.0302625,0.013));
#2503=CARTESIAN_POINT('',(0.03007,0.0307625,0.013));
#2504=CARTESIAN_POINT('',(0.03657,0.0307625,0.013));
#2505=CARTESIAN_POINT('',(0.04307,0.0307625,0.013));
#2506=CARTESIAN_POINT('',(0.04307,0.0302625,0.013));
#2507=CARTESIAN_POINT('',(0.04357,0.0302625,0.013));
#2508=CARTESIAN_POINT('',(0.04357,0.0237625,0.013));
#2509=CARTESIAN_POINT('',(0.04357,0.0172625,0.013));
#2510=CARTESIAN_POINT('',(0.04307,0.0172625,0.013));
#2511=CARTESIAN_POINT('',(0.04307,0.0167625,0.013));
#2512=CARTESIAN_POINT('',(0.03657,0.0167625,0.013));
#2513=CARTESIAN_POINT('',(0.03007,0.0167625,0.013));
#2514=CARTESIAN_POINT('',(0.03007,0.0172625,0.013));
#2515=CARTESIAN_POINT('',(0.02957,0.0172625,0.013));
#2516=CARTESIAN_POINT('',(0.01102,0.0302625,0.013));
#2517=CARTESIAN_POINT('',(0.01052,0.0302625,0.013));
#2518=CARTESIAN_POINT('',(0.01102,0.0307625,0.013));
#2519=CARTESIAN_POINT('',(0.01752,0.0307625,0.013));
#2520=CARTESIAN_POINT('',(0.02402,0.0307625,0.013));
#2521=CARTESIAN_POINT('',(0.02402,0.0302625,0.013));
#2522=CARTESIAN_POINT('',(0.02452,0.0302625,0.013));
#2523=CARTESIAN_POINT('',(0.02452,0.0237625,0.013));
#2524=CARTESIAN_POINT('',(0.02452,0.0172625,0.013));
#2525=CARTESIAN_POINT('',(0.02402,0.0172625,0.013));
#2526=CARTESIAN_POINT('',(0.02402,0.0167625,0.013));
#2527=CARTESIAN_POINT('',(0.01752,0.0167625,0.013));
#2528=CARTESIAN_POINT('',(0.01102,0.0167625,0.013));
#2529=CARTESIAN_POINT('',(0.01102,0.0172625,0.013));
#2530=CARTESIAN_POINT('',(0.01052,0.0172625,0.013));
#2531=CARTESIAN_POINT('',(0.02957,0.0237625,0.013));
#2532=CARTESIAN_POINT('',(0.01052,0.0237625,0.013));
#2533=CARTESIAN_POINT('',(0.04862,0.0237625,0.013));
#2534=CARTESIAN_POINT('',(0.06212,0.05055,0.013));
#2535=CARTESIAN_POINT('',(0.06212,0.05105,0.013));
#2536=CARTESIAN_POINT('',(0.06262,0.05055,0.013));
#2537=CARTESIAN_POINT('',(0.06262,0.04405,0.013));
#2538=CARTESIAN_POINT('',(0.06262,0.03755,0.013));
#2539=CARTESIAN_POINT('',(0.06212,0.03755,0.013));
#2540=CARTESIAN_POINT('',(0.06212,0.03705,0.013));
#2541=CARTESIAN_POINT('',(0.05562,0.03705,0.013));
#2542=CARTESIAN_POINT('',(0.04912,0.03705,0.013));
#2543=CARTESIAN_POINT('',(0.04912,0.03755,0.013));
#2544=CARTESIAN_POINT('',(0.04862,0.03755,0.013));
#2545=CARTESIAN_POINT('',(0.04862,0.04405,0.013));
#2546=CARTESIAN_POINT('',(0.04862,0.05055,0.013));
#2547=CARTESIAN_POINT('',(0.04912,0.05055,0.013));
#2548=CARTESIAN_POINT('',(0.04912,0.05105,0.013));
#2549=CARTESIAN_POINT('',(0.04307,0.05055,0.013));
#2550=CARTESIAN_POINT('',(0.04307,0.05105,0.013));
#2551=CARTESIAN_POINT('',(0.04357,0.05055,0.013));
#2552=CARTESIAN_POINT('',(0.04357,0.04405,0.013));
#2553=CARTESIAN_POINT('',(0.04357,0.03755,0.013));
#2554=CARTESIAN_POINT('',(0.04307,0.03755,0.013));
#2555=CARTESIAN_POINT('',(0.04307,0.03705,0.013));
#2556=CARTESIAN_POINT('',(0.03657,0.03705,0.013));
#2557=CARTESIAN_POINT('',(0.03007,0.03705,0.013));
#2558=CARTESIAN_POINT('',(0.03007,0.03755,0.013));
#2559=CARTESIAN_POINT('',(0.02957,0.03755,0.013));
#2560=CARTESIAN_POINT('',(0.02957,0.04405,0.013));
#2561=CARTESIAN_POINT('',(0.02957,0.05055,0.013));
#2562=CARTESIAN_POINT('',(0.03007,0.05055,0.013));
#2563=CARTESIAN_POINT('',(0.03007,0.05105,0.013));
#2564=CARTESIAN_POINT('',(0.02402,0.05055,0.013));
#2565=CARTESIAN_POINT('',(0.02402,0.05105,0.013));
#2566=CARTESIAN_POINT('',(0.02452,0.05055,0.013));
#2567=CARTESIAN_POINT('',(0.02452,0.04405,0.013));
#2568=CARTESIAN_POINT('',(0.02452,0.03755,0.013));
#2569=CARTESIAN_POINT('',(0.02402,0.03755,0.013));
#2570=CARTESIAN_POINT('',(0.02402,0.03705,0.013));
#2571=CARTESIAN_POINT('',(0.01752,0.03705,0.013));
#2572=CARTESIAN_POINT('',(0.01102,0.03705,0.013));
#2573=CARTESIAN_POINT('',(0.01102,0.03755,0.013));
#2574=CARTESIAN_POINT('',(0.01052,0.03755,0.013));
#2575=CARTESIAN_POINT('',(0.01052,0.04405,0.013));
#2576=CARTESIAN_POINT('',(0.01052,0.05055,0.013));
#2577=CARTESIAN_POINT('',(0.01102,0.05055,0.013));
#2578=CARTESIAN_POINT('',(0.01102,0.05105,0.013));
#2579=CARTESIAN_POINT('',(0.05562,0.05105,0.013));
#2580=CARTESIAN_POINT('',(0.03657,0.05105,0.013));
#2581=CARTESIAN_POINT('',(0.01752,0.05105,0.013));
#2582=CARTESIAN_POINT('',(0.06499,0.06529375,0.013));
#2583=CARTESIAN_POINT('',(0.06499,0.07184375,0.013));
#2584=CARTESIAN_POINT('',(0.06499,0.05874375,0.013));
#2585=CARTESIAN_POINT('',(0.05844,0.07184375,0.013));
#2586=CARTESIAN_POINT('',(0.05189,0.07184375,0.013));
#2587=CARTESIAN_POINT('',(0.05189,0.06529375,0.013));
#2588=CARTESIAN_POINT('',(0.05189,0.05874375,0.013));
#2589=CARTESIAN_POINT('',(0.05844,0.05874375,0.013));
#2590=CARTESIAN_POINT('',(0.039995,0.0754125,0.015));
#2591=CARTESIAN_POINT('',(0.017665,0.0642475,0.026165));
#2592=CARTESIAN_POINT('',(0.0075,0.0744125,0.016));
#2593=CARTESIAN_POINT('',(0.039995,0.0744125,0.016));
#2594=CARTESIAN_POINT('',(0.0495,0.0744125,0.016));
#2595=CARTESIAN_POINT('',(0.0469983333333333,0.0719108333333334,0.0185016666666666));
#2596=CARTESIAN_POINT('',(0.0065,0.043325,0.015));
#2597=CARTESIAN_POINT('',(0.017665,0.0675775,0.026165));
#2598=CARTESIAN_POINT('',(0.0075,0.0574125,0.016));
#2599=CARTESIAN_POINT('',(0.0075,0.043325,0.016));
#2600=CARTESIAN_POINT('',(0.039995,0.0564125,0.015));
#2601=CARTESIAN_POINT('',(0.0469983333333333,0.0599141666666667,0.0185016666666666));
#2602=CARTESIAN_POINT('',(0.0495,0.0574125,0.016));
#2603=CARTESIAN_POINT('',(0.039995,0.0574125,0.016));
#2604=CARTESIAN_POINT('',(0.0505,0.043325,0.015));
#2605=CARTESIAN_POINT('',(0.0495,0.043325,0.016));
#2606=CARTESIAN_POINT('',(0.039995,0.043325,0.016));
#2607=CARTESIAN_POINT('',(0.044,0.043325,0.016));
#2608=CARTESIAN_POINT('',(0.0135,0.043325,0.016));
#2609=CARTESIAN_POINT('',(0.043,0.043325,0.015));
#2610=CARTESIAN_POINT('',(0.0145,0.043325,0.015));
#2611=CARTESIAN_POINT('',(0.039995,0.043325,0.015));
#2612=CARTESIAN_POINT('',(0.0285,0.0724125,0.015));
#2613=CARTESIAN_POINT('',(0.0285,0.0594125,0.015));
#2614=CARTESIAN_POINT('',(0.0285,0.0594125,0.013));
#2615=CARTESIAN_POINT('',(0.0285,0.0594125,0.015));
#2616=CARTESIAN_POINT('',(0.0285,0.0724125,0.013));
#2617=CARTESIAN_POINT('',(0.0285,0.0724125,0.015));
#2618=CARTESIAN_POINT('',(0.039995,0.043325,0.015));
#2619=CARTESIAN_POINT('',(0.005,0.08165,0.015));
#2620=CARTESIAN_POINT('',(0.005,0.005,0.015));
#2621=CARTESIAN_POINT('',(0.07499,0.005,0.015));
#2622=CARTESIAN_POINT('',(0.07499,0.08165,0.015));
#2623=CARTESIAN_POINT('',(-0.0473295431151986,-0.0243169473789632,-0.0111252233104315));
#2624=MECHANICAL_DESIGN_GEOMETRIC_PRESENTATION_REPRESENTATION('',(#1579),
#2625);
#2625=(
GEOMETRIC_REPRESENTATION_CONTEXT(3)
GLOBAL_UNCERTAINTY_ASSIGNED_CONTEXT((#2627))
GLOBAL_UNIT_ASSIGNED_CONTEXT((#2631,#2630,#2629))
REPRESENTATION_CONTEXT('Top Part','TOP_LEVEL_ASSEMBLY_PART')
);
#2626=(
GEOMETRIC_REPRESENTATION_CONTEXT(3)
GLOBAL_UNCERTAINTY_ASSIGNED_CONTEXT((#2628))
GLOBAL_UNIT_ASSIGNED_CONTEXT((#2631,#2630,#2629))
REPRESENTATION_CONTEXT('Part 2','COMPONENT_PART')
);
#2627=UNCERTAINTY_MEASURE_WITH_UNIT(LENGTH_MEASURE(1.E-8),#2631,
'DISTANCE_ACCURACY_VALUE','Maximum Tolerance applied to model');
#2628=UNCERTAINTY_MEASURE_WITH_UNIT(LENGTH_MEASURE(1.E-8),#2631,
'DISTANCE_ACCURACY_VALUE','Maximum Tolerance applied to model');
#2629=(
NAMED_UNIT(*)
SI_UNIT($,.STERADIAN.)
SOLID_ANGLE_UNIT()
);
#2630=(
NAMED_UNIT(*)
PLANE_ANGLE_UNIT()
SI_UNIT($,.RADIAN.)
);
#2631=(
LENGTH_UNIT()
NAMED_UNIT(*)
SI_UNIT($,.METRE.)
);
#2632=PRODUCT_DEFINITION_SHAPE('','',#2635);
#2633=PRODUCT_DEFINITION_SHAPE('','',#2636);
#2634=PRODUCT_DEFINITION_SHAPE(' ','NAUO PRDDFN',#11);
#2635=PRODUCT_DEFINITION('','',#2639,#2637);
#2636=PRODUCT_DEFINITION('','',#2640,#2638);
#2637=PRODUCT_DEFINITION_CONTEXT('',#2650,'design');
#2638=PRODUCT_DEFINITION_CONTEXT('',#2650,'design');
#2639=PRODUCT_DEFINITION_FORMATION_WITH_SPECIFIED_SOURCE('','',#2643,
 .NOT_KNOWN.);
#2640=PRODUCT_DEFINITION_FORMATION_WITH_SPECIFIED_SOURCE('','',#2644,
 .NOT_KNOWN.);
#2641=PRODUCT_RELATED_PRODUCT_CATEGORY('','',(#2643));
#2642=PRODUCT_RELATED_PRODUCT_CATEGORY('','',(#2644));
#2643=PRODUCT('Top Part','Top Part','Top Part',(#2647));
#2644=PRODUCT('Part 2','Part 2','Part 2',(#2648));
#2645=PRODUCT_CATEGORY('','');
#2646=PRODUCT_CATEGORY('','');
#2647=PRODUCT_CONTEXT('',#2650,'mechanical');
#2648=PRODUCT_CONTEXT('',#2650,'mechanical');
#2649=APPLICATION_PROTOCOL_DEFINITION('international standard',
'ap242_managed_model_based_3d_engineering',2020,#2650);
#2650=APPLICATION_CONTEXT('managed model based 3d engineering');
ENDSEC;
END-ISO-10303-21;
